article_id,source_file,title_raw,label_original,label_name,label_id,target_value,split,title_clean,raw_char_len,clean_char_len,raw_token_len,clean_token_len,clean_is_empty,duplicate_raw_title,duplicate_clean_title
raw_data.xlsx::0,raw_data.xlsx,"""Trùm"" logistics Sotrans lên kế hoạch tăng gấp đôi lợi nhuận lên 214 tỷ đồng",3,positive,2,1.0,train,Trùm logistics Sotrans lên kế_hoạch tăng gấp đôi lợi_nhuận lên 214 tỷ đồng,76,74,15,13,False,False,False
raw_data.xlsx::1,raw_data.xlsx,"ĐHĐCĐ SSI: ""Khen ngợi CTCK thị phần số 1, nhưng không thỏa mãn với vị trí số 2""",2,neutral,1,0.0,train,ĐHĐCĐ SSI Khen_ngợi CTCK thị_phần số 1 nhưng không thoả_mãn với vị_trí số 2,79,75,18,14,False,False,False
raw_data.xlsx::2,raw_data.xlsx,Cổ phiếu nhóm Viettel giảm mạnh dù thị trường lên đỉnh,2,neutral,1,0.0,val,Cổ_phiếu nhóm Viettel giảm mạnh dù thị_trường lên đỉnh,54,54,11,9,False,False,False
raw_data.xlsx::3,raw_data.xlsx,"Cổ phiếu lên đỉnh, con gái chủ tịch Haxaco (HAX) đăng ký bán toàn bộ cổ phiếu",2,neutral,1,0.0,train,Cổ_phiếu lên đỉnh con gái chủ_tịch Haxaco_HAX đăng_ký bán toàn_bộ cổ_phiếu,77,74,17,11,False,False,False
raw_data.xlsx::4,raw_data.xlsx,"FPT: Cổ phiếu bứt phá 59%, lãi ròng 4 tháng đầu năm tăng 20% lên mức 1.245 tỷ đồng",3,positive,2,1.0,train,FPT Cổ_phiếu bứt_phá 59 lãi_ròng 4 tháng đầu năm tăng 20 lên mức 1 245 tỷ đồng,82,78,19,17,False,False,False
raw_data.xlsx::5,raw_data.xlsx,"Soi lợi nhuận quý 1 của các cổ phiếu ""hàng hiệu""",2,neutral,1,0.0,train,Soi lợi_nhuận quý 1 của các cổ_phiếu hàng_hiệu,48,46,11,8,False,False,False
raw_data.xlsx::6,raw_data.xlsx,"SP mua lại 49% cổ phần Skylar từ BCG Energy, xác định Việt Nam thị trường trọng điểm để đầu tư dự án năng lượng tái tạo",3,positive,2,1.0,train,SP mua lại 49 cổ_phần Skylar từ BCG Energy xác_định Việt_Nam thị_trường trọng_điểm để đầu_tư dự_án năng_lượng tái_tạo,119,117,27,18,False,False,False
raw_data.xlsx::7,raw_data.xlsx,DIC Corp (DIG) dự kiến phát hành gần 60 triệu cổ phiếu trả cổ tức năm 2020,3,positive,2,1.0,train,DIC Corp_DIG dự_kiến phát_hành gần 60 triệu cổ_phiếu trả cổ_tức năm 2020,74,72,17,12,False,False,False
raw_data.xlsx::8,raw_data.xlsx,"Sự vực dậy sau hàng thập kỷ của những thương hiệu ""vang bóng một thời""",3,positive,2,1.0,train,Sự vực dậy sau hàng thập_kỷ của những thương_hiệu vang bóng một thời,70,68,15,13,False,False,False
raw_data.xlsx::9,raw_data.xlsx,8 sai lầm kể cả nhà đầu tư chứng khoán lâu năm cũng mắc phải,2,neutral,1,0.0,train,8 sai_lầm kể_cả nhà_đầu_tư chứng_khoán lâu năm cũng mắc phải,60,60,15,10,False,False,False
raw_data.xlsx::10,raw_data.xlsx,"Chủ tịch khẳng định “Ai bỏ KBC sau này ôm hận”, vì đâu Dragon Capital vẫn mạnh tay chốt lãi?",2,neutral,1,0.0,train,Chủ_tịch khẳng_định Ai bỏ KBC sau_này ôm hận vì đâu Dragon_Capital vẫn mạnh_tay chốt lãi,92,88,20,15,False,False,False
raw_data.xlsx::11,raw_data.xlsx,Tiếp tục kéo dài thời hạn giảm giá dịch vụ chứng khoán đến hết năm 2021,3,positive,2,1.0,train,Tiếp_tục kéo_dài thời_hạn giảm_giá dịch_vụ chứng_khoán đến hết năm 2021,71,71,16,10,False,False,False
raw_data.xlsx::12,raw_data.xlsx,Nghe theo khuyến nghị mua cổ phiếu “tốt” vì sao vẫn thua lỗ nặng giữa uptrend?,2,neutral,1,0.0,train,Nghe theo khuyến_nghị mua cổ_phiếu tốt vì sao vẫn thua_lỗ nặng giữa uptrend,78,75,16,13,False,False,False
raw_data.xlsx::13,raw_data.xlsx,"Phiên 21/5: Khối ngoại tiếp tục bán ròng hơn 175 tỷ đồng, tập trung bán HPG",1,negative,0,-1.0,train,Phiên 21 5 Khối ngoại_tiếp tục bán ròng hơn 175 tỷ đồng tập_trung bán HPG,75,73,16,15,False,False,False
raw_data.xlsx::14,raw_data.xlsx,"BID trần, PLX tăng mạnh cuối phiên, VnIndex lên ngưỡng 1.284 điểm",3,positive,2,1.0,train,BID trần PLX tăng mạnh cuối phiên VnIndex lên ngưỡng 1 284 điểm,65,63,12,13,False,False,False
raw_data.xlsx::15,raw_data.xlsx,Vinamilk chuẩn bị chi 2.300 tỷ đồng trả cổ tức cho cổ đông,3,positive,2,1.0,train,Vinamilk chuẩn_bị chi 2 300 tỷ đồng trả cổ_tức cho cổ_đông,58,58,13,11,False,False,False
raw_data.xlsx::16,raw_data.xlsx,"Gilimex (GIL) bất ngờ trình phương án chào bán riêng lẻ 16,8 triệu cổ phiếu với giá 35.000 đồng/cp, bằng nửa giá thị trường",1,negative,0,-1.0,test,Gilimex_GIL bất_ngờ trình phương_án chào_bán riêng_lẻ 16 8 triệu cổ_phiếu với giá 35 000 đồng cp bằng nửa giá thị_trường,123,120,24,20,False,False,False
raw_data.xlsx::17,raw_data.xlsx,"Thanh khoản thị trường tăng mạnh, HoSE báo lãi kỷ lục 553 tỷ đồng trong năm 2020",3,positive,2,1.0,train,Thanh khoản thị_trường tăng mạnh HoSE báo lãi kỷ_lục 553 tỷ đồng trong năm 2020,80,79,17,15,False,False,False
raw_data.xlsx::18,raw_data.xlsx,Giấy Việt Trì (GVT) chốt danh sách cổ đông trả cổ tức bằng tiền tỷ lệ 35%,3,positive,2,1.0,train,Giấy_Việt_Trì_GVT chốt danh_sách cổ_đông trả cổ_tức bằng tiền tỷ_lệ 35,73,70,17,10,False,False,False
raw_data.xlsx::19,raw_data.xlsx,"Dược phẩm Imexpharm (IMP): Lợi nhuận quý 1/2021 đạt 42 tỷ đồng, chuẩn bị chia cổ tức bằng tiền tỷ lệ 15%",3,positive,2,1.0,train,Dược_phẩm Imexpharm_IMP_Lợi nhuận quý 1 2021 đạt 42 tỷ đồng chuẩn_bị chia cổ_tức bằng tiền tỷ_lệ 15,104,99,22,17,False,False,False
raw_data.xlsx::20,raw_data.xlsx,"Becamex IDC (BCM): Liên tiếp huy động 3.500 tỷ đồng trái phiếu, một phần sẽ dùng ""đảo"" nợ gốc lãi tại ngân hàng",1,negative,0,-1.0,train,Becamex_IDC_BCM_Liên tiếp huy_động 3 500 tỷ đồng trái_phiếu một phần sẽ dùng đảo_nợ gốc lãi tại ngân_hàng,111,105,23,17,False,False,False
raw_data.xlsx::21,raw_data.xlsx,"VC1, TID, DDV, TIX, CVT, AGG, GMD, DBT, ILA: Thông tin giao dịch lượng lớn cổ phiếu",2,neutral,1,0.0,train,VC1 TID DDV TIX CVT AGG GMD DBT ILA Thông_tin giao_dịch lượng lớn cổ_phiếu,83,74,17,14,False,False,False
raw_data.xlsx::22,raw_data.xlsx,"Vĩnh Hoàn (VHC): Doanh thu tháng 4/2021 đạt 800 tỷ đồng, các thị trường xuất khẩu đồng loạt tăng tốt",3,positive,2,1.0,val,Vĩnh_Hoàn_VHC_Doanh thu tháng 4 2021 đạt 800 tỷ đồng các thị_trường xuất_khẩu đồng_loạt tăng tốt,100,96,20,15,False,False,False
raw_data.xlsx::23,raw_data.xlsx,Lịch sự kiện và tin vắn chứng khoán ngày 21/5,2,neutral,1,0.0,train,Lịch_sự kiện và tin_vắn chứng_khoán ngày 21 5,45,45,10,8,False,False,False
raw_data.xlsx::24,raw_data.xlsx,Chứng khoán Bản Việt (VCI) chuẩn bị phát hành cổ phiếu thưởng tỷ lệ 1:1,3,positive,2,1.0,val,Chứng_khoán Bản Việt_VCI chuẩn_bị phát_hành cổ_phiếu thưởng tỷ_lệ 1 1,71,69,15,10,False,False,False
raw_data.xlsx::25,raw_data.xlsx,"Đầu tư Thành Thành Công đăng ký bán toàn bộ 54,5 triệu cổ phiếu Tổng công ty Tín Nghĩa (TID)",1,negative,0,-1.0,train,Đầu_tư Thành Thành_Công đăng_ký bán toàn_bộ 54 5 triệu cổ_phiếu Tổng_công_ty Tín_Nghĩa TID,92,90,20,13,False,False,False
raw_data.xlsx::26,raw_data.xlsx,"Cổ phiếu của công ty cung cấp sơn cho Hòa Phát, Hoa Sen tăng gần gấp đôi từ đầu năm",3,positive,2,1.0,train,Cổ_phiếu của công_ty cung_cấp sơn cho Hoà_Phát_Hoa_Sen tăng gần gấp đôi từ đầu năm,83,82,20,14,False,False,False
raw_data.xlsx::27,raw_data.xlsx,"VNM ETF sẽ thêm mới PDR, VCI, APH và HSG trong kỳ review quý 2?",2,neutral,1,0.0,train,VNM ETF sẽ thêm mới PDR VCI APH và HSG trong kỳ review quý 2,63,60,15,15,False,False,False
raw_data.xlsx::28,raw_data.xlsx,"VCBS Mobile: Trải nghiệm mới, thông minh và tiện lợi hơn trong giao dịch chứng khoán",3,positive,2,1.0,train,VCBS Mobile_Trải nghiệm mới thông_minh và tiện_lợi hơn trong giao_dịch chứng_khoán,84,82,16,11,False,False,False
raw_data.xlsx::29,raw_data.xlsx,"Mặc cho chỉ số Vndiamond tăng gần 3%, chứng chỉ Diamond ETF chỉ tăng vỏn vẹn 0,6% trong phiên 20/5",3,positive,2,1.0,test,Mặc cho chỉ_số Vndiamond tăng gần 3 chứng_chỉ Diamond_ETF chỉ tăng vỏn_vẹn 0 6 trong phiên 20 5,98,95,20,18,False,False,False
raw_data.xlsx::30,raw_data.xlsx,"VN30-Index vượt 1.400 điểm và bỏ xa VN-Index, tuy nhiên rủi ro dần tăng lên?",2,neutral,1,0.0,train,VN30 Index vượt 1 400 điểm và bỏ xa VN Index tuy_nhiên rủi_ro dần tăng lên,76,74,15,16,False,False,False
raw_data.xlsx::31,raw_data.xlsx,"Thị trường tăng mạnh, khối ngoại vẫn bán ròng hơn 500 tỷ đồng trong phiên 20/5",1,negative,0,-1.0,train,Thị_trường tăng mạnh khối ngoại vẫn bán ròng hơn 500 tỷ đồng trong phiên 20 5,78,77,16,16,False,False,False
raw_data.xlsx::32,raw_data.xlsx,SSI trở thành công ty chứng khoán đầu tiên vốn hóa 1 tỷ USD,3,positive,2,1.0,train,SSI trở_thành công_ty chứng_khoán đầu_tiên vốn hoá 1 tỷ USD,59,59,14,10,False,False,False
raw_data.xlsx::33,raw_data.xlsx,"Thị trường thăng hoa, nhiều cổ phiếu “tỷ đô” vẫn ngược dòng giảm trong 5 tháng đầu năm",1,negative,0,-1.0,train,Thị_trường thăng_hoa nhiều cổ_phiếu tỷ đô vẫn ngược dòng giảm trong 5 tháng đầu năm,86,83,18,15,False,False,False
raw_data.xlsx::34,raw_data.xlsx,"Cổ phiếu lao dốc không phanh, cổ đông muốn được ""bảo vệ"", Chủ tịch Coteccons nhắn nhủ: Kiên nhẫn sẽ hái quả ngọt!",1,negative,0,-1.0,train,Cổ_phiếu lao dốc không phanh cổ_đông muốn được bảo_vệ Chủ_tịch Coteccons nhắn_nhủ Kiên_nhẫn sẽ hái quả ngọt,113,107,23,17,False,False,False
raw_data.xlsx::35,raw_data.xlsx,"“Kéo” mạnh Bluechips trong phiên chiều, VN-Index bứt phá gần 16 điểm trong ngày đáo hạn phái sinh tháng 5",3,positive,2,1.0,train,Kéo mạnh Bluechips trong phiên chiều VN Index bứt_phá gần 16 điểm trong ngày đáo_hạn phái_sinh tháng 5,105,102,20,18,False,False,False
raw_data.xlsx::36,raw_data.xlsx,"Masan sẽ xem xét niêm yết The CrownX sau khi tích hợp kinh doanh giữa mảng tiêu dùng, chế biến thịt với hệ thống VinCommerce đạt kỳ vọng",2,neutral,1,0.0,test,Masan sẽ xem_xét niêm_yết The_CrownX sau khi tích_hợp kinh_doanh giữa mảng tiêu_dùng chế_biến thịt với hệ_thống VinCommerce đạt kỳ_vọng,136,135,28,19,False,False,False
raw_data.xlsx::37,raw_data.xlsx,"PNJ tăng hơn 95% lãi ròng sau 4 tháng lên mức 598 tỷ đồng, bán sỉ vàng miếng tăng trưởng mạnh đến 70%",3,positive,2,1.0,test,PNJ tăng hơn 95 lãi_ròng sau 4 tháng lên mức 598 tỷ đồng bán_sỉ vàng miếng tăng_trưởng mạnh đến 70,101,98,23,20,False,False,False
raw_data.xlsx::38,raw_data.xlsx,Lịch chốt quyền nhận cổ tức bằng tiền của 12 doanh nghiệp,3,positive,2,1.0,train,Lịch chốt quyền nhận cổ_tức bằng tiền của 12 doanh_nghiệp,57,57,12,10,False,False,False
raw_data.xlsx::39,raw_data.xlsx,"Tăng trần 11 phiên, Nguyễn Kim đăng ký bán 9 triệu cổ phần Angimex (AGM)",1,negative,0,-1.0,train,Tăng trần 11 phiên Nguyễn_Kim đăng_ký bán 9 triệu cổ_phần Angimex_AGM,72,69,15,11,False,False,False
raw_data.xlsx::40,raw_data.xlsx,Lịch sự kiện và tin vắn chứng khoán ngày 20/5,2,neutral,1,0.0,train,Lịch_sự kiện và tin_vắn chứng_khoán ngày 20 5,45,45,10,8,False,False,False
raw_data.xlsx::41,raw_data.xlsx,Tổng công ty thăm dò khai thác dầu khí (PVEP) đạt 8.800 tỷ doanh thu sau 4 tháng,3,positive,2,1.0,train,Tổng_công_ty thăm_dò khai_thác dầu_khí PVEP đạt 8 800 tỷ doanh_thu sau 4 tháng,80,78,18,13,False,False,False
raw_data.xlsx::42,raw_data.xlsx,"Kinh Bắc City (KBC) tiếp tục ""hút"" 1.000 tỷ trái phiếu trong quý 2/2021",3,positive,2,1.0,train,Kinh_Bắc_City_KBC tiếp_tục hút 1 000 tỷ trái_phiếu trong quý 2 2021,71,67,14,11,False,False,False
raw_data.xlsx::43,raw_data.xlsx,"Camimex (CMX) chào bán 30 triệu cổ phiếu cho cổ đông hiện hữu, tăng vốn điều lệ gấp đôi",3,positive,2,1.0,test,Camimex_CMX chào_bán 30 triệu cổ_phiếu cho cổ_đông hiện_hữu tăng vốn_điều_lệ gấp đôi,87,84,19,12,False,False,False
raw_data.xlsx::44,raw_data.xlsx,Petrolimex (PLX) dự chi gần 1.500 tỷ đồng trả cổ tức cho cổ đông,3,positive,2,1.0,train,Petrolimex_PLX dự_chi gần 1 500 tỷ đồng trả cổ_tức cho cổ_đông,64,62,14,11,False,False,False
raw_data.xlsx::45,raw_data.xlsx,"DBC, EVG, DXG, AGM, ST8, HAX, TIX, BKG, VC7, SD2, KSD, AAT, SVD, AMS, ANT, BSG, HCI, HVA: Thông tin giao dịch lượng lớn cổ phiếu",2,neutral,1,0.0,train,DBC EVG DXG AGM ST8 HAX TIX BKG VC7 SD2 KSD AAT SVD AMS ANT BSG HCI HVA Thông_tin giao_dịch lượng lớn cổ_phiếu,128,110,26,23,False,False,False
raw_data.xlsx::46,raw_data.xlsx,"VDSC: Hàng tồn tích luỹ mạnh, Thép Nam Kim (NKG) có thể đạt đỉnh lợi nhuận trong quý 2/2021",3,positive,2,1.0,train,VDSC Hàng tồn tích_luỹ mạnh Thép_Nam_Kim_NKG có_thể đạt đỉnh lợi_nhuận trong quý 2 2021,91,87,19,14,False,False,False
raw_data.xlsx::47,raw_data.xlsx,Khẩu vị quỹ tỷ đô Dragon Capital đang thay đổi như thế nào?,2,neutral,1,0.0,train,Khẩu_vị quỹ tỷ đô Dragon_Capital đang thay_đổi như_thế_nào,59,58,13,8,False,False,False
raw_data.xlsx::48,raw_data.xlsx,"Chứng khoán Tân Việt (TVSI) lên phương án phát hành tăng vốn cho cổ đông, nâng vốn điều lệ lên 2.700 tỷ đồng",3,positive,2,1.0,train,Chứng_khoán Tân_Việt_TVSI lên phương_án phát_hành tăng vốn cho cổ_đông nâng vốn_điều_lệ lên 2 700 tỷ đồng,108,105,23,16,False,False,False
raw_data.xlsx::49,raw_data.xlsx,"Trong khi VN-Index vẫn “loay hoay”, VN30 Index đã vượt 1.400 điểm, xác lập đỉnh cao mới",3,positive,2,1.0,train,Trong khi VN Index vẫn loay_hoay VN30 Index đã vượt 1 400 điểm xác_lập đỉnh_cao mới,87,83,17,16,False,False,False
raw_data.xlsx::50,raw_data.xlsx,Xây dựng Hoà Bình (HBC): Vừa trúng thầu trị giá 2.100 tỷ đồng dự án của Ecopark và Sun Group,3,positive,2,1.0,train,Xây_dựng Hoà_Bình HBC Vừa trúng_thầu trị_giá 2 100 tỷ đồng dự_án của Ecopark và Sun_Group,92,89,20,15,False,False,False
raw_data.xlsx::51,raw_data.xlsx,THACO bị hủy công ty đại chúng theo quy định của Luật Chứng khoán mới,1,negative,0,-1.0,train,THACO bị huỷ công_ty đại_chúng theo quy_định của Luật Chứng_khoán mới,69,69,15,11,False,False,False
raw_data.xlsx::52,raw_data.xlsx,"Thị trường tăng mạnh, khối ngoại vẫn bán ròng hơn 250 tỷ đồng trong phiên 19/5",1,negative,0,-1.0,train,Thị_trường tăng mạnh khối ngoại vẫn bán ròng hơn 250 tỷ đồng trong phiên 19 5,78,77,16,16,False,False,False
raw_data.xlsx::53,raw_data.xlsx,"VCI, PDR và HSG sẽ lọt rổ ETFs trong kỳ review tháng 6?",2,neutral,1,0.0,train,VCI PDR và HSG sẽ lọt rổ ETFs trong kỳ review tháng 6,55,53,13,13,False,False,False
raw_data.xlsx::54,raw_data.xlsx,"VN30-Index vượt ngưỡng 1.400 điểm, hàng loạt cổ phiếu bluechips tăng nóng",3,positive,2,1.0,train,VN30 Index vượt ngưỡng 1 400 điểm hàng_loạt cổ_phiếu bluechips tăng nóng,73,72,12,12,False,False,False
raw_data.xlsx::55,raw_data.xlsx,"An Phát Holding (APH) vừa mua thêm 32,2 triệu cổ phiếu AAA của Nhựa An Phát Xanh",3,positive,2,1.0,train,An_Phát_Holding_APH vừa mua thêm 32 2 triệu cổ_phiếu AAA của Nhựa_An_Phát_Xanh,80,78,17,11,False,False,False
raw_data.xlsx::56,raw_data.xlsx,Vinare (VNR) triển khai phương án phát hành 19 triệu cổ phiếu thưởng,3,positive,2,1.0,train,Vinare_VNR triển_khai phương_án phát_hành 19 triệu cổ_phiếu thưởng,68,66,13,8,False,False,False
raw_data.xlsx::57,raw_data.xlsx,M&A đang dần “trỗi dậy”,3,positive,2,1.0,train,M A đang dần trỗi dậy,23,21,5,6,False,False,False
raw_data.xlsx::58,raw_data.xlsx,Nhiệt điện Hải Phòng (HND) chi tiếp 360 tỷ đồng trả cổ tức đợt 3/2020,3,positive,2,1.0,train,Nhiệt_điện Hải_Phòng HND chi tiếp 360 tỷ đồng trả cổ_tức đợt 3 2020,69,67,15,13,False,False,False
raw_data.xlsx::59,raw_data.xlsx,KIS tăng vốn thông qua chào bán cổ phần cho cổ đông năm 2021,3,positive,2,1.0,train,KIS tăng vốn thông_qua chào_bán cổ_phần cho cổ_đông năm 2021,60,60,14,10,False,False,False
raw_data.xlsx::60,raw_data.xlsx,"Chứng khoán thăng hoa, ít nhất 100 người đã sở hữu lượng cổ phiếu trên 1.000 tỷ đồng: Tập trung chủ yếu vào VPB, TCB và Hòa Phát",3,positive,2,1.0,val,Chứng_khoán thăng_hoa ít_nhất 100 người đã sở_hữu lượng cổ_phiếu trên 1 000 tỷ đồng Tập_trung chủ_yếu vào VPB TCB và Hoà_Phát,128,125,28,21,False,False,False
raw_data.xlsx::61,raw_data.xlsx,DIC Corp (DIG) triển khai phương án chào bán riêng lẻ 75 triệu cổ phiếu,1,negative,0,-1.0,train,DIC Corp_DIG triển_khai phương_án chào_bán riêng_lẻ 75 triệu cổ_phiếu,71,69,15,9,False,False,False
raw_data.xlsx::62,raw_data.xlsx,Với 200 triệu đồng có nên đầu tư chứng khoán?,2,neutral,1,0.0,train,Với 200 triệu đồng có nên đầu_tư chứng_khoán,45,44,10,8,False,False,False
raw_data.xlsx::63,raw_data.xlsx,Khang Điền thông qua phương án phát hành 56 triệu cổ phiếu trả cổ tức,3,positive,2,1.0,val,Khang_Điền thông_qua phương_án phát_hành 56 triệu cổ_phiếu trả cổ_tức,69,69,15,9,False,False,False
raw_data.xlsx::64,raw_data.xlsx,"Tư duy đầu tư của ""Hoa hậu chứng khoán"" Mai Phương Thúy: Nếu mất ngủ vì 10 triệu đồng thì làm sao kiếm được 20 triệu!",2,neutral,1,0.0,train,Tư_duy đầu_tư của Hoa_hậu chứng_khoán Mai_Phương_Thuý_Nếu mất_ngủ vì 10 triệu đồng thì làm_sao kiếm được 20 triệu,117,113,26,17,False,False,False
raw_data.xlsx::65,raw_data.xlsx,"Petrolimex (PLX): Đại gia xăng dầu Nhật ENEOS Corporation tiếp tục mua 25 triệu cổ phiếu, sắp trở thành cổ đông lớn",3,positive,2,1.0,test,Petrolimex_PLX_Đại_gia xăng_dầu Nhật_ENEOS_Corporation tiếp_tục mua 25 triệu cổ_phiếu sắp trở_thành cổ_đông lớn,115,111,22,12,False,False,False
raw_data.xlsx::66,raw_data.xlsx,Lịch chốt quyền nhận cổ tức bằng tiền của 13 doanh nghiệp,3,positive,2,1.0,train,Lịch chốt quyền nhận cổ_tức bằng tiền của 13 doanh_nghiệp,57,57,12,10,False,False,False
raw_data.xlsx::67,raw_data.xlsx,"IDC, IDJ, HCM, PLX, MIG, TLH, BNA, BSC, SVD, BII, TGG, VC7, VCC, AAV, VRG, HHV, SDP, TIX, VPR, XMC: Thông tin giao dịch lượng lớn cổ phiếu",2,neutral,1,0.0,train,IDC IDJ HCM PLX MIG TLH BNA BSC SVD BII TGG VC7 VCC AAV VRG HHV SDP TIX VPR XMC Thông_tin giao_dịch lượng lớn cổ_phiếu,138,118,28,25,False,False,False
raw_data.xlsx::68,raw_data.xlsx,Vinamilk (VNM): Giám đốc điều hành Marketing Phan Minh Tiên từ nhiệm,1,negative,0,-1.0,train,Vinamilk_VNM_Giám đốc điều_hành Marketing_Phan_Minh_Tiên từ_nhiệm,68,65,12,5,False,False,False
raw_data.xlsx::69,raw_data.xlsx,"Coteccons (CTD): Liên tục giảm, cổ phiếu đã ""phá đáy"" tháng 10/2020",1,negative,0,-1.0,train,Coteccons_CTD_Liên tục giảm cổ_phiếu đã phá đáy tháng 10 2020,67,61,12,10,False,False,False
raw_data.xlsx::70,raw_data.xlsx,Những doanh nghiệp lãi bùng nổ ngay trong quý 1,3,positive,2,1.0,train,Những doanh_nghiệp lãi bùng_nổ ngay trong quý 1,47,47,10,8,False,False,False
raw_data.xlsx::71,raw_data.xlsx,Lịch sự kiện và tin vắn chứng khoán ngày 19/5,2,neutral,1,0.0,train,Lịch_sự kiện và tin_vắn chứng_khoán ngày 19 5,45,45,10,8,False,False,False
raw_data.xlsx::72,raw_data.xlsx,"Hủy đăng ký công ty đại chúng, Ô tô Trường Hải (Thaco) sẽ không còn công khai các số liệu tài chính",1,negative,0,-1.0,train,Huỷ đăng_ký công_ty đại_chúng Ô_tô Trường Hải_Thaco sẽ không còn công_khai các số_liệu tài_chính,99,96,22,14,False,False,False
raw_data.xlsx::73,raw_data.xlsx,"Sau Dragon Capital, đến lượt VinaCapital muốn thoái vốn khỏi KDH",1,negative,0,-1.0,test,Sau Dragon_Capital đến lượt VinaCapital muốn thoái vốn khỏi KDH,64,63,11,10,False,False,False
raw_data.xlsx::74,raw_data.xlsx,Khối ngoại tiếp tục bán ròng gần 630 tỷ đồng trong phiên 18/5,1,negative,0,-1.0,train,Khối ngoại_tiếp tục bán ròng gần 630 tỷ đồng trong phiên 18 5,61,61,13,13,False,False,False
raw_data.xlsx::75,raw_data.xlsx,"Bứt phá mạnh trong quý 1, đà tăng trưởng của Traphaco liệu còn tiếp diễn?",2,neutral,1,0.0,train,Bứt_phá mạnh trong quý 1 đà tăng_trưởng của Traphaco liệu còn tiếp_diễn,73,71,15,12,False,False,False
raw_data.xlsx::76,raw_data.xlsx,Thuduc House (TDH): Khoản phải tạm nộp 396 tỷ đồng truy thu thuế vẫn đang đánh giá và sẽ điều chỉnh khi có quyết định sau cùng,2,neutral,1,0.0,train,Thuduc_House_TDH_Khoản phải tạm nộp 396 tỷ đồng truy_thu thuế vẫn đang đánh_giá và sẽ điều_chỉnh khi có quyết_định sau_cùng,126,123,27,19,False,False,False
raw_data.xlsx::77,raw_data.xlsx,Giải pháp tiết kiệm chi phí tối ưu cho nhà đầu tư giao dịch chứng khoán chủ động,2,neutral,1,0.0,train,Giải_pháp tiết_kiệm chi_phí tối_ưu cho nhà_đầu_tư giao_dịch chứng_khoán chủ_động,80,80,18,9,False,False,False
raw_data.xlsx::78,raw_data.xlsx,"Áp lực điều chỉnh gia tăng, VN-Index về sát mốc 1.250 điểm",1,negative,0,-1.0,train,Áp_lực điều_chỉnh gia_tăng VN Index về sát mốc 1 250 điểm,58,57,12,11,False,False,False
raw_data.xlsx::79,raw_data.xlsx,"Alibaba và Baring đầu tư 400 triệu USD vào The CrownX của Masan, định giá 7,3 tỷ USD",3,positive,2,1.0,train,Alibaba và Baring đầu_tư 400 triệu USD vào The_CrownX của Masan định_giá 7 3 tỷ USD,84,83,18,16,False,False,False
raw_data.xlsx::80,raw_data.xlsx,"Loạt cổ phiếu tăng mạnh, có những cổ phiếu tăng gấp 6 lần chỉ trong vòng 1 tháng",3,positive,2,1.0,train,Loạt cổ_phiếu tăng mạnh có những cổ_phiếu tăng gấp 6 lần chỉ trong vòng 1 tháng,80,79,18,16,False,False,False
raw_data.xlsx::81,raw_data.xlsx,"CC1 giảm mạnh, Công ty Tuấn Lộc vẫn quyết đăng ký bán hết gần 21 triệu cổ phiếu",1,negative,0,-1.0,train,CC1 giảm mạnh Công_ty Tuấn_Lộc vẫn quyết đăng_ký bán hết gần 21 triệu cổ_phiếu,79,78,18,14,False,False,False
raw_data.xlsx::82,raw_data.xlsx,Gelex (GEX) tiếp tục thông qua việc huy động thêm 300 tỷ trái phiếu trong năm 2021,1,negative,0,-1.0,train,Gelex_GEX tiếp_tục thông_qua việc huy_động thêm 300 tỷ trái_phiếu trong năm 2021,82,80,17,12,False,False,False
raw_data.xlsx::83,raw_data.xlsx,Cao su Đồng Phú (DPR) đưa gần 3 triệu cổ phiếu quỹ ra bán,1,negative,0,-1.0,train,Cao_su Đồng_Phú_DPR đưa gần 3 triệu cổ_phiếu quỹ ra bán,57,55,14,10,False,False,False
raw_data.xlsx::84,raw_data.xlsx,FPT chốt danh sách cổ đông phát hành 118 triệu cổ phiếu trả cổ tức,3,positive,2,1.0,train,FPT chốt danh_sách cổ_đông phát_hành 118 triệu cổ_phiếu trả cổ_tức,66,66,15,10,False,False,False
raw_data.xlsx::85,raw_data.xlsx,Lịch sự kiện và tin vắn chứng khoán ngày 18/5,2,neutral,1,0.0,test,Lịch_sự kiện và tin_vắn chứng_khoán ngày 18 5,45,45,10,8,False,False,False
raw_data.xlsx::86,raw_data.xlsx,Lịch chốt quyền nhận cổ tức bằng tiền của 15 doanh nghiệp,3,positive,2,1.0,val,Lịch chốt quyền nhận cổ_tức bằng tiền của 15 doanh_nghiệp,57,57,12,10,False,True,True
raw_data.xlsx::87,raw_data.xlsx,"Lãnh đạo đẩy mạnh ""gom"", cổ phiếu Cotana (CSC) lên đỉnh lịch sử",3,positive,2,1.0,train,Lãnh_đạo đẩy_mạnh gom cổ_phiếu Cotana_CSC lên đỉnh lịch_sử,63,58,13,8,False,False,False
raw_data.xlsx::88,raw_data.xlsx,"Thị trường sôi động, công ty chứng khoán đẩy mạnh huy động hàng nghìn tỷ đồng từ trái phiếu để đáp ứng nhu cầu giới đầu tư",3,positive,2,1.0,train,Thị_trường sôi_động công_ty chứng_khoán đẩy_mạnh huy_động hàng nghìn tỷ đồng từ trái_phiếu để đáp_ứng nhu_cầu giới đầu_tư,122,121,27,17,False,False,False
raw_data.xlsx::89,raw_data.xlsx,"HPG, VIC, VIB, AAA, CC1, KDH, AAV, BII, SD2: Thông tin giao dịch lượng lớn cổ phiếu",2,neutral,1,0.0,train,HPG VIC VIB AAA CC1 KDH AAV BII SD2 Thông_tin giao_dịch lượng lớn cổ_phiếu,83,74,17,14,False,False,False
raw_data.xlsx::90,raw_data.xlsx,Masan Group (MSN) nâng room ngoại lên 100%,3,positive,2,1.0,train,Masan_Group_MSN nâng room ngoại lên 100,42,39,8,6,False,False,False
raw_data.xlsx::91,raw_data.xlsx,Vinaconex quyết định dùng hơn 36 triệu cổ phiếu quỹ chia thưởng cho cổ đông,3,positive,2,1.0,test,Vinaconex quyết_định dùng hơn 36 triệu cổ_phiếu quỹ chia thưởng cho cổ_đông,75,75,15,12,False,False,False
raw_data.xlsx::92,raw_data.xlsx,Khối ngoại tiếp tục bán ròng gần 1.100 tỷ đồng trong phiên 17/5,1,negative,0,-1.0,val,Khối ngoại_tiếp tục bán ròng gần 1 100 tỷ đồng trong phiên 17 5,63,63,13,14,False,False,False
raw_data.xlsx::93,raw_data.xlsx,Bao bì Nhựa Tân Tiến (TTP) chốt quyền trả cổ tức bằng tiền tỷ lệ 15%,3,positive,2,1.0,train,Bao_bì Nhựa_Tân_Tiến_TTP chốt quyền trả cổ_tức bằng tiền tỷ_lệ 15,68,65,16,10,False,False,False
raw_data.xlsx::94,raw_data.xlsx,"VnIndex lùi về dưới 1.260 điểm, nhiều cổ phiếu chịu áp lực bán mạnh",1,negative,0,-1.0,val,VnIndex lùi về dưới 1 260 điểm nhiều cổ_phiếu chịu áp_lực bán mạnh,67,66,14,13,False,False,False
raw_data.xlsx::95,raw_data.xlsx,"Một cổ phiếu ngành thép đã tăng trần 17 phiên liên tiếp, gấp 6 lần trong vòng 1 tháng",3,positive,2,1.0,train,Một cổ_phiếu ngành thép đã tăng trần 17 phiên liên_tiếp gấp 6 lần trong vòng 1 tháng,85,84,19,17,False,False,False
raw_data.xlsx::96,raw_data.xlsx,Cổ phiếu vaccine duy nhất trên sàn chứng khoán đột ngột tăng gấp 5 lần trong 1 tháng,3,positive,2,1.0,train,Cổ_phiếu vaccine duy_nhất trên sàn chứng_khoán đột_ngột tăng gấp 5 lần trong 1 tháng,84,84,18,14,False,False,False
raw_data.xlsx::97,raw_data.xlsx,"Hoà Phát chốt quyền trả cổ tức 2020: Gia đình ông Trần Đình Long chuẩn bị nhận 577 tỷ đồng tiền mặt và hơn 404,7 triệu cổ phiếu HPG",3,positive,2,1.0,train,Hoà_Phát chốt quyền trả cổ_tức 2020 Gia_đình ông Trần_Đình_Long chuẩn_bị nhận 577 tỷ đồng_tiền_mặt và hơn 404 7 triệu cổ_phiếu HPG,131,130,29,21,False,False,False
raw_data.xlsx::98,raw_data.xlsx,"Phú Tài (PTB) chốt danh sách cổ đông trả cổ tức tỷ lệ 25,5%",3,positive,2,1.0,train,Phú_Tài_PTB chốt danh_sách cổ_đông trả cổ_tức tỷ_lệ 25 5,59,56,14,9,False,False,False
raw_data.xlsx::99,raw_data.xlsx,Becamex lên kế hoạch huy động 1.500 tỷ đồng trái phiếu,1,negative,0,-1.0,train,Becamex lên kế_hoạch huy_động 1 500 tỷ đồng trái_phiếu,54,54,11,9,False,False,False
raw_data.xlsx::100,raw_data.xlsx,"Cổ phiếu bóng đèn Rạng Đông (RAL) bứt phá lên 245.000 đồng, cao nhất sàn chứng khoán sau thông tin đầu tư vào nhà máy công nghệ cao tại Hòa Lạc",3,positive,2,1.0,train,Cổ_phiếu bóng_đèn Rạng_Đông RAL bứt_phá lên 245 000 đồng cao nhất sàn chứng_khoán sau thông_tin đầu_tư vào nhà_máy công_nghệ_cao tại Hoà_Lạc,143,140,31,21,False,False,False
raw_data.xlsx::101,raw_data.xlsx,FTSE Vietnam ETF và VNM ETF sẽ thêm mới HSG và PDR trong kỳ cơ cấu tháng 6?,2,neutral,1,0.0,train,FTSE Vietnam_ETF và VNM ETF sẽ thêm mới HSG và PDR trong kỳ cơ_cấu tháng 6,75,74,18,16,False,False,False
raw_data.xlsx::102,raw_data.xlsx,"VCSC: Biên lãi doanh nghiệp thép nửa cuối năm sẽ giảm mạnh từ mức rất cao, riêng Hòa Phát vẫn hưởng lợi từ tăng trưởng ngành xây dựng",2,neutral,1,0.0,train,VCSC Biên lãi doanh_nghiệp thép nửa cuối năm sẽ giảm mạnh từ mức rất cao riêng Hoà_Phát vẫn hưởng lợi từ tăng_trưởng ngành xây_dựng,133,131,28,24,False,False,False
raw_data.xlsx::103,raw_data.xlsx,Xuất hiện môi giới số YSuri phục vụ NĐT 24/7,2,neutral,1,0.0,train,Xuất_hiện môi_giới số YSuri phục_vụ NĐT 24 7,44,44,10,8,False,False,False
raw_data.xlsx::104,raw_data.xlsx,"Chứng khoán tuần 17-21/5: Câu chuyện lạm phát dần “ấm” lên, triển vọng cổ phiếu thép vẫn tích cực",2,neutral,1,0.0,train,Chứng_khoán tuần 17 21 5 Câu_chuyện lạm_phát dần ấm lên triển_vọng cổ_phiếu thép vẫn tích_cực,97,93,19,15,False,False,False
raw_data.xlsx::105,raw_data.xlsx,"Viglacera Tiên Sơn (VIT) trả cổ tức bằng tiền tỷ lệ 18%, sẽ chào bán hơn 30 triệu cổ phiếu tăng vốn điều lệ",3,positive,2,1.0,train,Viglacera_Tiên_Sơn_VIT trả cổ_tức bằng tiền tỷ_lệ 18 sẽ chào_bán hơn 30 triệu cổ_phiếu tăng vốn_điều_lệ,107,103,24,15,False,False,False
raw_data.xlsx::106,raw_data.xlsx,ĐHĐCĐ Bamboo Capital: Ghi nhận nhiều dự án BĐS nhưng các dự án điện gió chưa sẵn sàng phát điện trước 31/10/2021,2,neutral,1,0.0,train,ĐHĐCĐ Bamboo_Capital_Ghi nhận nhiều dự_án BĐS nhưng các dự_án điện gió chưa sẵn_sàng phát_điện trước 31 10 2021,112,111,22,18,False,False,False
raw_data.xlsx::107,raw_data.xlsx,Chăn nuôi Mitraco (MLS) trả cổ tức đợt 1/2020 bằng tiền tỷ lệ 40%,3,positive,2,1.0,train,Chăn_nuôi Mitraco_MLS trả cổ_tức đợt 1 2020 bằng tiền tỷ_lệ 40,65,62,14,11,False,False,False
raw_data.xlsx::108,raw_data.xlsx,10 cổ phiếu tăng/giảm mạnh nhất tuần: Có mã lên gấp đôi,2,neutral,1,0.0,train,10 cổ_phiếu tăng giảm mạnh nhất tuần Có mã lên gấp đôi,55,54,12,12,False,False,False
raw_data.xlsx::109,raw_data.xlsx,Lịch sự kiện và tin vắn chứng khoán ngày 17/5,2,neutral,1,0.0,train,Lịch_sự kiện và tin_vắn chứng_khoán ngày 17 5,45,45,10,8,False,False,False
raw_data.xlsx::110,raw_data.xlsx,Tiêu điểm xử phạt tuần qua: Rất nhiều cá nhân bị UBCKNN phạt,1,negative,0,-1.0,train,Tiêu_điểm xử_phạt tuần qua Rất nhiều cá_nhân bị UBCKNN phạt,60,59,13,10,False,True,True
raw_data.xlsx::111,raw_data.xlsx,"KBC, VIB, CII, TCO, AGG, PVL, ABB, CSC, HQC, LPB, DAH, DDG, PVC, PPE, LAF, ABT, PSD, CET, IDV, BCP, SSG, VPR, VNH, MQN, TRA, HTT: Thông tin giao dịch lượng lớn cổ phiếu",2,neutral,1,0.0,train,KBC VIB CII TCO AGG PVL ABB CSC HQC LPB DAH DDG PVC PPE LAF ABT PSD CET IDV BCP SSG VPR VNH MQN TRA HTT Thông_tin giao_dịch lượng lớn cổ_phiếu,168,142,34,31,False,False,False
raw_data.xlsx::112,raw_data.xlsx,"ĐHĐCĐ Thế giới Di động (MWG): ""Nếu một ngày nào đó, chính sách ESOP không được thông qua thì hiệu quả kinh doanh của Công ty đó có vấn đề""",1,negative,0,-1.0,train,ĐHĐCĐ Thế_giới Di_động MWG Nếu một ngày nào đó chính_sách ESOP không được thông_qua thì hiệu_quả kinh_doanh của Công_ty đó có vấn_đề,138,132,30,22,False,False,False
raw_data.xlsx::113,raw_data.xlsx,Lịch chốt quyền nhận cổ tức bằng tiền của 16 doanh nghiệp,3,positive,2,1.0,train,Lịch chốt quyền nhận cổ_tức bằng tiền của 16 doanh_nghiệp,57,57,12,10,False,False,False
raw_data.xlsx::114,raw_data.xlsx,"Điểm danh những doanh nghiệp chốt quyền nhận cổ tức bằng tiền, bằng cổ phiếu và cổ phiếu thưởng tuần từ 17/5-21/5",3,positive,2,1.0,train,Điểm_danh những doanh_nghiệp chốt quyền nhận cổ_tức bằng tiền bằng cổ_phiếu và cổ_phiếu thưởng tuần từ 17 5 21 5,113,112,22,20,False,False,False
raw_data.xlsx::115,raw_data.xlsx,"Vinhomes đặt mục lãi sau thuế 35.000 tỷ đồng, chia cổ tức 2020 tỷ lệ 45%",3,positive,2,1.0,val,Vinhomes đặt mục lãi sau thuế 35 000 tỷ đồng chia cổ_tức 2020 tỷ_lệ 45,72,70,16,15,False,False,False
raw_data.xlsx::116,raw_data.xlsx,"Khối ngoại bán ròng kỷ lục hơn 20.000 tỷ đồng từ đầu năm, vượt xa lượng bán ròng trong cả năm 2020",1,negative,0,-1.0,train,Khối ngoại bán ròng kỷ_lục hơn 20 000 tỷ đồng từ đầu năm vượt xa lượng bán ròng trong cả năm 2020,98,97,22,22,False,False,False
raw_data.xlsx::117,raw_data.xlsx,"Đầu tư cổ phiếu dài hạn: Nói dễ, làm khó!",2,neutral,1,0.0,train,Đầu_tư cổ_phiếu dài_hạn Nói dễ làm_khó,41,38,10,6,False,False,False
raw_data.xlsx::118,raw_data.xlsx,"HQC tăng 84% kể từ đầu năm, một lãnh đạo Địa ốc Hoàng Quân vừa bán ra 3,5 triệu cổ phiếu",1,negative,0,-1.0,train,HQC tăng 84 kể từ đầu năm một lãnh_đạo Địa_ốc Hoàng_Quân vừa bán ra 3 5 triệu cổ_phiếu,88,86,21,18,False,False,False
raw_data.xlsx::119,raw_data.xlsx,"SHB liên tục phá đỉnh, tài sản của con trai bầu Hiển vượt xa bầu Kiên",3,positive,2,1.0,train,SHB liên_tục phá đỉnh tài_sản của con trai bầu Hiển vượt xa bầu Kiên,69,68,16,14,False,False,False
raw_data.xlsx::120,raw_data.xlsx,Dragon Capital tiếp tục giảm sở hữu CII trong bối cảnh cổ phiếu lao dốc,1,negative,0,-1.0,train,Dragon_Capital tiếp_tục giảm sở_hữu CII trong bối_cảnh cổ_phiếu lao dốc,71,71,15,10,False,False,False
raw_data.xlsx::121,raw_data.xlsx,Licogi 16 (LCG) thông qua phương án phát hành hơn 59 triệu cổ phiếu tăng vốn,3,positive,2,1.0,train,Licogi 16 LCG thông_qua phương_án phát_hành hơn 59 triệu cổ_phiếu tăng vốn,76,74,16,12,False,False,False
raw_data.xlsx::122,raw_data.xlsx,"Nhiều tiền, cổ phiếu dễ bị làm giá?",2,neutral,1,0.0,train,Nhiều tiền cổ_phiếu dễ bị làm_giá,35,33,8,6,False,False,False
raw_data.xlsx::123,raw_data.xlsx,"Công ty chứng khoán sẽ phát hành gần 1,3 tỷ cổ phiếu, margin có thể tăng hàng tỷ USD",3,positive,2,1.0,train,Công_ty chứng_khoán sẽ phát_hành gần 1 3 tỷ cổ_phiếu margin có_thể tăng hàng tỷ USD,84,83,19,15,False,False,False
raw_data.xlsx::124,raw_data.xlsx,Lịch chốt quyền nhận cổ tức bằng tiền của 8 doanh nghiệp,3,positive,2,1.0,val,Lịch chốt quyền nhận cổ_tức bằng tiền của 8 doanh_nghiệp,56,56,12,10,False,False,False
raw_data.xlsx::125,raw_data.xlsx,"NLG, VIB, CII, SHS, VND, SPI, ST8, DID, VNT, BHT: Thông tin giao dịch lượng lớn cổ phiếu",2,neutral,1,0.0,train,NLG VIB CII SHS VND SPI ST8 DID VNT BHT Thông_tin giao_dịch lượng lớn cổ_phiếu,88,78,18,15,False,False,False
raw_data.xlsx::126,raw_data.xlsx,"Quốc Cường Gia Lai (QCG): Doanh thu đột biến nhờ bàn giao dự án, lãi ròng vẫn giảm mạnh 43% trong quý 1/2021",1,negative,0,-1.0,train,Quốc_Cường_Gia_Lai QCG Doanh_thu đột_biến nhờ bàn_giao dự_án lãi_ròng vẫn giảm mạnh 43 trong quý 1 2021,108,103,23,16,False,False,False
raw_data.xlsx::127,raw_data.xlsx,KQKD ngành phân bón quý 1: Giá phân bón tăng cao giúp các doanh nghiệp lãi lớn,3,positive,2,1.0,train,KQKD ngành phân_bón quý 1 Giá phân_bón tăng cao giúp các doanh_nghiệp lãi lớn,78,77,17,14,False,False,False
raw_data.xlsx::128,raw_data.xlsx,Lịch sự kiện và tin vắn chứng khoán ngày 14/5,2,neutral,1,0.0,train,Lịch_sự kiện và tin_vắn chứng_khoán ngày 14 5,45,45,10,8,False,False,False
raw_data.xlsx::129,raw_data.xlsx,"PV Power (POW) đạt 10.213 tỷ doanh thu sau 4 tháng, thực hiện 36% chỉ tiêu năm 2021",3,positive,2,1.0,train,PV Power_POW đạt 10 213 tỷ doanh_thu sau 4 tháng thực_hiện 36 chỉ_tiêu năm 2021,83,79,18,15,False,False,False
raw_data.xlsx::130,raw_data.xlsx,Yếu tố nào giúp cổ phiếu Công ty chứng khoán đồng loạt “lên đỉnh”?,2,neutral,1,0.0,test,Yếu_tố nào giúp cổ_phiếu Công_ty chứng_khoán đồng_loạt lên đỉnh,66,63,14,9,False,False,False
raw_data.xlsx::131,raw_data.xlsx,PVPower (POW) đạt doanh thu hơn 10.200 tỷ đồng trong 4 tháng đầu năm,3,positive,2,1.0,train,PVPower_POW đạt doanh_thu hơn 10 200 tỷ đồng trong 4 tháng đầu năm,68,66,14,13,False,False,False
raw_data.xlsx::132,raw_data.xlsx,MSCI chính thức đưa THD vào rổ FMI,2,neutral,1,0.0,test,MSCI chính_thức đưa THD vào rổ FMI,34,34,8,7,False,False,False
raw_data.xlsx::133,raw_data.xlsx,Thương vụ ủy thác của OCH cho QLQ Bông Sen: Công ty Đông Sơn đóng vai trò gì?,2,neutral,1,0.0,train,Thương_vụ uỷ_thác của OCH cho QLQ Bông_Sen_Công_ty Đông_Sơn đóng vai_trò gì,77,75,18,11,False,False,False
raw_data.xlsx::134,raw_data.xlsx,Khối ngoại bán ròng gần 1.200 tỷ đồng trong phiên 13/5,1,negative,0,-1.0,train,Khối ngoại bán ròng gần 1 200 tỷ đồng trong phiên 13 5,54,54,11,13,False,False,False
raw_data.xlsx::135,raw_data.xlsx,Bloomberg: Masan Group muốn huy động 1 tỷ USD cho mảng thức ăn chăn nuôi,3,positive,2,1.0,train,Bloomberg_Masan_Group muốn huy_động 1 tỷ USD cho mảng thức_ăn chăn_nuôi,72,71,15,10,False,False,False
raw_data.xlsx::136,raw_data.xlsx,"AFC Vietnam Fund: ""Ảnh hưởng khối ngoại trên TTCK Việt Nam không còn lớn, chỉ còn chiếm khoảng 10% quy mô thị trường""",3,positive,2,1.0,train,AFC Vietnam_Fund_Ảnh hưởng khối ngoại trên TTCK Việt_Nam không còn lớn chỉ còn chiếm khoảng 10 quy_mô thị_trường,117,112,23,18,False,False,False
raw_data.xlsx::137,raw_data.xlsx,"Xây dựng Hoà Bình (HBC): Rót 900 tỷ lập trung tâm đổi mới sáng tạo 2,5ha tại Khu công nghệ cao quận 9",3,positive,2,1.0,train,Xây_dựng Hoà_Bình HBC Rót 900 tỷ lập trung_tâm đổi_mới sáng_tạo 2 5ha tại Khu công_nghệ_cao quận 9,101,98,23,17,False,False,False
raw_data.xlsx::138,raw_data.xlsx,Viglacera (VGC) chốt danh sách cổ đông trả cổ tức bằng tiền tỷ lệ 11%,3,positive,2,1.0,test,Viglacera_VGC chốt danh_sách cổ_đông trả cổ_tức bằng tiền tỷ_lệ 11,69,66,15,10,False,False,False
raw_data.xlsx::139,raw_data.xlsx,"Cổ phiếu thép “hạ nhiệt”, VN-Index đảo chiều giảm hơn 7 điểm",1,negative,0,-1.0,train,Cổ_phiếu thép hạ nhiệt VN Index đảo chiều giảm hơn 7 điểm,60,57,12,12,False,False,False
raw_data.xlsx::140,raw_data.xlsx,Nông sản thực phẩm Quảng Ngãi (APF) trả tiếp cổ tức đợt 2 bằng tiền tỷ lệ 35%,3,positive,2,1.0,train,Nông_sản thực_phẩm Quảng_Ngãi APF trả tiếp cổ_tức đợt 2 bằng tiền tỷ_lệ 35,77,74,18,13,False,False,False
raw_data.xlsx::141,raw_data.xlsx,"HT1 giảm mạnh, lãnh đạo Xi măng Hà Tiên 1 vẫn muốn bán bớt 7 triệu cổ phiếu",1,negative,0,-1.0,train,HT1 giảm mạnh lãnh_đạo Xi_măng Hà_Tiên 1 vẫn muốn bán bớt 7 triệu cổ_phiếu,75,74,18,14,False,False,False
raw_data.xlsx::142,raw_data.xlsx,"Thép Nam Kim (NKG): Cổ phiếu lên cao nhất mọi thời kỳ, 1 Phó Tổng liền bán ra phần lớn cổ phần ngay đỉnh",1,negative,0,-1.0,train,Thép_Nam_Kim_NKG Cổ_phiếu lên cao nhất mọi thời_kỳ 1 Phó Tổng liền bán ra phần_lớn cổ_phần ngay đỉnh,104,100,24,17,False,False,False
raw_data.xlsx::143,raw_data.xlsx,Điều gì khiến cổ phiếu Bất động sản “dậy sóng”?,2,neutral,1,0.0,train,Điều gì khiến cổ_phiếu Bất_động_sản dậy sóng,47,44,10,7,False,False,False
raw_data.xlsx::144,raw_data.xlsx,Doanh nghiệp ngành bao bì đang ăn nên làm ra,3,positive,2,1.0,train,Doanh_nghiệp ngành bao_bì đang ăn_nên_làm_ra,44,44,10,5,False,False,False
raw_data.xlsx::145,raw_data.xlsx,"IDC, GMD, PHC, PAN, ITA, AGG, HMH, GLT, TAR, TFC, DDV, DHC, SSG, TOP, PDB: Thông tin giao dịch lượng lớn cổ phiếu",2,neutral,1,0.0,train,IDC GMD PHC PAN ITA AGG HMH GLT TAR TFC DDV DHC SSG TOP PDB Thông_tin giao_dịch lượng lớn cổ_phiếu,113,98,23,20,False,False,False
raw_data.xlsx::146,raw_data.xlsx,Lịch sự kiện và tin vắn chứng khoán ngày 13/5,2,neutral,1,0.0,train,Lịch_sự kiện và tin_vắn chứng_khoán ngày 13 5,45,45,10,8,False,False,False
raw_data.xlsx::147,raw_data.xlsx,Cao su Đà Nẵng (DRC) dự chi gần 119 tỷ đồng chi trả cổ tức còn lại năm 2020,3,positive,2,1.0,train,Cao_su Đà_Nẵng DRC dự_chi gần 119 tỷ đồng chi_trả cổ_tức còn lại năm 2020,75,73,19,14,False,False,False
raw_data.xlsx::148,raw_data.xlsx,"Thép Tiến Lên (TLH): 4 tháng đã suýt soát kế hoạch lãi cả năm với 231 tỷ đồng, cổ phiếu tăng cao gấp 4 lần từ đầu năm",3,positive,2,1.0,train,Thép_Tiến_Lên_TLH 4 tháng đã suýt_soát kế_hoạch lãi cả năm với 231 tỷ đồng cổ_phiếu tăng cao gấp 4 lần từ đầu năm,117,113,28,22,False,False,False
raw_data.xlsx::149,raw_data.xlsx,FLC và 7 cổ phiếu khác vào rổ MSCI Frontier Markets Small Cap,3,positive,2,1.0,train,FLC và 7 cổ_phiếu khác vào rổ MSCI Frontier_Markets_Small_Cap,61,61,13,9,False,False,False
raw_data.xlsx::150,raw_data.xlsx,Bất động sản khu công nghiệp – lá bài chưa lật của tập đoàn Sơn Hà,3,positive,2,1.0,test,Bất_động_sản khu công_nghiệp lá bài chưa lật của tập_đoàn Sơn_Hà,66,64,16,10,False,False,False
raw_data.xlsx::151,raw_data.xlsx,Sàn đầu tư tiền 'ảo' siêu lãi: Không có bữa trưa nào miễn phí,2,neutral,1,0.0,train,Sàn đầu_tư tiền ảo siêu lãi Không có bữa trưa nào miễn_phí,61,58,14,12,False,False,False
raw_data.xlsx::152,raw_data.xlsx,"Thị trường chứng khoán tăng mạnh đưa giá cổ phiếu lên cao: Nhiều doanh nghiệp GEX, LCG, TTF, ROS… tranh thủ phát hành huy động hàng ngàn tỷ đồng vốn trên sàn",3,positive,2,1.0,test,Thị_trường_chứng_khoán tăng mạnh đưa giá cổ_phiếu lên cao Nhiều doanh_nghiệp GEX LCG TTF ROS tranh_thủ phát_hành huy_động hàng ngàn tỷ đồng_vốn trên sàn,157,152,32,23,False,False,False
raw_data.xlsx::153,raw_data.xlsx,Financial Times: Siêu chu kỳ hàng hóa đang đến?,2,neutral,1,0.0,train,Financial_Times_Siêu chu_kỳ hàng_hoá đang đến,47,45,9,5,False,False,False
raw_data.xlsx::154,raw_data.xlsx,Chứng khoán HSC điều chỉnh room ngoại về 49%,1,negative,0,-1.0,train,Chứng_khoán HSC điều_chỉnh room ngoại về 49,44,43,9,7,False,False,False
raw_data.xlsx::155,raw_data.xlsx,"Facebook Ngọc Trinh, Nam Thư, Kiều Minh Tuấn... dùng chung hashtag, nghi vấn PR trá hình cho sàn Forex trái phép, từng bị Công an cảnh báo đa cấp biến tướng",2,neutral,1,0.0,train,Facebook Ngọc_Trinh_Nam_Thư Kiều_Minh_Tuấn dùng chung hashtag nghi_vấn PR trá_hình cho sàn Forex trái_phép từng bị Công_an cảnh_báo đa_cấp biến_tướng,156,149,31,19,False,False,False
raw_data.xlsx::156,raw_data.xlsx,"TAR giảm mạnh, Tổng Giám đốc Nông nghiệp Công nghệ cao Trung An vẫn đăng ký bán hết hơn 9 triệu cổ phiếu",1,negative,0,-1.0,train,TAR giảm mạnh Tổng_Giám_đốc Nông_nghiệp Công_nghệ_cao Trung_An vẫn đăng_ký bán hết hơn 9 triệu cổ_phiếu,104,103,23,15,False,False,False
raw_data.xlsx::157,raw_data.xlsx,"Chứng khoán Nhất Việt (VFS) chuẩn bị tăng vốn điều lệ lên 802,5 tỷ đồng, đáp ứng nguồn cho hoạt động margin và tự doanh",3,positive,2,1.0,train,Chứng_khoán Nhất_Việt_VFS chuẩn_bị tăng vốn_điều_lệ lên 802 5 tỷ đồng đáp_ứng nguồn cho hoạt_động margin và tự doanh,119,116,25,18,False,False,False
raw_data.xlsx::158,raw_data.xlsx,Hoàng Anh Gia Lai (HAG) thanh toán trước hạn 930 tỷ đồng nợ tại HDBank,3,positive,2,1.0,train,Hoàng_Anh Gia_Lai HAG thanh_toán trước hạn 930 tỷ đồng nợ tại HDBank,70,68,15,12,False,False,False
raw_data.xlsx::159,raw_data.xlsx,"Một Công ty Mua bán nợ đăng ký bán 10 triệu cổ phần DAP Vinachem (DDV), chốt lãi sau nửa năm đầu tư",1,negative,0,-1.0,train,Một Công_ty Mua_bán nợ đăng_ký bán 10 triệu cổ_phần DAP Vinachem_DDV chốt lãi sau nửa năm đầu_tư,99,96,23,17,False,False,False
raw_data.xlsx::160,raw_data.xlsx,"Bất chấp thị trường tăng điểm, khối ngoại vẫn bán ròng gần 600 tỷ đồng trong phiên 12/5",1,negative,0,-1.0,train,Bất_chấp thị_trường tăng điểm khối ngoại vẫn bán ròng gần 600 tỷ đồng trong phiên 12 5,87,86,18,17,False,False,False
raw_data.xlsx::161,raw_data.xlsx,"VnIndex bứt phá tăng 13 điểm, nhà đầu tư vui mừng khi thị trường đảo chiều mạnh mẽ",3,positive,2,1.0,train,VnIndex bứt_phá tăng 13 điểm nhà_đầu_tư vui_mừng khi thị_trường đảo chiều mạnh_mẽ,82,81,18,12,False,False,False
raw_data.xlsx::162,raw_data.xlsx,"Hơn 8,6 tỷ cổ phiếu sắp chào bán trên thị trường chứng khoán",3,positive,2,1.0,train,Hơn 8 6 tỷ cổ_phiếu sắp chào_bán trên thị_trường_chứng_khoán,60,60,13,9,False,False,False
raw_data.xlsx::163,raw_data.xlsx,D2D chốt danh sách cổ đông trả cổ tức đợt 2/2020 bằng tiền tỷ lệ 20%,3,positive,2,1.0,train,D2D chốt danh_sách cổ_đông trả cổ_tức đợt 2 2020 bằng tiền tỷ_lệ 20,68,67,16,13,False,False,False
raw_data.xlsx::164,raw_data.xlsx,Financial Times: Dogecoin - Canh bạc hời hay 'cú lừa'?,2,neutral,1,0.0,train,Financial_Times_Dogecoin_Canh bạc hời hay cú lừa,54,48,10,6,False,False,False
raw_data.xlsx::165,raw_data.xlsx,"Những cổ phiếu tiềm năng nhưng giới đầu tư đang ""thờ ơ""",2,neutral,1,0.0,train,Những cổ_phiếu tiềm_năng nhưng giới đầu_tư đang thờ_ơ,55,53,12,8,False,False,False
raw_data.xlsx::166,raw_data.xlsx,"Cuộc đua gay cấn, đến lượt Chứng khoán KIS được chấp thuận tăng vốn thêm hơn 1.100 tỷ đồng",3,positive,2,1.0,train,Cuộc đua gay_cấn đến lượt Chứng_khoán KIS được chấp_thuận tăng vốn thêm hơn 1 100 tỷ đồng,90,89,19,17,False,False,False
raw_data.xlsx::167,raw_data.xlsx,Lịch chốt quyền nhận cổ tức bằng tiền của 17 doanh nghiệp,3,positive,2,1.0,train,Lịch chốt quyền nhận cổ_tức bằng tiền của 17 doanh_nghiệp,57,57,12,10,False,False,False
raw_data.xlsx::168,raw_data.xlsx,Chỉ số quan trọng nhất của thị trường cận biên MSCI thêm mới SHB và THD vào danh mục trong kỳ review quý 2,2,neutral,1,0.0,train,Chỉ_số quan_trọng nhất của thị_trường cận biên MSCI thêm mới SHB và THD vào danh_mục trong kỳ review quý 2,106,106,24,20,False,False,False
raw_data.xlsx::169,raw_data.xlsx,"Sau một đêm PR lộ liễu cho tiền ""ảo"", bài viết của Ngọc Trinh, Nam Thư, Kiều Minh Tuấn... trên Facebook đồng loạt ""bốc hơi""?",2,neutral,1,0.0,train,Sau một đêm PR lộ_liễu cho tiền ảo bài viết của Ngọc_Trinh_Nam_Thư Kiều_Minh_Tuấn trên Facebook đồng_loạt bốc_hơi,124,113,25,17,False,False,False
raw_data.xlsx::170,raw_data.xlsx,"Dragon Capital: “Lợi nhuận doanh nghiệp năm 2021 sẽ tăng mạnh hơn dự báo, định giá chứng khoán Việt Nam đang khá hấp dẫn”",3,positive,2,1.0,test,Dragon_Capital_Lợi nhuận doanh_nghiệp năm 2021 sẽ tăng mạnh hơn dự_báo định_giá chứng_khoán Việt_Nam đang khá hấp_dẫn,121,117,24,16,False,False,False
raw_data.xlsx::171,raw_data.xlsx,"SSI Research: Triển vọng lợi nhuận nhiệt điện tiêu cực trong năm 2021, cung cầu điện sẽ cân bằng trong năm 2022",1,negative,0,-1.0,val,SSI Research_Triển vọng lợi_nhuận nhiệt_điện tiêu_cực trong năm 2021 cung_cầu điện sẽ cân_bằng trong năm 2022,111,109,22,16,False,False,False
raw_data.xlsx::172,raw_data.xlsx,Nhà và Đô thị Nam Hà Nội (NHA) sẽ phát hành cổ phiếu thưởng tỷ lệ 15%,3,positive,2,1.0,train,Nhà và Đô_thị Nam Hà_Nội_NHA sẽ phát_hành cổ_phiếu thưởng tỷ_lệ 15,69,66,17,11,False,False,False
raw_data.xlsx::173,raw_data.xlsx,"Câu lạc bộ lãi nghìn tỷ quý 1 đã gọi tên 22 doanh nghiệp, vị trí quán quân đã đổi chủ",2,neutral,1,0.0,train,Câu_lạc_bộ lãi nghìn tỷ quý 1 đã gọi tên 22 doanh_nghiệp vị_trí quán_quân đã đổi chủ,85,84,21,16,False,False,False
raw_data.xlsx::174,raw_data.xlsx,“Bắt sóng” đầu tư chứng khoán cùng ứng dụng trí tuệ nhân tạo,2,neutral,1,0.0,test,Bắt sóng đầu_tư chứng_khoán cùng ứng_dụng trí_tuệ_nhân_tạo,60,58,13,7,False,False,False
raw_data.xlsx::175,raw_data.xlsx,Thanh khoản thị trường bùng nổ - MBS tăng vốn khủng,3,positive,2,1.0,val,Thanh khoản thị_trường bùng_nổ MBS tăng vốn khủng,51,49,11,8,False,False,False
raw_data.xlsx::176,raw_data.xlsx,Lịch sự kiện và tin vắn chứng khoán ngày 12/5,2,neutral,1,0.0,val,Lịch_sự kiện và tin_vắn chứng_khoán ngày 12 5,45,45,10,8,False,False,False
raw_data.xlsx::177,raw_data.xlsx,"HBC, ACB, LPB, HT1, NKG, CSC, TMS, TCD, VSH, BWE, CVT, DTT, BDT, BIO, BWS, ANT, THS: Thông tin giao dịch lượng lớn cổ phiếu",2,neutral,1,0.0,val,HBC ACB LPB HT1 NKG CSC TMS TCD VSH BWE CVT DTT BDT BIO BWS ANT THS Thông_tin giao_dịch lượng lớn cổ_phiếu,123,106,25,22,False,False,False
raw_data.xlsx::178,raw_data.xlsx,"Yuanta: VN-Index có thể điều chỉnh xuống dưới 1.200 điểm trong tháng 5, nhóm cổ phiếu Kim loại còn ít dư địa tăng trưởng",1,negative,0,-1.0,train,Yuanta VN Index có_thể điều_chỉnh xuống dưới 1 200 điểm trong tháng 5 nhóm cổ_phiếu Kim_loại còn ít dư_địa tăng_trưởng,120,118,24,20,False,False,False
raw_data.xlsx::179,raw_data.xlsx,"HAPACO (HAP) kỳ vọng lãi năm 2021 tăng trưởng hơn 220%, tăng vốn điều lệ lên 1.250 tỷ đồng",3,positive,2,1.0,train,HAPACO HAP kỳ_vọng lãi năm 2021 tăng_trưởng hơn 220 tăng vốn_điều_lệ lên 1 250 tỷ đồng,90,86,19,16,False,False,False
raw_data.xlsx::180,raw_data.xlsx,"Quỹ đầu tư do Dragon Capital quản lý vừa bán ra 2,9 triệu cổ phiếu ACB, thu về hơn 108 tỷ đồng",3,positive,2,1.0,train,Quỹ đầu_tư do Dragon_Capital quản_lý vừa bán ra 2 9 triệu cổ_phiếu ACB thu về hơn 108 tỷ đồng,94,93,22,19,False,False,False
raw_data.xlsx::181,raw_data.xlsx,In sách giáo khoa Hòa Phát (HTP): Quý 1 lãi kỷ lục 56 tỷ đồng,3,positive,2,1.0,train,In sách_giáo_khoa Hoà_Phát_HTP_Quý 1 lãi kỷ_lục 56 tỷ đồng,61,58,15,9,False,False,False
raw_data.xlsx::182,raw_data.xlsx,"Khối ngoại bán ròng gần 290 tỷ đồng, VN-Index đảo chiều giảm điểm trong phiên 11/6",1,negative,0,-1.0,train,Khối ngoại bán ròng gần 290 tỷ đồng VN Index đảo chiều giảm điểm trong phiên 11 6,82,81,16,18,False,False,False
raw_data.xlsx::183,raw_data.xlsx,"ĐHCĐ Gỗ Đức Thành (GDT): Bất ngờ với phương án ESOP, phát hành 5% cổ phiếu ưu đãi cho đối tác công ty",3,positive,2,1.0,test,ĐHCĐ Gỗ_Đức_Thành_GDT Bất_ngờ với phương_án ESOP phát_hành 5 cổ_phiếu ưu_đãi cho đối_tác công_ty,101,96,23,13,False,False,False
raw_data.xlsx::184,raw_data.xlsx,"Đạt Phương chính thức bán ra 1,5 triệu cổ phiếu quỹ",1,negative,0,-1.0,train,Đạt_Phương chính_thức bán ra 1 5 triệu cổ_phiếu quỹ,51,51,11,9,False,False,False
raw_data.xlsx::185,raw_data.xlsx,"Thắng lớn từ tiền ""ảo"", ca sĩ Cao Thái Sơn quyết định trích một phần lợi nhuận làm từ thiện",2,neutral,1,0.0,train,Thắng lớn từ tiền ảo ca_sĩ Cao_Thái_Sơn quyết_định trích một phần lợi_nhuận làm từ_thiện,91,88,20,14,False,False,False
raw_data.xlsx::186,raw_data.xlsx,"Cổ phiếu ngân hàng, thép đồng loạt điều chỉnh, VN-Index đảo chiều giảm gần 4 điểm",1,negative,0,-1.0,train,Cổ_phiếu ngân_hàng thép đồng_loạt điều_chỉnh VN Index đảo chiều giảm gần 4 điểm,81,79,16,13,False,False,False
raw_data.xlsx::187,raw_data.xlsx,"Bất chấp thảm kịch Covid-19, chứng khoán Ấn Độ vẫn tăng bền bỉ",2,neutral,1,0.0,train,Bất_chấp thảm_kịch Covid 19 chứng_khoán Ấn_Độ vẫn tăng bền_bỉ,62,61,13,9,False,False,False
raw_data.xlsx::188,raw_data.xlsx,Hai cổ phiếu ngân hàng LPB và VIB đủ điều kiện được cấp margin,3,positive,2,1.0,train,Hai cổ_phiếu ngân_hàng LPB và VIB đủ điều_kiện được cấp margin,62,62,14,11,False,False,False
raw_data.xlsx::189,raw_data.xlsx,"Cổ phiếu dùy trì mức giá 3 chữ số, Dệt may Thành Công (TCM) sắp phát hành hơn 9 triệu cổ phiếu thưởng",3,positive,2,1.0,train,Cổ_phiếu duỳ trì mức giá 3 chữ_số Dệt_may Thành_Công TCM sắp phát_hành hơn 9 triệu cổ_phiếu thưởng,101,98,23,17,False,False,False
raw_data.xlsx::190,raw_data.xlsx,Nhà đầu tư lãi bao nhiêu nếu rót 1.000 USD mua tiền ảo Ethereum vào đầu năm nay?,2,neutral,1,0.0,train,Nhà_đầu_tư lãi bao_nhiêu nếu rót 1 000 USD mua tiền ảo Ethereum vào đầu năm nay,80,79,18,16,False,False,False
raw_data.xlsx::191,raw_data.xlsx,Lịch chốt quyền nhận cổ tức bằng tiền của 7 doanh nghiệp,3,positive,2,1.0,val,Lịch chốt quyền nhận cổ_tức bằng tiền của 7 doanh_nghiệp,56,56,12,10,False,True,True
raw_data.xlsx::192,raw_data.xlsx,"HPG, NLG, REE, VNM, VIB, SVD, PAC, TCH, TDM, POM, DBT, VPR, AAV, HPD, PPE: Thông tin giao dịch lượng lớn cổ phiếu",2,neutral,1,0.0,train,HPG NLG REE VNM VIB SVD PAC TCH TDM POM DBT VPR AAV HPD PPE Thông_tin giao_dịch lượng lớn cổ_phiếu,113,98,23,20,False,False,False
raw_data.xlsx::193,raw_data.xlsx,"VDSC: Ngành thép vẫn tăng trưởng sang quý 2/2021 khi đơn hàng đã ‘full’ đến giữa tháng 8, HPG và Formosa tăng mạnh thị phần thép xây dựng",3,positive,2,1.0,test,VDSC Ngành thép vẫn tăng_trưởng sang quý 2 2021 khi đơn hàng đã full đến giữa tháng 8 HPG và Formosa tăng mạnh thị_phần thép xây_dựng,137,133,28,26,False,False,False
raw_data.xlsx::194,raw_data.xlsx,Digiworld có gì mới trong năm 2021?,2,neutral,1,0.0,val,Digiworld có gì mới trong năm 2021,35,34,7,7,False,False,False
raw_data.xlsx::195,raw_data.xlsx,"5 lý do chứng minh cổ phiếu ngân hàng xứng đáng vai trò ""dẫn sóng"" thị trường",3,positive,2,1.0,train,5 lý_do chứng_minh cổ_phiếu ngân_hàng xứng_đáng vai_trò dẫn sóng thị_trường,77,75,17,10,False,False,False
raw_data.xlsx::196,raw_data.xlsx,Dòng vốn từ Thái Lan chiếm gần một nửa quy mô danh mục VFMVN30 ETF,2,neutral,1,0.0,train,Dòng vốn từ Thái_Lan chiếm gần một_nửa quy_mô danh_mục VFMVN30 ETF,66,66,15,11,False,False,False
raw_data.xlsx::197,raw_data.xlsx,Lịch sự kiện và tin vắn chứng khoán ngày 11/5,2,neutral,1,0.0,train,Lịch_sự kiện và tin_vắn chứng_khoán ngày 11 5,45,45,10,8,False,False,False
raw_data.xlsx::198,raw_data.xlsx,Tài chính Hoàng Huy (TCH) đăng ký bán gần 10 triệu cổ phiếu quỹ,1,negative,0,-1.0,train,Tài_chính Hoàng_Huy_TCH đăng_ký bán gần 10 triệu cổ_phiếu quỹ,63,61,14,9,False,False,False
raw_data.xlsx::199,raw_data.xlsx,"Kinh Bắc (KBC): Nhóm Dragon Capital tiếp tục bán ra hơn 2,5 triệu cổ phần, hạ tỷ trọng xuống mức 7,57%",1,negative,0,-1.0,train,Kinh_Bắc_KBC_Nhóm Dragon_Capital tiếp_tục bán ra hơn 2 5 triệu cổ_phần hạ tỷ_trọng xuống mức 7 57,102,97,21,16,False,False,False
raw_data.xlsx::200,raw_data.xlsx,Tài khoản chứng khoán tăng đột biến là cơ sở để nhà đầu tư Hoa Kỳ quay lại Việt Nam?,2,neutral,1,0.0,test,Tài_khoản chứng_khoán tăng đột_biến là cơ_sở để nhà_đầu_tư Hoa_Kỳ quay lại Việt_Nam,84,83,20,12,False,False,False
raw_data.xlsx::201,raw_data.xlsx,"Dabaco (DBC) sắp phát hành 10,5 triệu cổ phần trả cổ tức 2020, tỷ lệ 10%",3,positive,2,1.0,val,Dabaco_DBC sắp phát_hành 10 5 triệu cổ_phần trả cổ_tức 2020 tỷ_lệ 10,72,68,16,12,False,False,False
raw_data.xlsx::202,raw_data.xlsx,"Bị phạt thuế gần 400 tỷ, lỗ sau kiểm toán của Nhà Thủ Đức (TDH) tăng vọt từ 30 tỷ lên 363 tỷ đồng",1,negative,0,-1.0,train,Bị phạt thuế gần 400 tỷ lỗ sau kiểm_toán của Nhà Thủ_Đức TDH tăng vọt từ 30 tỷ lên 363 tỷ đồng,97,94,24,22,False,False,False
raw_data.xlsx::203,raw_data.xlsx,"Khối ngoại trở lại mua ròng, VN-Index áp sát mốc 1.260 điểm trong phiên đầu tuần",3,positive,2,1.0,train,Khối ngoại trở_lại mua ròng VN Index áp sát mốc 1 260 điểm trong phiên đầu tuần,80,79,16,17,False,False,False
raw_data.xlsx::204,raw_data.xlsx,"Hàng loạt cổ phiếu bứt phá, VnIndex tăng vọt 18 điểm phiên đầu tuần",3,positive,2,1.0,train,Hàng_loạt cổ_phiếu bứt_phá VnIndex tăng vọt 18 điểm phiên đầu tuần,67,66,14,11,False,False,False
raw_data.xlsx::205,raw_data.xlsx,Nhà đầu tư trong nước tiếp tục mở mới hơn 110.000 tài khoản chứng khoán trong tháng 4,3,positive,2,1.0,val,Nhà_đầu_tư trong nước tiếp_tục mở mới hơn 110 000 tài_khoản chứng_khoán trong tháng 4,85,85,18,14,False,False,False
raw_data.xlsx::206,raw_data.xlsx,Petrolimex (PLX) thông qua phương án bán tiếp 25 triệu cổ phiếu quỹ,1,negative,0,-1.0,train,Petrolimex_PLX thông_qua phương_án bán tiếp 25 triệu cổ_phiếu quỹ,67,65,13,9,False,False,False
raw_data.xlsx::207,raw_data.xlsx,Chứng khoán Bản Việt (VCSC) chuẩn bị phát hành trái phiếu huy động 500 tỷ đồng,3,positive,2,1.0,val,Chứng_khoán Bản Việt_VCSC chuẩn_bị phát_hành trái_phiếu huy_động 500 tỷ đồng,78,76,16,10,False,False,False
raw_data.xlsx::208,raw_data.xlsx,"MBS chuẩn bị tăng vốn thêm hơn 1.000 tỷ, bổ sung nguồn lực cho hoạt động margin",3,positive,2,1.0,train,MBS chuẩn_bị tăng vốn thêm hơn 1 000 tỷ bổ_sung nguồn_lực cho hoạt_động margin,79,78,17,14,False,False,False
raw_data.xlsx::209,raw_data.xlsx,"Cổ phiếu thép tiếp tục tăng tốc: HPG, HSG lên vùng giá mới, NKG thậm chí kịch trần",3,positive,2,1.0,train,Cổ_phiếu thép tiếp_tục tăng_tốc HPG HSG lên vùng giá mới NKG thậm_chí kịch trần,82,79,18,14,False,False,False
raw_data.xlsx::210,raw_data.xlsx,"Finbox trình làng phiên bản mới: ""Tích hợp công cụ nhà đầu tư cần chỉ trong 1 ứng dụng""",2,neutral,1,0.0,train,Finbox trình_làng phiên_bản mới Tích_hợp công_cụ nhà_đầu_tư cần chỉ trong 1 ứng_dụng,87,84,19,12,False,False,False
raw_data.xlsx::211,raw_data.xlsx,"Tăng 10% trong vài phút sáng đầu tuần, giá quặng sắt tiếp tục ""nóng bỏng""",3,positive,2,1.0,train,Tăng 10 trong vài phút sáng đầu tuần giá quặng sắt tiếp_tục nóng_bỏng,73,69,15,13,False,False,False
raw_data.xlsx::212,raw_data.xlsx,"Tiết kiệm chi phí, ngành dệt may nỗ lực vượt khó trong quý 1",3,positive,2,1.0,train,Tiết_kiệm chi_phí ngành dệt_may nỗ_lực vượt khó trong quý 1,60,59,14,10,False,False,False
raw_data.xlsx::213,raw_data.xlsx,"Louis Holdings muốn chào bán 35,5 triệu cổ phiếu đầu tư nhà máy chế biến gạo và nông sản đông lạnh",2,neutral,1,0.0,train,Louis_Holdings muốn chào_bán 35 5 triệu cổ_phiếu đầu_tư nhà_máy chế_biến gạo và nông_sản đông_lạnh,98,98,21,14,False,False,False
raw_data.xlsx::214,raw_data.xlsx,Hành trình chinh phục nhà đầu tư của chứng khoán Pinetree,2,neutral,1,0.0,train,Hành_trình chinh_phục nhà_đầu_tư của chứng_khoán Pinetree,57,57,11,6,False,False,False
raw_data.xlsx::215,raw_data.xlsx,"Bamboo Capital (BCG): Năm 2021 tiếp tục M&A các dự án tiềm năng, trình kế hoạch lợi nhuận tăng 203% lên 806 tỷ đồng",3,positive,2,1.0,val,Bamboo_Capital_BCG_Năm 2021 tiếp_tục M A các dự_án tiềm_năng trình kế_hoạch lợi_nhuận tăng 203 lên 806 tỷ đồng,115,110,24,17,False,False,False
raw_data.xlsx::216,raw_data.xlsx,"Mirae Asset: “VN-Index có thể lên gần 1.500 điểm, điều chỉnh là cơ hội gia tăng tỷ trọng cổ phiếu”",3,positive,2,1.0,train,Mirae_Asset VN Index có_thể lên gần 1 500 điểm điều_chỉnh là cơ_hội gia_tăng tỷ_trọng cổ_phiếu,98,94,20,15,False,False,False
raw_data.xlsx::217,raw_data.xlsx,"VGT, VRG, TVB, CSC, C71, BVG, PEC, DZM: Thông tin giao dịch lượng lớn cổ phiếu",2,neutral,1,0.0,train,VGT VRG TVB CSC C71 BVG PEC DZM Thông_tin giao_dịch lượng lớn cổ_phiếu,78,70,16,13,False,False,False
raw_data.xlsx::218,raw_data.xlsx,"Điểm danh những doanh nghiệp chốt quyền nhận cổ tức bằng tiền, bằng cổ phiếu và cổ phiếu thưởng tuần từ 10/5-14/5",3,positive,2,1.0,train,Điểm_danh những doanh_nghiệp chốt quyền nhận cổ_tức bằng tiền bằng cổ_phiếu và cổ_phiếu thưởng tuần từ 10 5 14 5,113,112,22,20,False,False,False
raw_data.xlsx::219,raw_data.xlsx,Lịch sự kiện và tin vắn chứng khoán ngày 10/5,2,neutral,1,0.0,train,Lịch_sự kiện và tin_vắn chứng_khoán ngày 10 5,45,45,10,8,False,False,False
raw_data.xlsx::220,raw_data.xlsx,Xu thế dòng tiền: Có nên “đu” cổ phiếu ngân hàng?,2,neutral,1,0.0,test,Xu_thế dòng tiền Có nên đu cổ_phiếu ngân_hàng,49,45,11,8,False,False,False
raw_data.xlsx::221,raw_data.xlsx,"Thế giới Di động (MWG): Doanh số tăng trưởng 25% trở lại sau mùa thấp điểm tháng 3, gia tăng mạnh hàng tồn điện tử",3,positive,2,1.0,train,Thế_giới Di_động MWG Doanh_số tăng_trưởng 25 trở_lại sau mùa thấp_điểm tháng 3 gia_tăng mạnh hàng tồn điện_tử,114,109,25,17,False,False,False
raw_data.xlsx::222,raw_data.xlsx,"Quý 1 PVS lãi 164 tỷ đồng, tăng 35% so với cùng kỳ nhờ hoạt động liên kết",3,positive,2,1.0,train,Quý 1 PVS lãi 164 tỷ đồng tăng 35 so với cùng kỳ nhờ hoạt_động liên_kết,73,71,18,16,False,False,False
raw_data.xlsx::223,raw_data.xlsx,Ngành thủy sản và dệt may phục hồi xuất khẩu nhờ bước tiến vaccine Covid-19?,2,neutral,1,0.0,val,Ngành thuỷ_sản và dệt_may phục_hồi xuất_khẩu nhờ bước_tiến vaccine Covid 19,76,75,15,11,False,False,False
raw_data.xlsx::224,raw_data.xlsx,"[Quy tắc đầu tư vàng] Ngôi sao đang lên Cathie Wood với khối tài sản quản lý tăng từ 3,6 tỷ USD lên 50 tỷ USD chỉ trong vòng 1 năm bật mí bí quyết “hái ra tiền”",3,positive,2,1.0,train,Quy_tắc đầu_tư vàng Ngôi_sao đang lên Cathie_Wood với khối tài_sản quản_lý tăng từ 3 6 tỷ USD lên 50 tỷ USD chỉ trong vòng 1 năm bật_mí bí_quyết hái_ra_tiền,160,156,38,29,False,False,False
raw_data.xlsx::225,raw_data.xlsx,"BSC: ""Ngành CNTT - Bưu chính viễn thông hưởng lợi từ 5G và chuyển đổi số""",3,positive,2,1.0,train,BSC Ngành CNTT Bưu_chính viễn_thông hưởng lợi từ 5G và chuyển_đổi số,73,68,16,12,False,False,False
raw_data.xlsx::226,raw_data.xlsx,"Sau hơn 6 thập kỷ, thương hiệu vang bóng một thời Diêm Thống Nhất đã không còn ""cháy sáng""",1,negative,0,-1.0,train,Sau hơn 6 thập_kỷ thương_hiệu vang bóng một thời Diêm_Thống_Nhất đã không còn cháy sáng,90,87,19,15,False,False,False
raw_data.xlsx::227,raw_data.xlsx,"Xây dựng Hoà Bình (HBC): Năm đầu chuyển giao sang thế hệ F2 dự trình kế hoạch lợi nhuận khá tham vọng với 235 tỷ đồng, cao gấp 3,3 lần năm 2020",3,positive,2,1.0,train,Xây_dựng Hoà_Bình HBC Năm đầu chuyển_giao sang thế_hệ F2 dự trình kế_hoạch lợi_nhuận khá tham_vọng với 235 tỷ đồng cao gấp 3 3 lần năm 2020,143,139,32,26,False,False,False
raw_data.xlsx::228,raw_data.xlsx,"Fubon ETF ngưng giải ngân, khối ngoại quay đầu bán ròng gần 3.000 tỷ đồng trong tuần giao dịch đầu tháng 5",1,negative,0,-1.0,train,Fubon_ETF ngưng giải_ngân khối ngoại quay đầu bán ròng gần 3 000 tỷ đồng trong tuần giao_dịch đầu tháng 5,106,105,22,20,False,False,False
raw_data.xlsx::229,raw_data.xlsx,"Quý 1 phục hồi rực rỡ, lợi nhuận các công ty niêm yết tăng trưởng hơn 80% so với cùng kỳ 2020",3,positive,2,1.0,train,Quý 1 phục_hồi rực_rỡ lợi_nhuận các công_ty niêm_yết tăng_trưởng hơn 80 so với cùng kỳ 2020,93,91,22,16,False,False,False
raw_data.xlsx::230,raw_data.xlsx,An Phát Holdings công bố kết quả kinh doanh khả quan Quý 1/2021,3,positive,2,1.0,test,An_Phát_Holdings công_bố kết_quả kinh_doanh khả_quan Quý 1 2021,63,63,13,8,False,False,False
raw_data.xlsx::231,raw_data.xlsx,"BSC: ""VN-Index duy trì đà tăng trung hạn, kết thúc quý 2 trên ngưỡng 1.250 điểm""",3,positive,2,1.0,test,BSC VN Index duy_trì đà tăng trung_hạn kết_thúc quý 2 trên ngưỡng 1 250 điểm,80,76,16,15,False,False,False
raw_data.xlsx::232,raw_data.xlsx,"Lỗ thêm 25 tỷ đồng, Tổng Xây lắp Dầu khí (PVX) nâng lỗ luỹ kế lên gần 4.000 tỷ đồng",1,negative,0,-1.0,val,Lỗ thêm 25 tỷ đồng Tổng_Xây lắp Dầu_khí PVX nâng lỗ luỹ kế lên gần 4 000 tỷ đồng,83,80,20,19,False,False,False
raw_data.xlsx::233,raw_data.xlsx,Lịch chốt quyền nhận cổ tức bằng tiền của 15 doanh nghiệp,3,positive,2,1.0,train,Lịch chốt quyền nhận cổ_tức bằng tiền của 15 doanh_nghiệp,57,57,12,10,False,True,True
raw_data.xlsx::234,raw_data.xlsx,Phát triển nhà Bà Rịa - Vũng Tàu (HDC) sắp chia cổ tức năm 2020 bằng cổ phiếu tỷ lệ 25%,3,positive,2,1.0,train,Phát_triển nhà Bà_Rịa_Vũng_Tàu HDC sắp chia cổ_tức năm 2020 bằng cổ_phiếu tỷ_lệ 25,87,82,21,13,False,False,False
raw_data.xlsx::235,raw_data.xlsx,"Doanh nghiệp vàng mã duy nhất trên sàn: Quý đầu năm 2021 báo lãi gấp đôi cùng kỳ, cổ phiếu tăng gấp rưỡi từ đầu năm",3,positive,2,1.0,val,Doanh_nghiệp vàng_mã duy_nhất trên sàn Quý đầu năm 2021 báo lãi gấp đôi cùng kỳ cổ_phiếu tăng gấp rưỡi từ đầu năm,115,113,26,22,False,False,False
raw_data.xlsx::236,raw_data.xlsx,"Không nắm giữ HPG và VIC, hiệu suất danh mục Pyn Elite Fund thua xa VN-Index trong tháng 4",1,negative,0,-1.0,train,Không nắm giữ HPG và VIC hiệu_suất danh_mục Pyn_Elite_Fund thua xa VN Index trong tháng 4,90,89,19,16,False,False,False
raw_data.xlsx::237,raw_data.xlsx,"Margin cao như núi, chứng khoán không lo gãy?",2,neutral,1,0.0,train,Margin cao như núi chứng_khoán không lo gãy,45,43,9,8,False,False,False
raw_data.xlsx::238,raw_data.xlsx,Chứng khoán HSC nhận khoản vay hợp vốn 44 triệu USD từ nhóm các định chế tài chính Đài Loan,2,neutral,1,0.0,train,Chứng_khoán HSC nhận khoản vay hợp vốn 44 triệu USD từ nhóm các định_chế tài_chính Đài_Loan,91,91,20,16,False,False,False
raw_data.xlsx::239,raw_data.xlsx,"Phiên 7/5: Khối ngoại tiếp tục bán ròng gần 320 tỷ đồng, tập trung bán VPB, HPG",1,negative,0,-1.0,test,Phiên 7 5 Khối ngoại_tiếp tục bán ròng gần 320 tỷ đồng tập_trung bán VPB HPG,79,76,17,16,False,False,False
raw_data.xlsx::240,raw_data.xlsx,"VnIndex giảm 9 điểm phiên cuối tuần, HDB, TPB, HPG bứt phá",1,negative,0,-1.0,train,VnIndex giảm 9 điểm phiên cuối tuần HDB TPB HPG bứt_phá,58,55,12,11,False,False,False
raw_data.xlsx::241,raw_data.xlsx,"‘Giá trị giao dịch TTCK Việt Nam gần ngang ngửa Singapore, trội hơn hẳn Malaysia, NĐT nước ngoài khó mà làm ngơ thị trường này lâu hơn nữa!’",3,positive,2,1.0,train,Giá_trị giao_dịch TTCK Việt_Nam gần ngang_ngửa Singapore trội hơn hẳn Malaysia NĐT nước_ngoài khó mà làm_ngơ thị_trường này lâu hơn_nữa,140,135,28,20,False,False,False
raw_data.xlsx::242,raw_data.xlsx,"VinGroup chỉ bán ra hơn 12 triệu cổ phiếu Vinatex (VGT), bằng một nửa số lượng đăng ký bán",1,negative,0,-1.0,val,VinGroup chỉ bán ra hơn 12 triệu cổ_phiếu Vinatex_VGT bằng một_nửa số_lượng đăng_ký bán,90,87,19,14,False,False,False
raw_data.xlsx::243,raw_data.xlsx,Bầu Đức vừa chi hơn 33 tỷ mua 3 triệu cổ phiếu HAGL Agrico (HNG),3,positive,2,1.0,train,Bầu Đức vừa chi hơn 33 tỷ mua 3 triệu cổ_phiếu HAGL Agrico_HNG,64,62,15,13,False,False,False
raw_data.xlsx::244,raw_data.xlsx,May Việt Tiến (VGG): Quý 1 có lãi hơn 5 tỷ đồng nhờ tiết kiệm chi phí,3,positive,2,1.0,train,May_Việt_Tiến_VGG Quý 1 có lãi hơn 5 tỷ đồng nhờ tiết_kiệm chi_phí,69,66,17,12,False,False,False
raw_data.xlsx::245,raw_data.xlsx,"CRE, HNG, BWE, S4A, ST8, NLG, IDC, CSC, AAV, VKC, VC7, DBT, TMS, TNT: Thông tin giao dịch lượng lớn cổ phiếu",2,neutral,1,0.0,train,CRE HNG BWE S4A ST8 NLG IDC CSC AAV VKC VC7 DBT TMS TNT Thông_tin giao_dịch lượng lớn cổ_phiếu,108,94,22,19,False,False,False
raw_data.xlsx::246,raw_data.xlsx,Những con số nổi bật của thị trường chứng khoán Việt Nam tháng 4,3,positive,2,1.0,train,Những con_số nổi_bật của thị_trường_chứng_khoán Việt_Nam tháng 4,64,64,14,8,False,False,False
raw_data.xlsx::247,raw_data.xlsx,Lịch sự kiện và tin vắn chứng khoán ngày 7/5,2,neutral,1,0.0,train,Lịch_sự kiện và tin_vắn chứng_khoán ngày 7 5,44,44,10,8,False,False,False
raw_data.xlsx::248,raw_data.xlsx,Chiến lược đầu tư cổ phiếu nào thích hợp trong tháng 5?,2,neutral,1,0.0,train,Chiến_lược đầu_tư cổ_phiếu nào thích_hợp trong tháng 5,55,54,12,8,False,False,False
raw_data.xlsx::249,raw_data.xlsx,Một doanh nghiệp sắp trả cổ tức bằng tiền gấp 20 lần thị giá,3,positive,2,1.0,train,Một doanh_nghiệp sắp trả cổ_tức bằng tiền gấp 20 lần thị_giá,60,60,14,11,False,False,False
raw_data.xlsx::250,raw_data.xlsx,Lịch chốt quyền nhận cổ tức bằng tiền của 23 doanh nghiệp,3,positive,2,1.0,train,Lịch chốt quyền nhận cổ_tức bằng tiền của 23 doanh_nghiệp,57,57,12,10,False,False,False
raw_data.xlsx::251,raw_data.xlsx,Nhân viên Masan sắp nhận số cổ phiếu trị giá 560 tỷ đồng với giá mua chỉ bằng 1/10,3,positive,2,1.0,train,Nhân_viên Masan sắp nhận số cổ_phiếu trị_giá 560 tỷ đồng với giá mua chỉ bằng 1 10,82,82,19,17,False,False,False
raw_data.xlsx::252,raw_data.xlsx,"HoSE: Trong tháng 4/2021, khối ngoại giảm bán ròng mạnh, đã chuyển 11 mã cổ phiếu sang HNX",3,positive,2,1.0,train,HoSE_Trong tháng 4 2021 khối ngoại giảm bán ròng mạnh đã chuyển 11 mã cổ_phiếu sang HNX,90,87,18,17,False,False,False
raw_data.xlsx::253,raw_data.xlsx,"Khối ngoại bán ròng hơn 1.100 tỷ đồng, tập trung “xả” Bluechips trong phiên 6/5",1,negative,0,-1.0,train,Khối ngoại bán ròng hơn 1 100 tỷ đồng tập_trung xả Bluechips trong phiên 6 5,79,76,15,16,False,False,False
raw_data.xlsx::254,raw_data.xlsx,"FECON: LNST quý 1 tăng 15% lên 17,4 tỷ đồng",3,positive,2,1.0,train,FECON LNST quý 1 tăng 15 lên 17 4 tỷ đồng,43,41,10,11,False,False,False
raw_data.xlsx::255,raw_data.xlsx,"Tundra: ""Dịch Covid-19 vẫn trong tầm kiểm soát, đây là thời điểm tốt để tích lũy cổ phiếu""",3,positive,2,1.0,train,Tundra_Dịch_Covid 19 vẫn trong tầm kiểm_soát đây là thời_điểm tốt để tích_luỹ cổ_phiếu,90,86,18,13,False,False,False
raw_data.xlsx::256,raw_data.xlsx,"Lượng hàng hóa qua cảng tăng, Cảng Hải Phòng (PHP) báo lãi tăng 42% lên 173 tỷ đồng trong quý 1",3,positive,2,1.0,train,Lượng hàng_hoá qua cảng tăng Cảng Hải_Phòng PHP báo lãi tăng 42 lên 173 tỷ đồng trong quý 1,95,91,21,19,False,False,False
raw_data.xlsx::257,raw_data.xlsx,"Gang thép Hà Nội (HSV) báo lãi quý 1 hơn 1,98 tỷ đồng, hoàn thành 57% kế hoạch cả năm 2021",3,positive,2,1.0,train,Gang_thép Hà_Nội HSV báo lãi quý 1 hơn 1 98 tỷ đồng hoàn_thành 57 kế_hoạch cả năm 2021,90,86,21,18,False,False,False
raw_data.xlsx::258,raw_data.xlsx,"Lãi lớn gấp 32 lần cùng kỳ nhờ chuyển nhượng bất động sản, một doanh nghiệp ngành nước, môi trường sắp trả cổ tức tỷ lệ gần 61%",3,positive,2,1.0,train,Lãi lớn gấp 32 lần cùng kỳ nhờ chuyển_nhượng bất_động_sản một doanh_nghiệp ngành nước môi_trường sắp trả cổ_tức tỷ_lệ gần 61,127,124,28,21,False,False,False
raw_data.xlsx::259,raw_data.xlsx,"Nhà đầu tư F0 dễ sập bẫy ""room"" phím hàng",1,negative,0,-1.0,val,Nhà_đầu_tư F0 dễ sập bẫy room phím hàng,41,39,10,8,False,False,False
raw_data.xlsx::260,raw_data.xlsx,Bloomberg: Dogecoin khiến các loại tài sản như vàng hay cổ phiếu trở nên lỗi thời,2,neutral,1,0.0,train,Bloomberg_Dogecoin khiến các loại tài_sản như vàng hay cổ_phiếu trở_nên lỗi_thời,81,80,16,11,False,False,False
raw_data.xlsx::261,raw_data.xlsx,"Nhóm Bluechips VN30 dẫn dắt, VN-Index có thể lên sát mốc 1.400 điểm trong năm 2021?",3,positive,2,1.0,train,Nhóm Bluechips VN30 dẫn_dắt VN Index có_thể lên sát mốc 1 400 điểm trong năm 2021,83,81,16,16,False,False,False
raw_data.xlsx::262,raw_data.xlsx,Quỹ 2 tỷ USD của Dragon Capital tăng mạnh tỷ trọng VPB và NVL vào cuối tháng 4,3,positive,2,1.0,train,Quỹ 2 tỷ USD của Dragon_Capital tăng mạnh tỷ_trọng VPB và NVL vào cuối tháng 4,78,78,18,16,False,False,False
raw_data.xlsx::263,raw_data.xlsx,"Áp lực bán tăng mạnh, VN-Index giữ được mốc 1.250 điểm nhờ lực đỡ từ cổ phiếu ngân hàng, thép",3,positive,2,1.0,train,Áp_lực bán tăng mạnh VN Index giữ được mốc 1 250 điểm nhờ lực đỡ từ cổ_phiếu ngân_hàng thép,93,91,20,19,False,False,False
raw_data.xlsx::264,raw_data.xlsx,"VC3 tăng mạnh, Chủ tịch HĐQT Tập đoàn Nam Mê Kông vẫn chi hơn 300 tỷ đồng mua gần 15 triệu cổ phiếu",3,positive,2,1.0,train,VC3 tăng mạnh Chủ_tịch HĐQT Tập_đoàn Nam_Mê_Kông vẫn chi hơn 300 tỷ đồng mua gần 15 triệu cổ_phiếu,99,98,23,18,False,False,False
raw_data.xlsx::265,raw_data.xlsx,"Chủ tịch HĐQT Tập đoàn Dabaco đăng ký mua 10,5 triệu cổ phiếu DBC",3,positive,2,1.0,train,Chủ_tịch HĐQT Tập_đoàn Dabaco đăng_ký mua 10 5 triệu cổ_phiếu DBC,65,65,14,11,False,False,False
raw_data.xlsx::266,raw_data.xlsx,"Nhiều cổ phiếu trong rổ tăng nóng, quy mô của “ETF ngân hàng” VN FINLEAD vượt 100 triệu USD",3,positive,2,1.0,train,Nhiều cổ_phiếu trong rổ tăng nóng quy_mô của ETF ngân_hàng VN FINLEAD vượt 100 triệu USD,91,88,19,16,False,False,False
raw_data.xlsx::267,raw_data.xlsx,"VIC, DBC, BWE, IDV, QBS, ITD, HDC, SOV, BVG, SNC, TMT, SPB, SJM: Thông tin giao dịch lượng lớn cổ phiếu",2,neutral,1,0.0,train,VIC DBC BWE IDV QBS ITD HDC SOV BVG SNC TMT SPB SJM Thông_tin giao_dịch lượng lớn cổ_phiếu,103,90,21,18,False,False,False
raw_data.xlsx::268,raw_data.xlsx,Đầu tư cổ phiếu Midcaps hay Bluechips?,2,neutral,1,0.0,train,Đầu_tư cổ_phiếu Midcaps hay Bluechips,38,37,7,5,False,False,False
raw_data.xlsx::269,raw_data.xlsx,"Không còn khoản lãi thoái vốn đầu tư, OCH báo lỗ 34 tỷ đồng trong quý 1/2021",1,negative,0,-1.0,train,Không còn khoản lãi thoái vốn đầu_tư OCH báo lỗ 34 tỷ đồng trong quý 1 2021,76,75,17,17,False,False,False
raw_data.xlsx::270,raw_data.xlsx,"Chứng khoán BSC: ""VN-Index có thể hướng về ngưỡng 1.300 điểm trong tháng 5""",1,negative,0,-1.0,train,Chứng_khoán BSC VN Index có_thể hướng về ngưỡng 1 300 điểm trong tháng 5,75,72,14,14,False,False,False
raw_data.xlsx::271,raw_data.xlsx,HAGL là công ty gì sau khi bán HNG cho Thaco?,2,neutral,1,0.0,train,HAGL là công_ty gì sau khi bán HNG cho Thaco,45,44,11,10,False,False,False
raw_data.xlsx::272,raw_data.xlsx,Lịch sự kiện và tin vắn chứng khoán ngày 6/5,2,neutral,1,0.0,train,Lịch_sự kiện và tin_vắn chứng_khoán ngày 6 5,44,44,10,8,False,False,False
raw_data.xlsx::273,raw_data.xlsx,"KQKD ngành khu công nghiệp quý 1: Nhiều doanh nghiệp lãi lớn, quán quân thuộc về công ty lãi gấp 8 lần cùng kỳ",3,positive,2,1.0,train,KQKD ngành khu công_nghiệp quý 1 Nhiều doanh_nghiệp lãi lớn quán_quân thuộc về công_ty lãi gấp 8 lần cùng kỳ,110,108,24,20,False,False,False
raw_data.xlsx::274,raw_data.xlsx,"HDB, TCB bứt phá, VnIndex chốt phiên tăng 14 điểm",3,positive,2,1.0,train,HDB TCB bứt_phá VnIndex chốt phiên tăng 14 điểm,49,47,10,9,False,False,False
raw_data.xlsx::275,raw_data.xlsx,"Gỗ Trường Thành (TTF): Quý 1/2021 lỗ ròng 40 tỷ đồng, vốn chủ đang âm 624 tỷ",1,negative,0,-1.0,val,Gỗ_Trường_Thành_TTF Quý 1 2021 lỗ ròng 40 tỷ đồng_vốn chủ đang âm 624 tỷ,76,72,17,14,False,False,False
raw_data.xlsx::276,raw_data.xlsx,"Vinacafe Biên Hòa (VCF) báo lãi 76 tỷ đồng trong quý 1, giảm 26% so với cùng kỳ",1,negative,0,-1.0,val,Vinacafe_Biên_Hoà_VCF báo lãi 76 tỷ đồng trong quý 1 giảm 26 so với cùng kỳ,79,75,18,15,False,False,False
raw_data.xlsx::277,raw_data.xlsx,Dược Cửu Long (DCL) lên tiếng về quyết định khởi tố vụ án hình sự xảy ra tại công ty,2,neutral,1,0.0,train,Dược_Cửu_Long_DCL lên_tiếng về quyết_định khởi_tố vụ án hình_sự xảy ra tại công_ty,84,82,20,12,False,False,False
raw_data.xlsx::278,raw_data.xlsx,"LDG, NLG, CRE, HNG, ITA, TEG, PAC, TRT, PTL, SHB, VC3, MHL: Thông tin giao dịch lượng lớn cổ phiếu",2,neutral,1,0.0,val,LDG NLG CRE HNG ITA TEG PAC TRT PTL SHB VC3 MHL Thông_tin giao_dịch lượng lớn cổ_phiếu,98,86,20,17,False,False,False
raw_data.xlsx::279,raw_data.xlsx,"Kết quả kinh doanh ngành thủy điện quý 1: Nhiều doanh nghiệp lãi gấp 3-4 lần cùng kỳ, quán quân thuộc về doanh nghiệp lãi gấp 8 lần",3,positive,2,1.0,train,Kết_quả kinh_doanh ngành thuỷ_điện quý 1 Nhiều doanh_nghiệp lãi gấp 3 4 lần cùng kỳ quán_quân thuộc về doanh_nghiệp lãi gấp 8 lần,131,129,28,23,False,False,False
raw_data.xlsx::280,raw_data.xlsx,"Nhựa An Phát Xanh đấu giá thành công 75 triệu cổ phiếu, thu về gần 1.068 tỷ đồng",3,positive,2,1.0,train,Nhựa_An_Phát_Xanh đấu giá_thành_công 75 triệu cổ_phiếu thu về gần 1 068 tỷ đồng,80,79,18,13,False,False,False
raw_data.xlsx::281,raw_data.xlsx,Siam Brothers Việt Nam kỳ vọng lợi nhuận tăng đột biến,2,neutral,1,0.0,train,Siam_Brothers Việt_Nam kỳ_vọng lợi_nhuận tăng đột_biến,54,54,11,6,False,False,False
raw_data.xlsx::282,raw_data.xlsx,"Ngày làm bảo vệ, tối nghiên cứu chứng khoán, người đàn ông trở thành triệu phú sở hữu 8 triệu USD nhưng người nhà không hề biết",2,neutral,1,0.0,train,Ngày làm bảo_vệ tối nghiên_cứu chứng_khoán người đàn_ông trở_thành triệu_phú sở_hữu 8 triệu USD nhưng người_nhà không hề biết,127,125,27,19,False,False,False
raw_data.xlsx::283,raw_data.xlsx,"Bộ Tài chính: “Chưa có kế hoạch tiếp tục nâng lô giao dịch, FPT đang gấp rút khắc phục sự cố nghẽn lệnh”",2,neutral,1,0.0,train,Bộ Tài_chính Chưa có kế_hoạch tiếp_tục nâng lô giao_dịch FPT đang gấp_rút khắc_phục sự_cố nghẽn lệnh,104,100,23,16,False,False,False
raw_data.xlsx::284,raw_data.xlsx,"VEAM báo lãi 1.446 tỷ đồng trong quý 1/2021, vẫn còn hơn 14.000 tỷ đồng đi gửi ngân hàng",3,positive,2,1.0,train,VEAM báo lãi 1 446 tỷ đồng trong quý 1 2021 vẫn còn hơn 14 000 tỷ đồng đi gửi ngân_hàng,88,87,19,21,False,False,False
raw_data.xlsx::285,raw_data.xlsx,Lịch sự kiện và tin vắn chứng khoán ngày 5/5,2,neutral,1,0.0,train,Lịch_sự kiện và tin_vắn chứng_khoán ngày 5 5,44,44,10,8,False,False,False
raw_data.xlsx::286,raw_data.xlsx,Lịch chốt quyền nhận cổ tức bằng tiền của 20 doanh nghiệp,3,positive,2,1.0,train,Lịch chốt quyền nhận cổ_tức bằng tiền của 20 doanh_nghiệp,57,57,12,10,False,False,False
raw_data.xlsx::287,raw_data.xlsx,Bộ Tài chính “tuýt còi” các Công ty chứng khoán “biến tướng” huy động vốn từ khách hàng,1,negative,0,-1.0,train,Bộ Tài_chính tuýt còi các Công_ty chứng_khoán biến_tướng huy_động vốn từ khách_hàng,87,83,18,12,False,False,False
raw_data.xlsx::288,raw_data.xlsx,Vinaconex (VCG): Quý 1 lãi 345 tỷ đồng gấp hơn 5 lần cùng kỳ,3,positive,2,1.0,train,Vinaconex_VCG_Quý 1 lãi 345 tỷ đồng gấp hơn 5 lần cùng kỳ,60,57,14,12,False,False,False
raw_data.xlsx::289,raw_data.xlsx,"Hoàng Anh Gia Lai (HAG): Tiếp tục bán thảo thuận 80 triệu cổ phần tại HAGL Agrico, dự thu hàng trăm tỷ nhằm tái cấu trúc nợ ngân hàng",3,positive,2,1.0,train,Hoàng_Anh Gia_Lai HAG Tiếp_tục bán thảo thuận 80 triệu cổ_phần tại HAGL Agrico dự_thu hàng trăm tỷ nhằm tái cấu_trúc nợ ngân_hàng,133,129,29,22,False,False,False
raw_data.xlsx::290,raw_data.xlsx,Đầu tư Sài Gòn VRG (SIP) bất ngờ báo lãi quý 1 gấp 4 lần cùng kỳ,3,positive,2,1.0,train,Đầu_tư Sài_Gòn VRG SIP bất_ngờ báo lãi quý 1 gấp 4 lần cùng kỳ,64,62,17,14,False,False,False
raw_data.xlsx::291,raw_data.xlsx,"FPT Retail (FRT): Quý 1/2021 thực hiện 1/3 kế hoạch lãi cả năm với 31 tỷ đồng, bắt đầu tham gia bán đồng hồ thương hiệu Garmin",3,positive,2,1.0,train,FPT Retail_FRT_Quý 1 2021 thực_hiện 1 3 kế_hoạch lãi cả năm với 31 tỷ đồng bắt_đầu tham_gia bán đồng_hồ thương_hiệu Garmin,126,122,27,21,False,False,False
raw_data.xlsx::292,raw_data.xlsx,"Thị trường rung lắc mạnh, khối ngoại bán ròng 650 tỷ đồng trong phiên 4/5",1,negative,0,-1.0,train,Thị_trường rung lắc mạnh khối ngoại bán ròng 650 tỷ đồng trong phiên 4 5,73,72,15,15,False,False,False
raw_data.xlsx::293,raw_data.xlsx,"TCB, CTG tăng mạnh mẽ, VnIndex tăng trong phiên giao dịch đầu tiên của tháng 5",3,positive,2,1.0,train,TCB CTG tăng mạnh_mẽ VnIndex tăng trong phiên giao_dịch đầu_tiên của tháng 5,78,76,16,13,False,False,False
raw_data.xlsx::294,raw_data.xlsx,Doanh nghiệp kinh doanh kềm duy nhất trên sàn sắp trả cổ tức gấp đôi thị giá,3,positive,2,1.0,train,Doanh_nghiệp kinh_doanh kềm duy_nhất trên sàn sắp trả cổ_tức gấp đôi thị_giá,76,76,17,12,False,False,False
raw_data.xlsx::295,raw_data.xlsx,Đại hội cổ đông IDJ thông qua kế hoạch kinh doanh tăng trưởng doanh thu nghìn tỷ,3,positive,2,1.0,train,Đại_hội cổ_đông IDJ thông_qua kế_hoạch kinh_doanh tăng_trưởng doanh_thu nghìn tỷ,80,80,17,10,False,False,False
raw_data.xlsx::296,raw_data.xlsx,"Bloomberg: Nhà đầu tư cá nhân đang ""gồng gánh"" đà tăng tốt nhất châu Á của chứng khoán Việt Nam, khi nào khối ngoại mới quay trở lại?",2,neutral,1,0.0,train,Bloomberg_Nhà đầu_tư cá_nhân đang gồng_gánh đà tăng tốt nhất châu_Á của chứng_khoán Việt_Nam khi nào khối ngoại mới quay trở_lại,133,128,28,20,False,False,False
raw_data.xlsx::297,raw_data.xlsx,"Quỹ từ thiện của Bill Gates và vợ là một trong hai cổ đông lớn nhất của VEIL, quỹ đầu tư quản lý 2 tỷ USD cổ phiếu Việt Nam",3,positive,2,1.0,test,Quỹ từ_thiện của Bill_Gates và vợ là một trong hai cổ_đông lớn nhất của VEIL quỹ đầu_tư quản_lý 2 tỷ USD cổ_phiếu Việt_Nam,123,122,30,23,False,False,False
raw_data.xlsx::298,raw_data.xlsx,"Điểm danh những doanh nghiệp chốt quyền nhận cổ tức bằng tiền, bằng cổ phiếu và cổ phiếu thưởng tuần từ 4/5-7/5",3,positive,2,1.0,val,Điểm_danh những doanh_nghiệp chốt quyền nhận cổ_tức bằng tiền bằng cổ_phiếu và cổ_phiếu thưởng tuần từ 4 5 7 5,111,110,22,20,False,False,False
raw_data.xlsx::299,raw_data.xlsx,Viet Phat Group (VPG): Quý 1 lãi kỷ lục 138 tỷ đồng,3,positive,2,1.0,train,Viet_Phat_Group_VPG Quý 1 lãi kỷ_lục 138 tỷ đồng,51,48,12,8,False,False,False
raw_data.xlsx::300,raw_data.xlsx,"SAM Holdings (SAM) báo lãi quý 1 tăng gấp 4,5 lần cùng kỳ nhờ nguồn thu tài chính",3,positive,2,1.0,test,SAM Holdings_SAM báo lãi quý 1 tăng gấp 4 5 lần cùng kỳ nhờ nguồn thu tài_chính,81,79,18,17,False,False,False
raw_data.xlsx::301,raw_data.xlsx,"PV Power (POW): Quý 1 lãi sau thuế đạt 566 tỷ đồng, tăng 12% so với cùng kỳ",3,positive,2,1.0,train,PV Power_POW_Quý 1 lãi sau thuế đạt 566 tỷ đồng tăng 12 so với cùng kỳ,75,70,18,16,False,False,False
raw_data.xlsx::302,raw_data.xlsx,Tiêu điểm xử phạt tuần qua: Loạt cá nhân và doanh nghiệp bị UBCKN phạt nặng,1,negative,0,-1.0,train,Tiêu_điểm xử_phạt tuần qua Loạt cá_nhân và doanh_nghiệp bị UBCKN phạt nặng,75,74,16,12,False,False,False
raw_data.xlsx::303,raw_data.xlsx,Bamboo Capital (BCG): Quý 1 lãi 163 tỷ đồng cao gấp 20 lần cùng kỳ,3,positive,2,1.0,train,Bamboo_Capital_BCG_Quý 1 lãi 163 tỷ đồng cao gấp 20 lần cùng kỳ,66,63,15,12,False,False,False
raw_data.xlsx::304,raw_data.xlsx,"Gelex (GEX): LNST quý 1 tăng 211% lên 291 tỷ đồng, lãi kinh doanh chứng khoán tăng mạnh",3,positive,2,1.0,train,Gelex_GEX_LNST quý 1 tăng 211 lên 291 tỷ đồng lãi kinh_doanh chứng_khoán tăng mạnh,87,82,18,14,False,False,False
raw_data.xlsx::305,raw_data.xlsx,Lịch sự kiện và tin vắn chứng khoán ngày 4/5,2,neutral,1,0.0,val,Lịch_sự kiện và tin_vắn chứng_khoán ngày 4 5,44,44,10,8,False,False,False
raw_data.xlsx::306,raw_data.xlsx,"Coteccons (CTD): Lợi nhuận quý 1/2021 giảm mạnh 56% xuống còn 54,4 tỷ đồng",1,negative,0,-1.0,train,Coteccons_CTD_Lợi nhuận quý 1 2021 giảm mạnh 56 xuống còn 54 4 tỷ đồng,74,70,14,14,False,False,False
raw_data.xlsx::307,raw_data.xlsx,Hơn 2.500 tỷ đồng đổ vào TTCK Việt Nam ngay trước kỳ nghỉ lễ thông qua 3 quỹ ETFs,3,positive,2,1.0,train,Hơn 2 500 tỷ đồng đổ vào TTCK Việt_Nam ngay trước kỳ nghỉ lễ thông_qua 3 quỹ ETFs,81,81,19,18,False,False,False
raw_data.xlsx::308,raw_data.xlsx,Vinacomin Power (DTK): Quý 1 lãi 208 tỷ đồng tăng 44% so với cùng kỳ,3,positive,2,1.0,train,Vinacomin_Power_DTK_Quý 1 lãi 208 tỷ đồng tăng 44 so với cùng kỳ,68,64,15,12,False,False,False
raw_data.xlsx::309,raw_data.xlsx,Lịch chốt quyền nhận cổ tức bằng tiền của 7 doanh nghiệp,3,positive,2,1.0,val,Lịch chốt quyền nhận cổ_tức bằng tiền của 7 doanh_nghiệp,56,56,12,10,False,True,True
raw_data.xlsx::310,raw_data.xlsx,"Hoàng Anh Gia Lai (HAG): Bán đi ""đứa con"" nông nghiệp, quy mô tài sản giảm phân nửa, doanh thu cũng chỉ bằng ¼ cùng kỳ với 284 tỷ đồng",1,negative,0,-1.0,test,Hoàng_Anh Gia_Lai HAG Bán đi đứa con nông_nghiệp quy_mô tài_sản giảm phân_nửa doanh_thu cũng chỉ bằng ¼ cùng kỳ với 284 tỷ đồng,134,127,30,23,False,False,False
raw_data.xlsx::311,raw_data.xlsx,Transimex (TMS): Quý 1 lãi ròng 99 tỷ đồng – cao nhất trong lịch sử niêm yết,3,positive,2,1.0,train,Transimex_TMS_Quý 1 lãi_ròng 99 tỷ đồng cao nhất trong lịch_sử niêm_yết,76,71,17,11,False,False,False
raw_data.xlsx::312,raw_data.xlsx,"Mạnh tay chi quảng cáo, khuyến mại, lợi nhuận quý 1 của Lộc Trời phục hồi mạnh lên 182 tỷ đồng",3,positive,2,1.0,train,Mạnh_tay chi quảng_cáo khuyến_mại lợi_nhuận quý 1 của Lộc_Trời phục_hồi mạnh lên 182 tỷ đồng,94,92,21,15,False,False,False
raw_data.xlsx::313,raw_data.xlsx,Warren Buffett gửi lời khuyên đặc biệt đến các nhà đầu tư mới,2,neutral,1,0.0,train,Warren_Buffett gửi lời khuyên đặc_biệt đến các nhà_đầu_tư mới,61,61,13,9,False,False,False
raw_data.xlsx::314,raw_data.xlsx,"Mã chứng khoán liên quan tới Techcombank tăng 3,5 lần trong vòng 1 tháng",3,positive,2,1.0,train,Mã chứng_khoán liên_quan tới Techcombank tăng 3 5 lần trong vòng 1 tháng,72,72,14,13,False,False,False
raw_data.xlsx::315,raw_data.xlsx,"Sơn Hà (SHI) báo lãi quý 1 hơn 40 tỷ, hoàn thành gần 40% kế hoạch năm 2021",3,positive,2,1.0,test,Sơn_Hà SHI báo lãi quý 1 hơn 40 tỷ hoàn_thành gần 40 kế_hoạch năm 2021,74,70,18,15,False,False,False
raw_data.xlsx::316,raw_data.xlsx,"PVI báo lãi quý 1 gấp đôi cùng kỳ, lên 190 tỷ đồng",3,positive,2,1.0,train,PVI báo lãi quý 1 gấp đôi cùng kỳ lên 190 tỷ đồng,50,49,13,13,False,False,False
raw_data.xlsx::317,raw_data.xlsx,Cơ hội đầu tư cổ phiếu từ cuộc đua tăng vốn của các Công ty chứng khoán,3,positive,2,1.0,train,Cơ_hội đầu_tư cổ_phiếu từ cuộc đua tăng vốn của các Công_ty chứng_khoán,71,71,17,12,False,False,False
raw_data.xlsx::318,raw_data.xlsx,"VNDIRECT: Rủi ro “Sell in May” gia tăng, VN-Index có thể về dưới 1.200 điểm trong tháng 5",1,negative,0,-1.0,train,VNDIRECT Rủi_ro Sell in May gia_tăng VN Index có_thể về dưới 1 200 điểm trong tháng 5,89,85,18,17,False,False,False
raw_data.xlsx::319,raw_data.xlsx,"Doanh thu tăng cao, quý 1 Habeco lãi ròng gần 64 tỷ đồng",3,positive,2,1.0,train,Doanh_thu tăng cao_quý 1 Habeco lãi_ròng gần 64 tỷ đồng,56,55,13,10,False,False,False
raw_data.xlsx::320,raw_data.xlsx,"Kinh Bắc (KBC) đạt lợi nhuận kỷ lục trong quý 1/2021 với 599 tỷ đồng, cao gấp 11 lần cùng kỳ",3,positive,2,1.0,val,Kinh_Bắc_KBC đạt lợi_nhuận kỷ_lục trong quý 1 2021 với 599 tỷ đồng cao gấp 11 lần cùng kỳ,92,89,21,18,False,False,False
raw_data.xlsx::321,raw_data.xlsx,"EVNGenco 3 (PGV): Ghi nhận chênh lệch tỷ giá, lãi ròng quý 1/2021 đột biến lên 786 tỷ đồng",3,positive,2,1.0,train,EVNGenco 3 PGV Ghi_nhận chênh_lệch tỷ_giá lãi_ròng quý 1 2021 đột_biến lên 786 tỷ đồng,90,86,19,15,False,False,False
raw_data.xlsx::322,raw_data.xlsx,"Ngành thép quý 1: Lợi nhuận tăng hàng chục lần so với cùng kỳ, quán quân tăng trưởng thuộc về doanh nghiệp có lãi gấp 30 lần",3,positive,2,1.0,train,Ngành thép quý 1 Lợi_nhuận tăng hàng chục lần so với cùng kỳ quán_quân tăng_trưởng thuộc về doanh_nghiệp có lãi gấp 30 lần,124,122,27,23,False,False,False
raw_data.xlsx::323,raw_data.xlsx,"Bất chấp áp lực cạnh tranh, ""huyền thoại"" Pin Con Thỏ vẫn đứng vững sau 6 thập kỷ, mỗi năm báo lãi hàng chục tỷ đồng",3,positive,2,1.0,train,Bất_chấp áp_lực cạnh_tranh huyền_thoại Pin_Con_Thỏ vẫn đứng vững sau 6 thập_kỷ mỗi năm báo lãi hàng chục tỷ đồng,116,112,26,19,False,False,False
raw_data.xlsx::324,raw_data.xlsx,Đường sắt Hà Nội và Sài Gòn tiếp tục lỗ trong quý 1,1,negative,0,-1.0,train,Đường_sắt Hà_Nội và Sài_Gòn tiếp_tục lỗ trong quý 1,51,51,13,9,False,False,False
raw_data.xlsx::325,raw_data.xlsx,"Ghi nhận 571 tỷ đồng lợi nhuận từ chuyển nhượng nhà máy xi măng, Thai Holdings (THD) báo lãi quý 1 gấp 40 lần cùng kỳ",3,positive,2,1.0,train,Ghi_nhận 571 tỷ đồng lợi_nhuận từ chuyển_nhượng nhà_máy xi_măng Thai_Holdings_THD báo lãi quý 1 gấp 40 lần cùng kỳ,117,114,26,19,False,False,False
raw_data.xlsx::326,raw_data.xlsx,Khoáng sản TKV: Quý 1 lãi 151 tỷ đồng cao gấp 6 lần cùng kỳ 2020,3,positive,2,1.0,train,Khoáng_sản TKV Quý 1 lãi 151 tỷ đồng cao gấp 6 lần cùng kỳ 2020,64,63,16,15,False,False,False
raw_data.xlsx::327,raw_data.xlsx,"Becamex (BCM): Quý 1 lãi 457 tỷ đồng, tăng 47% so với cùng kỳ 2020",3,positive,2,1.0,train,Becamex_BCM_Quý 1 lãi 457 tỷ đồng tăng 47 so với cùng kỳ 2020,66,61,15,13,False,False,False
raw_data.xlsx::328,raw_data.xlsx,Nhiệt điện Phả Lại (PPC) tạm ứng tiếp cổ tức đợt 3 bằng tiền tỷ lệ gần 19%,1,negative,0,-1.0,train,Nhiệt_điện Phả_Lại_PPC tạm_ứng tiếp cổ_tức đợt 3 bằng tiền tỷ_lệ gần 19,74,71,18,12,False,False,False
raw_data.xlsx::329,raw_data.xlsx,"HAGL Agrico (HNG): Doanh thu giảm phân nửa xuống 260 tỷ sau quý đầu tiên do Thaco ""cầm lái"", 3 tháng thực hiện 12% chỉ tiêu cả năm 2021",1,negative,0,-1.0,train,HAGL Agrico_HNG_Doanh thu giảm phân_nửa xuống 260 tỷ sau quý đầu_tiên do Thaco cầm lái 3 tháng thực_hiện 12 chỉ_tiêu cả năm 2021,135,128,29,23,False,False,False
raw_data.xlsx::330,raw_data.xlsx,"""Sức nóng"" của việc lấy bằng lái xe ""đẩy"" giá cổ phiếu của doanh nghiệp sát hạch lái xe duy nhất trên sàn chứng khoán",2,neutral,1,0.0,train,Sức nóng của việc lấy bằng lái_xe đẩy giá cổ_phiếu của doanh_nghiệp sát_hạch lái_xe duy_nhất trên sàn chứng_khoán,117,113,25,18,False,False,False
raw_data.xlsx::331,raw_data.xlsx,Doanh thu hơn 1 tỷ USD của Vingroup trong quý đầu năm đến từ những gì?,2,neutral,1,0.0,train,Doanh_thu hơn 1 tỷ USD của Vingroup trong quý đầu năm đến từ những gì,70,69,16,15,False,False,False
raw_data.xlsx::332,raw_data.xlsx,"ĐHĐCĐ Nhơn Trạch 2 (NT2): Tháng 6/2021 dự trả hết nợ nước ngoài, đến năm 2031 khấu hao xong thì dòng tiền sẽ mạnh",2,neutral,1,0.0,train,ĐHĐCĐ Nhơn_Trạch 2 NT2 Tháng 6 2021 dự trả hết nợ nước_ngoài đến năm 2031 khấu_hao xong thì dòng tiền sẽ mạnh,113,109,24,22,False,False,False
raw_data.xlsx::333,raw_data.xlsx,"Sabeco đã thoái hết vốn tại OCB, lợi nhuận ròng quý 1 tăng gần 38%",3,positive,2,1.0,train,Sabeco đã thoái hết vốn tại OCB lợi_nhuận ròng quý 1 tăng gần 38,66,64,15,14,False,False,False
raw_data.xlsx::334,raw_data.xlsx,Nhà Khang Điền (KDH): Quý 1 lãi 207 tỷ đồng tăng 33% so với cùng kỳ,3,positive,2,1.0,train,Nhà Khang_Điền_KDH_Quý 1 lãi 207 tỷ đồng tăng 33 so với cùng kỳ,67,63,16,13,False,False,False
raw_data.xlsx::335,raw_data.xlsx,"Everpia (EVE): Doanh thu đi ngang, lãi quý 1 hơn 4,5 tỷ đồng",3,positive,2,1.0,val,Everpia_EVE_Doanh thu đi ngang lãi quý 1 hơn 4 5 tỷ đồng,60,56,13,12,False,False,False
raw_data.xlsx::336,raw_data.xlsx,Khối ngoại chấm dứt chuỗi 6 tháng bán ròng liên tiếp trên HoSE giao dịch thỏa thuận đột biến,3,positive,2,1.0,train,Khối ngoại chấm_dứt chuỗi 6 tháng bán ròng liên_tiếp trên HoSE giao_dịch thoả_thuận đột_biến,92,92,19,14,False,False,False
raw_data.xlsx::337,raw_data.xlsx,Thép Tiến Lên (TLH): Quý 1 lãi 120 tỷ đồng – cao nhất trong vòng 4 năm qua,3,positive,2,1.0,train,Thép_Tiến_Lên_TLH Quý 1 lãi 120 tỷ đồng cao nhất trong vòng 4 năm qua,74,69,18,14,False,False,False
raw_data.xlsx::338,raw_data.xlsx,Kinh doanh dưới giá vốn khiến quý 1 PV Drilling (PVD) lỗ 110 tỷ đồng,1,negative,0,-1.0,train,Kinh_doanh dưới giá_vốn khiến quý 1 PV Drilling_PVD lỗ 110 tỷ đồng,68,66,15,12,False,False,False
raw_data.xlsx::339,raw_data.xlsx,"Cơ điện lạnh (REE): Quý 1 lãi 472 tỷ đồng, tăng 72% so với cùng kỳ 2020",3,positive,2,1.0,val,Cơ_điện lạnh REE Quý 1 lãi 472 tỷ đồng tăng 72 so với cùng kỳ 2020,71,66,17,16,False,False,False
raw_data.xlsx::340,raw_data.xlsx,"PVTrans (PVT) báo quý 1 lãi 174 tỷ đồng, tăng gần gấp đôi cùng kỳ 2020",3,positive,2,1.0,train,PVTrans_PVT báo quý 1 lãi 174 tỷ đồng tăng gần gấp đôi cùng kỳ 2020,70,67,16,15,False,False,False
raw_data.xlsx::341,raw_data.xlsx,Gemadept (GMD): Quý 1 lãi 172 tỷ đồng tăng 40% so với cùng kỳ,3,positive,2,1.0,train,Gemadept_GMD_Quý 1 lãi 172 tỷ đồng tăng 40 so với cùng kỳ,61,57,14,12,False,False,False
raw_data.xlsx::342,raw_data.xlsx,"ĐHĐCĐ FRT: Kế hoạch LNTT tăng 320% lên 120 tỷ đồng, năm 2021 nhận thêm cơ hội từ hãng Apple khi miếng bánh kênh chính ngạch tăng mạnh",3,positive,2,1.0,test,ĐHĐCĐ FRT Kế_hoạch LNTT tăng 320 lên 120 tỷ đồng năm 2021 nhận thêm cơ_hội từ hãng Apple khi miếng bánh kênh chính_ngạch tăng mạnh,133,130,28,25,False,False,False
raw_data.xlsx::343,raw_data.xlsx,Ông Dominic Scriven 'khoe' là khách hàng đầu tiên của quỹ hưu trí do Dragon Capital triển khai,2,neutral,1,0.0,train,Ông Dominic_Scriven khoe là khách_hàng đầu_tiên của quỹ hưu_trí do Dragon_Capital triển_khai,94,92,18,12,False,False,False
raw_data.xlsx::344,raw_data.xlsx,"Lỗ thêm 4.900 tỷ trong quý 1, tổng lỗ lũy kế của Vietnam Airlines đã lên hơn 14.200 tỷ, nguy cơ âm vốn cận kề",1,negative,0,-1.0,train,Lỗ thêm 4 900 tỷ trong quý 1 tổng lỗ luỹ kế của Vietnam_Airlines đã lên hơn 14 200 tỷ nguy_cơ âm vốn cận_kề,109,107,25,24,False,False,False
raw_data.xlsx::345,raw_data.xlsx,"Tân Tạo (ITA): Quý 1 lãi 58 tỷ đồng tăng, 127% so với cùng kỳ 2020",3,positive,2,1.0,train,Tân_Tạo ITA Quý 1 lãi 58 tỷ đồng tăng 127 so với cùng kỳ 2020,66,61,16,15,False,False,False
raw_data.xlsx::346,raw_data.xlsx,"Thị trường tăng điểm, khối ngoại quay đầu bán ròng gần 400 tỷ đồng trong phiên 29/4",1,negative,0,-1.0,train,Thị_trường tăng điểm khối ngoại quay đầu bán ròng gần 400 tỷ đồng trong phiên 29 4,83,82,17,17,False,False,False
raw_data.xlsx::347,raw_data.xlsx,Masan Group (MSN): Doanh thu quý 1/2021 tăng hơn 13% lên gần 20.000 tỷ đồng,3,positive,2,1.0,train,Masan_Group_MSN_Doanh thu quý 1 2021 tăng hơn 13 lên gần 20 000 tỷ đồng,75,71,15,14,False,False,False
raw_data.xlsx::348,raw_data.xlsx,"Vicostone (VCS): Quý 1 lãi 371 tỷ đồng, tăng 22% so với cùng kỳ",3,positive,2,1.0,train,Vicostone_VCS_Quý 1 lãi 371 tỷ đồng tăng 22 so với cùng kỳ,63,58,14,12,False,False,False
raw_data.xlsx::349,raw_data.xlsx,"Cơ điện lạnh (REE) báo lãi quý 1 tăng 70%, lên 471 tỷ đồng",3,positive,2,1.0,val,Cơ_điện lạnh REE báo lãi quý 1 tăng 70 lên 471 tỷ đồng,58,54,14,13,False,False,False
raw_data.xlsx::350,raw_data.xlsx,"ĐHĐCĐ Tracodi (TCD): Giá thép tăng gấp đôi đã và đang tác động đến ngành xây lắp, sẽ mua trước trữ lượng khoảng 30-50% giá trị hợp đồng",3,positive,2,1.0,train,ĐHĐCĐ Tracodi_TCD_Giá thép tăng gấp đôi đã và đang tác_động đến ngành xây_lắp sẽ mua trước trữ_lượng khoảng 30 50 giá_trị hợp_đồng,135,130,28,22,False,False,False
raw_data.xlsx::351,raw_data.xlsx,"Bị tag hẳn tên vào bài đăng tố 'làm giá' Bitcoin, âm thầm mua đáy, bán đỉnh, thao túng thị trường, Elon Musk đáp trả 1 câu hút gần 100.000 lượt thích",2,neutral,1,0.0,train,Bị tag hẳn tên vào bài đăng tố làm_giá Bitcoin âm_thầm mua đáy bán đỉnh thao_túng thị_trường Elon_Musk đáp trả 1 câu hút gần 100 000 lượt thích,149,143,32,28,False,False,False
raw_data.xlsx::352,raw_data.xlsx,"Ngành dệt may phục hồi, quý 1 Vinatex lãi 200 tỷ đồng, tăng 28% so với cùng kỳ",3,positive,2,1.0,val,Ngành dệt_may phục_hồi quý 1 Vinatex lãi 200 tỷ đồng tăng 28 so với cùng kỳ,78,75,18,16,False,False,False
raw_data.xlsx::353,raw_data.xlsx,Giá dầu Brent tăng cao giúp PVOIL lãi 191 tỷ đồng trong quý 1,3,positive,2,1.0,val,Giá dầu Brent tăng cao giúp PVOIL lãi 191 tỷ đồng trong quý 1,61,61,14,14,False,False,False
raw_data.xlsx::354,raw_data.xlsx,"Nhờ thị trường thép tiếp tục đà tăng giá, VnSteel (TVN) báo lợi nhuận quý 1 tăng gấp gần 14 lần cùng kỳ 2020",3,positive,2,1.0,train,Nhờ thị_trường thép tiếp_tục đà tăng_giá VnSteel_TVN báo lợi_nhuận quý 1 tăng gấp gần 14 lần cùng kỳ 2020,108,105,24,19,False,False,False
raw_data.xlsx::355,raw_data.xlsx,"Đại hội cổ đông OGC lần 1 diễn ra bất thành, chỉ có hơn 57% cổ phần có quyền biểu quyết tham dự.",2,neutral,1,0.0,train,Đại_hội cổ_đông OGC lần 1 diễn ra bất_thành chỉ có hơn 57 cổ_phần có quyền biểu_quyết tham_dự,96,93,23,17,False,False,False
raw_data.xlsx::356,raw_data.xlsx,"Dịch covid – 19 được kiểm soát, ""bút bi"" Thiên Long báo lãi tăng mạnh so với quý 1/2020",3,positive,2,1.0,val,Dịch covid 19 được kiểm_soát bút_bi Thiên_Long báo lãi tăng mạnh so với quý 1 2020,87,82,19,16,False,False,False
raw_data.xlsx::357,raw_data.xlsx,"Cổ phiếu ngân hàng bứt phá mạnh trong ngày ETFs cơ cấu danh mục, VN-Index áp sát mốc 1.240 điểm",3,positive,2,1.0,train,Cổ_phiếu ngân_hàng bứt_phá mạnh trong ngày ETFs cơ_cấu danh_mục VN Index áp sát mốc 1 240 điểm,95,94,20,17,False,False,False
raw_data.xlsx::358,raw_data.xlsx,Áp lực giá vốn khiến Nhựa Bình Minh (BMP) báo lãi 84 tỷ đồng - thấp nhất trong vòng 5 năm qua,1,negative,0,-1.0,test,Áp_lực giá_vốn khiến Nhựa_Bình_Minh_BMP báo lãi 84 tỷ đồng thấp nhất trong vòng 5 năm qua,93,89,22,16,False,False,False
raw_data.xlsx::359,raw_data.xlsx,"SSI đặt mục tiêu 1.870 tỷ đồng LNTT, dự kiến phát hành tối đa 442 triệu cổ phiếu tăng vốn lên 11.000 tỷ đồng",3,positive,2,1.0,train,SSI đặt mục_tiêu 1 870 tỷ đồng LNTT dự_kiến phát_hành tối_đa 442 triệu cổ_phiếu tăng vốn lên 11 000 tỷ đồng,108,107,24,21,False,False,False
raw_data.xlsx::360,raw_data.xlsx,"VNM, VIB, G36, BWE, HCM, NKG, NLG, ACN, NHP, PNG, TDC, PVV, DTE, DRI, MQN: Thông tin giao dịch lượng lớn cổ phiếu",2,neutral,1,0.0,train,VNM VIB G36 BWE HCM NKG NLG ACN NHP PNG TDC PVV DTE DRI MQN Thông_tin giao_dịch lượng lớn cổ_phiếu,113,98,23,20,False,False,False
raw_data.xlsx::361,raw_data.xlsx,"Đường Quảng Ngãi (QNS): Mảng đường cải thiện, lãi ròng quý 1/2021 tăng 38% lên 161 tỷ đồng",3,positive,2,1.0,train,Đường Quảng_Ngãi QNS Mảng đường cải_thiện lãi_ròng quý 1 2021 tăng 38 lên 161 tỷ đồng,90,85,18,16,False,False,False
raw_data.xlsx::362,raw_data.xlsx,ĐHĐCĐ DIC số 1 (DC1): Trả cổ tức 30% và tăng vốn lên gấp đôi ngay trong năm 2021.,3,positive,2,1.0,val,ĐHĐCĐ DIC số 1 DC1 Trả cổ_tức 30 và tăng vốn lên gấp đôi ngay trong năm 2021,81,76,19,18,False,False,False
raw_data.xlsx::363,raw_data.xlsx,Vai trò của Bầu Thuỵ tại LienVietPostBank,2,neutral,1,0.0,val,Vai_trò của Bầu Thuỵ tại LienVietPostBank,41,41,7,6,False,False,False
raw_data.xlsx::364,raw_data.xlsx,"ĐHĐCĐ Trường Thành Group (TTA): Mục tiêu 150 tỷ lợi nhuận, cổ tức 8%",3,positive,2,1.0,train,ĐHĐCĐ Trường_Thành Group_TTA_Mục tiêu 150 tỷ lợi_nhuận cổ_tức 8,68,63,14,9,False,False,False
raw_data.xlsx::365,raw_data.xlsx,Becamex IDC (BCM) đặt mục tiêu lãi sau thuế 2.300 tỷ đồng năm 2021,3,positive,2,1.0,train,Becamex_IDC_BCM đặt mục_tiêu lãi sau thuế 2 300 tỷ đồng năm 2021,66,64,14,12,False,False,False
raw_data.xlsx::366,raw_data.xlsx,Lịch sự kiện và tin vắn chứng khoán ngày 29/4,2,neutral,1,0.0,train,Lịch_sự kiện và tin_vắn chứng_khoán ngày 29 4,45,45,10,8,False,False,False
raw_data.xlsx::367,raw_data.xlsx,"Vietjet đã bán xong gần 18 triệu cổ phiếu quỹ, thu về 2.350 tỷ đồng",3,positive,2,1.0,train,Vietjet đã bán xong gần 18 triệu cổ_phiếu quỹ thu về 2 350 tỷ đồng,67,66,15,15,False,False,False
raw_data.xlsx::368,raw_data.xlsx,"Fe Credit được định giá 2,8 tỷ USD khi bán cho SMBC",3,positive,2,1.0,train,Fe_Credit được định_giá 2 8 tỷ USD khi bán cho SMBC,51,51,12,11,False,False,False
raw_data.xlsx::369,raw_data.xlsx,BV Land đặt kế hoạch lợi nhuận tăng 720% năm 2021,3,positive,2,1.0,train,BV Land đặt kế_hoạch lợi_nhuận tăng 720 năm 2021,49,48,11,9,False,False,False
raw_data.xlsx::370,raw_data.xlsx,"Đạm Phú Mỹ (DPM): Giá phân bón tăng mạnh, lợi nhuận quý 1 tăng 74% so với cùng kỳ 2020",3,positive,2,1.0,train,Đạm_Phú_Mỹ_DPM Giá phân_bón tăng mạnh lợi_nhuận quý 1 tăng 74 so với cùng kỳ 2020,86,81,20,15,False,False,False
raw_data.xlsx::371,raw_data.xlsx,KDH: Tổ chức Đại hội đồng cổ đông thường niên năm 2021,2,neutral,1,0.0,val,KDH Tổ_chức Đại_hội_đồng cổ_đông thường_niên năm 2021,54,53,12,7,False,False,False
raw_data.xlsx::372,raw_data.xlsx,"Phiên 28/4: Khối ngoại tiếp tục mua ròng gần 390 tỷ đồng, tập trung “gom” Bluechips",3,positive,2,1.0,train,Phiên 28 4 Khối ngoại_tiếp tục mua ròng gần 390 tỷ đồng tập_trung gom Bluechips,83,79,16,15,False,False,False
raw_data.xlsx::373,raw_data.xlsx,"Tăng 10 điểm cuối phiên, VnIndex chinh phục lại mốc 1.230 điểm",3,positive,2,1.0,val,Tăng 10 điểm cuối phiên VnIndex chinh_phục lại mốc 1 230 điểm,62,61,12,12,False,False,False
raw_data.xlsx::374,raw_data.xlsx,ĐHĐCĐ Sabeco (SAB): Các hoạt động cạnh tranh không lành mạnh hiện đã được đối thủ dừng lại!,2,neutral,1,0.0,train,ĐHĐCĐ Sabeco_SAB_Các hoạt_động cạnh_tranh không lành_mạnh hiện đã được đối_thủ dừng lại,91,87,18,12,False,False,False
raw_data.xlsx::375,raw_data.xlsx,Đá Hóa An (DHA) chốt danh sách cổ đông trả cổ tức tỷ lệ 30% bằng tiền,3,positive,2,1.0,train,Đá_Hoá_An_DHA chốt danh_sách cổ_đông trả cổ_tức tỷ_lệ 30 bằng tiền,69,66,17,10,False,False,False
raw_data.xlsx::376,raw_data.xlsx,"Phân bón Bình Điền (BFC) báo lãi quý 1/2021, tăng cao gấp 15 lần cùng kỳ 2020",3,positive,2,1.0,train,Phân_bón Bình_Điền_BFC báo lãi quý 1 2021 tăng cao gấp 15 lần cùng kỳ 2020,77,74,17,15,False,False,False
raw_data.xlsx::377,raw_data.xlsx,Lịch chốt quyền nhận cổ tức bằng tiền của 9 doanh nghiệp,3,positive,2,1.0,train,Lịch chốt quyền nhận cổ_tức bằng tiền của 9 doanh_nghiệp,56,56,12,10,False,False,False
raw_data.xlsx::378,raw_data.xlsx,"Phát triển Điện lực Việt Nam (VPD): Quý 1 lãi 18 tỷ đồng, tăng mạnh so với cùng kỳ",3,positive,2,1.0,train,Phát_triển Điện_lực Việt_Nam VPD Quý 1 lãi 18 tỷ đồng tăng mạnh so với cùng kỳ,82,78,19,16,False,False,False
raw_data.xlsx::379,raw_data.xlsx,Tập đoàn Cao su (GVR): Quý 1 lãi 1.216 tỷ đồng gấp gần 4 lần cùng kỳ,3,positive,2,1.0,train,Tập_đoàn Cao_su GVR Quý 1 lãi 1 216 tỷ đồng gấp gần 4 lần cùng kỳ,68,65,17,16,False,False,False
raw_data.xlsx::380,raw_data.xlsx,"Dù là quý hoạt động thấp điểm, Lafooco (LAF) vẫn báo lãi tăng 195% so với cùng kỳ",3,positive,2,1.0,train,Dù là quý hoạt_động thấp_điểm Lafooco_LAF vẫn báo lãi tăng 195 so với cùng kỳ,81,77,18,15,False,False,False
raw_data.xlsx::381,raw_data.xlsx,"QNS, AMV, PVL, DND, TVC, NTP, THP, NHP, VTC, SFR, PPE, BIO, BVG: Thông tin giao dịch lượng lớn cổ phiếu",2,neutral,1,0.0,train,QNS AMV PVL DND TVC NTP THP NHP VTC SFR PPE BIO BVG Thông_tin giao_dịch lượng lớn cổ_phiếu,103,90,21,18,False,False,False
raw_data.xlsx::382,raw_data.xlsx,"ĐHCĐ Habeco: Bộ Công thương đã trình Chính phủ kế hoạch thoái vốn, ước lãi quý 1 đạt 67 tỷ đồng",3,positive,2,1.0,train,ĐHCĐ Habeco_Bộ_Công thương đã trình Chính_phủ kế_hoạch thoái vốn ước lãi quý 1 đạt 67 tỷ đồng,95,93,21,17,False,False,False
raw_data.xlsx::383,raw_data.xlsx,Lịch sự kiện và tin vắn chứng khoán ngày 28/4,2,neutral,1,0.0,val,Lịch_sự kiện và tin_vắn chứng_khoán ngày 28 4,45,45,10,8,False,False,False
raw_data.xlsx::384,raw_data.xlsx,"ĐHĐCĐ Tân Tạo (ITA): Bà Đặng Thị Hoàng Yến đổi hoàn toàn sang tên mới Maya Dangales, hứa hẹn liên doanh tại Mỹ sẽ chắp cánh cho Công ty",2,neutral,1,0.0,train,ĐHĐCĐ Tân_Tạo ITA Bà Đặng_Thị_Hoàng_Yến đổi hoàn_toàn sang_tên mới Maya_Dangales hứa_hẹn liên_doanh tại Mỹ sẽ chắp_cánh cho Công_ty,135,131,29,18,False,False,False
raw_data.xlsx::385,raw_data.xlsx,"ĐHĐCĐ Phục vụ mặt đất Sài Gòn (SGN): Sẵn sàng khai thác chuyến bay quốc tế từ quý 3/2021, lợi nhuận dự kiến tăng lên 95 tỷ đồng",3,positive,2,1.0,train,ĐHĐCĐ Phục_vụ mặt_đất Sài_Gòn SGN Sẵn_sàng khai_thác chuyến bay quốc_tế từ quý 3 2021 lợi_nhuận dự_kiến tăng lên 95 tỷ đồng,127,123,28,21,False,False,False
raw_data.xlsx::386,raw_data.xlsx,"Ông Mai Hữu Tín: Tôi đã rót 100 tỷ trước cho đợt chào bán 100 triệu cổ phần sắp tới, mong cổ đông đi theo tôi vì TTF sẽ sớm về mệnh giá!",2,neutral,1,0.0,train,Ông Mai_Hữu_Tín_Tôi đã rót 100 tỷ trước cho đợt chào_bán 100 triệu cổ_phần sắp tới mong cổ_đông đi theo tôi vì TTF sẽ sớm về mệnh_giá,136,133,33,26,False,False,False
raw_data.xlsx::387,raw_data.xlsx,Một cổ phiếu ngành thép bất ngờ tăng 175% sau 6 phiên tăng trần liên tiếp,3,positive,2,1.0,train,Một cổ_phiếu ngành thép bất_ngờ tăng 175 sau 6 phiên tăng trần liên_tiếp,73,72,16,13,False,False,False
raw_data.xlsx::388,raw_data.xlsx,"Tiếp tục tăng trưởng lợi nhuận quý 1, EPS các CTCK đã có sự thay đổi",3,positive,2,1.0,train,Tiếp_tục tăng_trưởng lợi_nhuận quý 1 EPS các CTCK đã có sự thay_đổi,68,67,16,12,False,False,False
raw_data.xlsx::389,raw_data.xlsx,"Gỗ Đức Thành (GDT) lên kế hoạch 7 năm liên tiếp chia cổ tức từ 50% trở lên, đặt mục tiêu lãi 86,4 tỷ đồng trong năm 2021",3,positive,2,1.0,train,Gỗ_Đức_Thành_GDT lên kế_hoạch 7 năm liên_tiếp chia cổ_tức từ 50 trở lên đặt mục_tiêu lãi 86 4 tỷ đồng trong năm 2021,120,116,28,22,False,False,False
raw_data.xlsx::390,raw_data.xlsx,"“Sếp” Pyn Elite Fund đánh giá cao cổ phiếu ngân hàng, dự báo VN-Index cán mốc 1.500 điểm trong năm 2021",3,positive,2,1.0,train,Sếp_Pyn_Elite_Fund đánh_giá cao cổ_phiếu ngân_hàng dự_báo VN Index cán mốc 1 500 điểm trong năm 2021,103,100,21,16,False,False,False
raw_data.xlsx::391,raw_data.xlsx,Quỹ liên quan tới Dragon Capital chuẩn bị “rót” hơn 1.000 tỷ đồng vào TTCK Việt Nam thông qua quỹ VFMVSF,3,positive,2,1.0,test,Quỹ liên_quan tới Dragon_Capital chuẩn_bị rót hơn 1 000 tỷ đồng vào TTCK Việt_Nam thông_qua quỹ VFMVSF,104,102,21,17,False,False,False
raw_data.xlsx::392,raw_data.xlsx,"Chủ tịch Sunhouse 'khoe' lỗ 8,5 tỷ đồng khi đầu tư chứng khoán",1,negative,0,-1.0,train,Chủ_tịch Sunhouse khoe lỗ 8 5 tỷ đồng khi đầu_tư chứng_khoán,62,60,13,11,False,False,False
raw_data.xlsx::393,raw_data.xlsx,"Vincom Retail lãi ròng 781 tỷ đồng trong quý 1, tăng 59%",3,positive,2,1.0,val,Vincom_Retail lãi_ròng 781 tỷ đồng trong quý 1 tăng 59,56,54,12,10,False,False,False
raw_data.xlsx::394,raw_data.xlsx,"Ngành vận tải biển sôi động, HAH báo lợi nhuận quý 1/2021 tăng 174% so với cùng kỳ",3,positive,2,1.0,train,Ngành vận_tải_biển sôi_động HAH báo lợi_nhuận quý 1 2021 tăng 174 so với cùng kỳ,82,80,18,15,False,False,False
raw_data.xlsx::395,raw_data.xlsx,"Mảng Khu công nghiệp bứt phá mạnh, lợi nhuận quý 1 Viglacera tăng 65% so với cùng kỳ 2020",3,positive,2,1.0,val,Mảng_Khu công_nghiệp bứt_phá mạnh lợi_nhuận quý 1 Viglacera tăng 65 so với cùng kỳ 2020,89,87,19,15,False,False,False
raw_data.xlsx::396,raw_data.xlsx,Nghịch lý người già phải đứng cho người trẻ ngồi trên tàu điện ngầm và 17 năm hình thành quỹ hưu trí tại Việt Nam,2,neutral,1,0.0,train,Nghịch_lý người già phải đứng cho người trẻ ngồi trên tàu_điện_ngầm và 17 năm hình_thành quỹ hưu_trí tại Việt_Nam,113,113,25,19,False,False,False
raw_data.xlsx::397,raw_data.xlsx,"Chính thức ra mắt quỹ hưu trí DCVFM: Hoàn thiện mảnh ghép về hệ thống an sinh xã hội, kích thích đầu tư cho tuổi già từ các ưu đãi thuế",3,positive,2,1.0,train,Chính_thức ra_mắt quỹ hưu_trí DCVFM Hoàn_thiện mảnh ghép về hệ_thống an_sinh xã_hội kích_thích đầu_tư cho tuổi già từ các ưu_đãi thuế,135,133,31,21,False,False,False
raw_data.xlsx::398,raw_data.xlsx,Kết quả IPO Dat Xanh Services: Thành công vượt mong đợi,3,positive,2,1.0,train,Kết_quả IPO Dat_Xanh_Services_Thành công vượt mong_đợi,55,54,11,6,False,False,False
raw_data.xlsx::399,raw_data.xlsx,"Phiên 27/4: Thị trường rung lắc mạnh, khối ngoại tiếp tục “gom” hơn 400 tỷ đồng cổ phiếu",3,positive,2,1.0,test,Phiên 27 4 Thị_trường rung lắc mạnh khối ngoại_tiếp tục gom hơn 400 tỷ đồng cổ_phiếu,88,84,18,16,False,False,False
raw_data.xlsx::400,raw_data.xlsx,"NVL, MSN tăng mạnh, VnIndex quay đầu tăng 4 điểm",3,positive,2,1.0,test,NVL MSN tăng mạnh VnIndex quay đầu tăng 4 điểm,48,46,10,10,False,False,False
raw_data.xlsx::401,raw_data.xlsx,"ĐHCĐ Vietinbank Securities (CTS): Tự tin cạnh tranh mảng cho vay margin với các CTCK ngoại, đặt kế hoạch lãi 180,5 tỷ đồng trong năm 2021",3,positive,2,1.0,train,ĐHCĐ Vietinbank_Securities_CTS_Tự tin cạnh_tranh mảng cho vay margin với các CTCK ngoại đặt kế_hoạch lãi 180 5 tỷ đồng trong năm 2021,137,133,26,22,False,False,False
raw_data.xlsx::402,raw_data.xlsx,"Hodeco (HDC): Quý 1 lãi 78 tỷ đồng, tăng 86% so với cùng kỳ",3,positive,2,1.0,train,Hodeco_HDC_Quý 1 lãi 78 tỷ đồng tăng 86 so với cùng kỳ,59,54,14,12,False,False,False
raw_data.xlsx::403,raw_data.xlsx,"Chủ tịch Coteccons: Chúng tôi không thâu tóm, công ty vẫn rất Việt Nam từ tên gọi đến con người",2,neutral,1,0.0,train,Chủ_tịch Coteccons_Chúng tôi không thâu_tóm công_ty vẫn rất Việt_Nam từ tên gọi đến con_người,95,93,20,14,False,False,False
raw_data.xlsx::404,raw_data.xlsx,"Thủy điện Thác Mơ (TMP): Ghi nhận doanh thu từ nhà máy điện mặt trời, LNST quý 1 gấp đôi cùng kỳ",3,positive,2,1.0,test,Thuỷ_điện Thác_Mơ_TMP_Ghi nhận doanh_thu từ nhà_máy điện mặt_trời LNST quý 1 gấp đôi cùng kỳ,96,92,22,15,False,False,False
raw_data.xlsx::405,raw_data.xlsx,"Thị giá giảm 15% trong vòng nửa tháng, Thành viên HĐQT Y tế Việt Mỹ vẫn đăng ký bán 7,5 triệu cổ phiếu AMV",1,negative,0,-1.0,train,Thị_giá giảm 15 trong vòng nửa tháng Thành_viên HĐQT Y_tế Việt_Mỹ vẫn đăng_ký bán 7 5 triệu cổ_phiếu AMV,106,104,24,19,False,False,False
raw_data.xlsx::406,raw_data.xlsx,"Tracodi (TCD): Kế hoạch tăng gấp đôi LNST lên 280 tỷ đồng, phát hành hơn 130 triệu cổ phiếu huy động vốn trong năm 2021",3,positive,2,1.0,train,Tracodi_TCD Kế_hoạch tăng gấp đôi LNST lên 280 tỷ đồng phát_hành hơn 130 triệu cổ_phiếu huy_động vốn trong năm 2021,119,115,25,20,False,False,False
raw_data.xlsx::407,raw_data.xlsx,"ĐHCĐ Viglacera: Đặt kế hoạch lãi 1.000 tỷ đồng, Bộ Xây dựng có thể thoái hết vốn vào năm 2022",2,neutral,1,0.0,train,ĐHCĐ Viglacera_Đặt kế_hoạch lãi 1 000 tỷ đồng Bộ Xây_dựng có_thể thoái hết vốn vào năm 2022,93,91,20,17,False,False,False
raw_data.xlsx::408,raw_data.xlsx,"ĐHĐCĐ Vinaconex: Kế hoạch huy động vốn hàng nghìn tỷ đồng trong năm 2021, sẽ tăng lại sở hữu tại dự án Cát Bà",3,positive,2,1.0,train,ĐHĐCĐ Vinaconex Kế_hoạch huy_động vốn hàng nghìn tỷ đồng trong năm 2021 sẽ tăng lại sở_hữu tại dự_án Cát_Bà,109,107,24,19,False,False,False
raw_data.xlsx::409,raw_data.xlsx,"Bánh kẹo Hải Hà (HHC): Quý 1 lỗ 9,5 tỷ đồng",1,negative,0,-1.0,test,Bánh_kẹo Hải_Hà HHC Quý 1 lỗ 9 5 tỷ đồng,43,40,11,10,False,False,False
raw_data.xlsx::410,raw_data.xlsx,May Sông Hồng (MSH) chốt danh sách cổ đông trả cổ tức bằng tiền tỷ lệ 30%,3,positive,2,1.0,train,May_Sông_Hồng_MSH chốt danh_sách cổ_đông trả cổ_tức bằng tiền tỷ_lệ 30,73,70,17,10,False,False,False
raw_data.xlsx::411,raw_data.xlsx,"NHP, PHC, NGC, TNI, SDP, VE9, AGP, CQN, TR1: Thông tin giao dịch lượng lớn cổ phiếu",2,neutral,1,0.0,train,NHP PHC NGC TNI SDP VE9 AGP CQN TR1 Thông_tin giao_dịch lượng lớn cổ_phiếu,83,74,17,14,False,False,False
raw_data.xlsx::412,raw_data.xlsx,"Chuỗi nhà thuốc Long Châu tiếp tục tăng trưởng 144% trong quý 1/2021, đã có 216/222 cửa hàng phát sinh doanh thu",3,positive,2,1.0,train,Chuỗi nhà_thuốc Long_Châu tiếp_tục tăng_trưởng 144 trong quý 1 2021 đã có 216 222 cửa_hàng phát_sinh doanh_thu,112,110,22,17,False,False,False
raw_data.xlsx::413,raw_data.xlsx,Cổ phiếu nào hưởng lợi từ tiềm năng tăng trưởng ngành internet băng rộng cố định tại Việt Nam?,2,neutral,1,0.0,train,Cổ_phiếu nào hưởng lợi từ tiềm_năng tăng_trưởng ngành internet băng rộng cố_định tại Việt_Nam,94,93,19,14,False,False,False
raw_data.xlsx::414,raw_data.xlsx,Lịch sự kiện và tin vắn chứng khoán ngày 27/4,2,neutral,1,0.0,train,Lịch_sự kiện và tin_vắn chứng_khoán ngày 27 4,45,45,10,8,False,False,False
raw_data.xlsx::415,raw_data.xlsx,"Hai tuần sau khi nộp đơn từ chức, Chủ tịch HĐQT công ty ADC lại xin rút đơn",2,neutral,1,0.0,train,Hai tuần sau khi nộp đơn_từ_chức Chủ_tịch HĐQT công_ty ADC lại xin rút đơn,75,74,18,14,False,False,False
raw_data.xlsx::416,raw_data.xlsx,"TCM: Quý 1 lãi 62 tỷ đồng, tăng 82% so với cùng kỳ 2020",3,positive,2,1.0,train,TCM Quý 1 lãi 62 tỷ đồng tăng 82 so với cùng kỳ 2020,55,52,14,14,False,False,False
raw_data.xlsx::417,raw_data.xlsx,"ĐHCĐ Hà Đô: Quý 1/2021 ước lãi sau thuế 400 tỷ đồng, tăng gần 72% so với cùng kỳ 2020",3,positive,2,1.0,train,ĐHCĐ Hà Đô_Quý 1 2021 ước lãi sau thuế 400 tỷ đồng tăng gần 72 so với cùng kỳ 2020,85,82,20,20,False,False,False
raw_data.xlsx::418,raw_data.xlsx,In sách giáo khoa Hòa Phát (HTP) đặt kế hoạch lãi năm 2021 gấp gần 350 lần cùng kỳ,3,positive,2,1.0,train,In sách_giáo_khoa Hoà_Phát_HTP đặt kế_hoạch lãi năm 2021 gấp gần 350 lần cùng kỳ,82,80,19,14,False,False,False
raw_data.xlsx::419,raw_data.xlsx,Hạ tầng nước Sài Gòn (SII): Quý thứ 5 liên tiếp báo lỗ gần 18 tỷ đồng,1,negative,0,-1.0,train,Hạ_tầng nước Sài_Gòn SII Quý thứ 5 liên_tiếp báo lỗ gần 18 tỷ đồng,69,66,17,14,False,False,False
raw_data.xlsx::420,raw_data.xlsx,"ĐHĐCĐ TTC Land (SCR): Sẽ M&A và mở rộng quỹ đất tại Phú Quốc, quý 2 dự kiến lợi nhuận đột biến 230 tỷ đồng nhờ ""book"" dự án quận 7 và Bình Chánh",3,positive,2,1.0,train,ĐHĐCĐ TTC Land_SCR_Sẽ_M A và mở_rộng quỹ đất tại Phú_Quốc quý 2 dự_kiến lợi_nhuận đột_biến 230 tỷ đồng nhờ book dự_án quận 7 và Bình_Chánh,144,138,34,25,False,False,False
raw_data.xlsx::421,raw_data.xlsx,"Thị trường giảm sâu, khối ngoại trở lại mua ròng hơn 100 tỷ trong phiên 26/4",3,positive,2,1.0,train,Thị_trường giảm sâu khối ngoại trở_lại mua ròng hơn 100 tỷ trong phiên 26 4,76,75,16,15,False,False,False
raw_data.xlsx::422,raw_data.xlsx,"Hàng loạt cổ phiếu ""đo sàn"", VnIndex mất 33 điểm",1,negative,0,-1.0,train,Hàng_loạt cổ_phiếu đo sàn VnIndex mất 33 điểm,48,45,10,8,False,False,False
raw_data.xlsx::423,raw_data.xlsx,Chiến lược xuôi chiều gió của Traphaco,2,neutral,1,0.0,train,Chiến_lược xuôi_chiều gió của Traphaco,38,38,7,5,False,False,False
raw_data.xlsx::424,raw_data.xlsx,Cổ phiếu nhóm ngành nào sẽ “cất cánh”?,2,neutral,1,0.0,train,Cổ_phiếu nhóm ngành nào sẽ cất_cánh,38,35,8,6,False,False,False
raw_data.xlsx::425,raw_data.xlsx,Vì đâu OCH liên tục thanh lý tài sản vì lý do thiếu tiền nhưng rót dễ 46 tỷ đồng cho Quản lý Quỹ Bông Sen?,1,negative,0,-1.0,train,Vì đâu OCH liên_tục thanh_lý tài_sản vì lý_do thiếu tiền nhưng rót dễ 46 tỷ đồng cho Quản_lý Quỹ_Bông_Sen,106,105,26,19,False,False,False
raw_data.xlsx::426,raw_data.xlsx,"Vitaco (VTO): Quý 1 lãi 29 tỷ đồng, gấp hơn 3 lần cùng kỳ 2020",3,positive,2,1.0,test,Vitaco_VTO_Quý 1 lãi 29 tỷ đồng gấp hơn 3 lần cùng kỳ 2020,62,58,15,13,False,False,False
raw_data.xlsx::427,raw_data.xlsx,Quỹ ngoại vừa trao tay 11 triệu cổ phiếu TCH của Tài chính Hoàng Huy,3,positive,2,1.0,train,Quỹ ngoại vừa trao tay 11 triệu cổ_phiếu TCH của Tài_chính Hoàng_Huy,68,68,15,12,False,False,False
raw_data.xlsx::428,raw_data.xlsx,"ĐHCĐ Nhựa Pha Lê (PLP): Đặt tham vọng lớn với thị trường VLXD Mỹ, kế hoạch lãi 45 tỷ đồng trong năm 2021",3,positive,2,1.0,train,ĐHCĐ Nhựa_Pha_Lê_PLP Đặt tham_vọng lớn với thị_trường VLXD Mỹ kế_hoạch lãi 45 tỷ đồng trong năm 2021,104,100,23,17,False,False,False
raw_data.xlsx::429,raw_data.xlsx,[ĐHĐCĐ Vinamilk] Bà Mai Kiều Liên: Kế hoạch kinh doanh thận trọng vì tình hình có nhiều bất định,2,neutral,1,0.0,test,ĐHĐCĐ Vinamilk_Bà_Mai_Kiều Liên Kế_hoạch kinh_doanh thận_trọng vì tình_hình có nhiều bất_định,96,93,19,11,False,False,False
raw_data.xlsx::430,raw_data.xlsx,Quy mô Fubon FTSE Vietnam ETF tăng lên 270 triệu USD sau 1 tháng tiến hành IPO,3,positive,2,1.0,train,Quy_mô Fubon_FTSE_Vietnam_ETF tăng lên 270 triệu USD sau 1 tháng tiến_hành IPO,78,78,17,12,False,False,False
raw_data.xlsx::431,raw_data.xlsx,"ĐHĐCĐ Coteccons (CTD): Lợi nhuận quý 1 giảm hơn nửa xuống còn 54,5 tỷ đồng, VLXD tăng giá không phải mối lo ngại quan trọng nhất",1,negative,0,-1.0,train,ĐHĐCĐ Coteccons_CTD_Lợi nhuận quý 1 giảm hơn nửa xuống còn 54 5 tỷ đồng VLXD tăng_giá không phải mối lo_ngại quan_trọng nhất,128,124,26,22,False,False,False
raw_data.xlsx::432,raw_data.xlsx,"Sonadezi Châu Đức (SZC): Quý 1 lãi 80 tỷ đồng, tăng 65% so với cùng kỳ 2020",3,positive,2,1.0,train,Sonadezi_Châu_Đức_SZC Quý 1 lãi 80 tỷ đồng tăng 65 so với cùng kỳ 2020,75,70,17,14,False,False,False
raw_data.xlsx::433,raw_data.xlsx,"Che giấu quyền sở hữu thực sự đối với cổ phiếu PVI, HDI Global SE của Đức bị phạt nặng",1,negative,0,-1.0,train,Che_giấu quyền_sở_hữu thực_sự đối_với cổ_phiếu PVI HDI Global_SE của Đức bị phạt nặng,86,85,20,13,False,False,False
raw_data.xlsx::434,raw_data.xlsx,"Viglacera (VGC): Thêm 1 đại diện từ Gelex ứng cử vào HĐQT, kế hoạch lãi trước thuế 1.000 tỷ đồng năm 2021",3,positive,2,1.0,train,Viglacera_VGC_Thêm 1 đại_diện từ Gelex ứng_cử vào HĐQT kế_hoạch lãi trước thuế 1 000 tỷ đồng năm 2021,105,101,22,18,False,False,False
raw_data.xlsx::435,raw_data.xlsx,"Điểm danh những doanh nghiệp chốt quyền nhận cổ tức bằng tiền, bằng cổ phiếu và cổ phiếu thưởng tuần từ 26-29/4",3,positive,2,1.0,train,Điểm_danh những doanh_nghiệp chốt quyền nhận cổ_tức bằng tiền bằng cổ_phiếu và cổ_phiếu thưởng tuần từ 26 29 4,111,110,22,19,False,False,False
raw_data.xlsx::436,raw_data.xlsx,Cổ phiếu ngành thép sắp đón thêm tân binh HSV,2,neutral,1,0.0,train,Cổ_phiếu ngành thép sắp đón thêm tân_binh HSV,45,45,10,8,False,False,False
raw_data.xlsx::437,raw_data.xlsx,"Nhiệt điện Cẩm Phả (NCP) lỗ tiếp 70 tỷ đồng quý 1, nâng tổng lỗ lũy kế lên trên 1.700 tỷ đồng",1,negative,0,-1.0,train,Nhiệt_điện Cẩm_Phả NCP lỗ tiếp 70 tỷ đồng quý 1 nâng tổng lỗ luỹ kế lên trên 1 700 tỷ đồng,93,90,22,21,False,False,False
raw_data.xlsx::438,raw_data.xlsx,Thuận Đức (TDP): Quý 1 lãi 30 tỷ đồng tăng 120% so với cùng kỳ,3,positive,2,1.0,train,Thuận_Đức_TDP_Quý 1 lãi 30 tỷ đồng tăng 120 so với cùng kỳ,62,58,15,12,False,False,False
raw_data.xlsx::439,raw_data.xlsx,Đạt Phương (DPG): Quý 1 lãi 127 tỷ đồng tăng 189% so với cùng kỳ,3,positive,2,1.0,train,Đạt_Phương_DPG_Quý 1 lãi 127 tỷ đồng tăng 189 so với cùng kỳ,64,60,15,12,False,False,False
raw_data.xlsx::440,raw_data.xlsx,"Tỷ phú Long: ""Không ai làm thép mãi được. Doanh thu sau này 200.000 tỷ thì Hòa Phát phải đa ngành, trong đó có bất động sản""",2,neutral,1,0.0,train,Tỷ_phú Long Không ai làm thép mãi được Doanh_thu sau_này 200 000 tỷ thì Hoà_Phát phải đa ngành trong đó có bất_động_sản,124,119,27,22,False,False,False
raw_data.xlsx::441,raw_data.xlsx,Xu thế dòng tiền: “Sóng kết quả kinh doanh” còn không?,2,neutral,1,0.0,val,Xu_thế dòng tiền Sóng kết_quả kinh_doanh còn không,54,50,11,8,False,False,False
raw_data.xlsx::442,raw_data.xlsx,Lịch sự kiện và tin vắn chứng khoán ngày 26/4,2,neutral,1,0.0,train,Lịch_sự kiện và tin_vắn chứng_khoán ngày 26 4,45,45,10,8,False,False,False
raw_data.xlsx::443,raw_data.xlsx,"Trần 3 phiên liên tiếp sau khi công bố lỗ lớn quý 1, thị giá Yeah1 vẫn “bốc hơi” 50% giá trị so với lúc Tân Hiệp Phát mua vào",1,negative,0,-1.0,train,Trần 3 phiên liên_tiếp sau khi công_bố lỗ lớn quý 1 thị_giá Yeah1 vẫn bốc_hơi 50 giá_trị so với lúc Tân_Hiệp Phát mua vào,125,121,30,24,False,False,False
raw_data.xlsx::444,raw_data.xlsx,Nhiệt điện Nhơn Trạch 2 (NT2): Quý 1 lãi 115 tỷ đồng giảm 36% so với cùng kỳ,1,negative,0,-1.0,train,Nhiệt_điện Nhơn_Trạch 2 NT2 Quý 1 lãi 115 tỷ đồng giảm 36 so với cùng kỳ,76,72,18,16,False,False,False
raw_data.xlsx::445,raw_data.xlsx,"Navico (ANV): Sản xuất điện mặt trời có hiệu quả, lãi quý 1 tăng 49% so với cùng kỳ 2020",3,positive,2,1.0,train,Navico_ANV_Sản xuất điện mặt_trời có hiệu_quả lãi quý 1 tăng 49 so với cùng kỳ 2020,88,83,20,16,False,False,False
raw_data.xlsx::446,raw_data.xlsx,"VN-Index rơi vào trạng thái “tàu lượn”, nguyên nhân do đâu?",2,neutral,1,0.0,val,VN Index rơi vào trạng_thái tàu lượn nguyên_nhân do đâu,59,55,11,10,False,False,False
raw_data.xlsx::447,raw_data.xlsx,FPTS: “VN-Index có thể lên mốc 1.300 điểm trong quý 2 sau khi test lại vùng 1.200 điểm”,3,positive,2,1.0,test,FPTS VN Index có_thể lên mốc 1 300 điểm trong quý 2 sau khi test lại vùng 1 200 điểm,87,84,18,20,False,False,False
raw_data.xlsx::448,raw_data.xlsx,Lịch chốt quyền nhận cổ tức bằng tiền của 10 doanh nghiệp,3,positive,2,1.0,train,Lịch chốt quyền nhận cổ_tức bằng tiền của 10 doanh_nghiệp,57,57,12,10,False,False,False
raw_data.xlsx::449,raw_data.xlsx,"Doanh thu tăng mạnh, lợi nhuận TNG vẫn giảm 34% trong quý 1/2021",1,negative,0,-1.0,train,Doanh_thu tăng mạnh lợi_nhuận TNG vẫn giảm 34 trong quý 1 2021,64,62,13,12,False,False,False
raw_data.xlsx::450,raw_data.xlsx,"Một doanh nghiệp cung cấp phụ tùng cho Honda, Yamaha lãi hàng chục tỷ mỗi năm",3,positive,2,1.0,test,Một doanh_nghiệp cung_cấp phụ_tùng cho Honda Yamaha lãi hàng chục tỷ mỗi năm,77,76,16,13,False,False,False
raw_data.xlsx::451,raw_data.xlsx,Nhà Đà Nẵng (NDN) triển khai phương án phát hành hơn 9 triệu cổ phiếu trả cổ tức,3,positive,2,1.0,train,Nhà Đà_Nẵng NDN triển_khai phương_án phát_hành hơn 9 triệu cổ_phiếu trả cổ_tức,80,78,18,12,False,False,False
raw_data.xlsx::452,raw_data.xlsx,"ĐHĐCĐ Bóng đèn Điện Quang (DQC): Giải pháp chiếu sáng là động lực tăng trưởng chính trong năm 2021, kế hoạch lợi nhuận tăng 34% lên 30 tỷ đồng",3,positive,2,1.0,train,ĐHĐCĐ Bóng_đèn Điện_Quang DQC Giải_pháp chiếu sáng là động_lực tăng_trưởng chính trong năm 2021 kế_hoạch lợi_nhuận tăng 34 lên 30 tỷ đồng,142,137,29,22,False,False,False
raw_data.xlsx::453,raw_data.xlsx,"Kinh doanh ""một vốn bốn lời"", 1 công ty hàng không tại Tân Sơn Nhất lập kỷ lục lợi nhuận mới bất chấp Covid",3,positive,2,1.0,train,Kinh_doanh một vốn bốn lời 1 công_ty hàng_không tại Tân_Sơn_Nhất lập kỷ_lục lợi_nhuận mới bất_chấp Covid,107,104,24,16,False,False,False
raw_data.xlsx::454,raw_data.xlsx,Damsan (ADS): Quý 1 lãi 19 tỷ đồng – cao nhất trong lịch sử niêm yết,3,positive,2,1.0,test,Damsan_ADS_Quý 1 lãi 19 tỷ đồng cao nhất trong lịch_sử niêm_yết,68,63,16,11,False,False,False
raw_data.xlsx::455,raw_data.xlsx,Nhà máy A Lưới gặp sự cố khiến Thuỷ điện miền Trung lỗ lớn trong quý 1,1,negative,0,-1.0,train,Nhà_máy A Lưới gặp sự_cố khiến Thuỷ_điện miền Trung lỗ lớn trong quý 1,70,70,17,14,False,False,False
raw_data.xlsx::456,raw_data.xlsx,"Chủ tịch Hoàng Quân (HQC): Sẽ không chia cổ tức cho đến khi xoá sạch lỗ thặng dư từ năm 2024, cổ đông vẫn sẽ hưởng lợi từ giá cổ phiếu tăng",1,negative,0,-1.0,train,Chủ_tịch Hoàng_Quân_HQC_Sẽ không chia cổ_tức cho đến khi xoá sạch lỗ thặng_dư từ năm 2024 cổ_đông vẫn sẽ hưởng lợi từ giá cổ_phiếu tăng,139,135,32,24,False,False,False
raw_data.xlsx::457,raw_data.xlsx,Nhà Từ Liêm (NTL): Quý 1 lãi 13 tỷ đồng tăng 11% so với cùng kỳ,3,positive,2,1.0,val,Nhà Từ_Liêm NTL Quý 1 lãi 13 tỷ đồng tăng 11 so với cùng kỳ,63,59,16,15,False,False,False
raw_data.xlsx::458,raw_data.xlsx,"ĐHĐCĐ DDG: Đặt kế hoạch lợi nhuận tăng 3,3 lần lên 50 tỷ đồng, năm 2021 sẽ chuyển niêm yết từ HNX sang sàn HoSE",3,positive,2,1.0,train,ĐHĐCĐ DDG Đặt kế_hoạch lợi_nhuận tăng 3 3 lần lên 50 tỷ đồng năm 2021 sẽ chuyển niêm_yết từ HNX sang sàn HoSE,111,109,25,23,False,False,False
raw_data.xlsx::459,raw_data.xlsx,"CEO Thép Nam Kim (NKG): Giá thép tăng mạnh thì chắc chắn phải giảm, Công ty đã chốt giá bán đến hết quý 3/2021 và tăng quản trị rủi ro",1,negative,0,-1.0,train,CEO Thép_Nam_Kim_NKG Giá thép tăng mạnh thì chắc_chắn phải giảm Công_ty đã chốt giá bán đến hết quý 3 2021 và tăng quản_trị rủi_ro,134,130,30,24,False,False,False
raw_data.xlsx::460,raw_data.xlsx,"Khối ngoại tiếp tục rút ròng hơn 1.100 tỷ đồng trong tuần từ 19-23/4, bán mạnh VHM, HPG và VPB",1,negative,0,-1.0,val,Khối ngoại_tiếp tục rút ròng hơn 1 100 tỷ đồng trong tuần từ 19 23 4 bán mạnh VHM HPG và VPB,94,92,20,22,False,False,False
raw_data.xlsx::461,raw_data.xlsx,SHB chốt danh sách cổ đông phát hành 175 triệu cổ phiếu trả cổ tức năm 2019,3,positive,2,1.0,train,SHB chốt danh_sách cổ_đông phát_hành 175 triệu cổ_phiếu trả cổ_tức năm 2019,75,75,17,12,False,False,False
raw_data.xlsx::462,raw_data.xlsx,Hóa chất Đức Giang (DGC) chốt danh sách cổ đông phát hành hơn 22 triệu cổ phiếu trả cổ tức,3,positive,2,1.0,train,Hoá_chất Đức Giang_DGC chốt danh_sách cổ_đông phát_hành hơn 22 triệu cổ_phiếu trả cổ_tức,90,88,20,13,False,False,False
raw_data.xlsx::463,raw_data.xlsx,"VRE, G36, VJC, DHC, VSC, TVB, NSH, KDM, TNG, NDN, DRC, HVH, CDC, VSH, SGC, MEC, TCD, TR1, SIV, PAC: Thông tin giao dịch lượng lớn cổ phiếu",2,neutral,1,0.0,train,VRE G36 VJC DHC VSC TVB NSH KDM TNG NDN DRC HVH CDC VSH SGC MEC TCD TR1 SIV PAC Thông_tin giao_dịch lượng lớn cổ_phiếu,138,118,28,25,False,False,False
raw_data.xlsx::464,raw_data.xlsx,"ĐHĐCĐ Nam Long (NLG): Phát 60 triệu cổ phiếu với giá không dưới 30.000 đồng/cp để mở rộng quỹ đất, mục tiêu tăng trưởng lãi thuần 32%/năm giai đoạn 2021-2024",3,positive,2,1.0,val,ĐHĐCĐ Nam_Long_NLG_Phát 60 triệu cổ_phiếu với giá không dưới 30 000 đồng cp để mở_rộng quỹ đất mục_tiêu tăng_trưởng lãi thuần 32 năm giai_đoạn 2021 2024,157,152,30,26,False,False,False
raw_data.xlsx::465,raw_data.xlsx,"Giá dầu tăng, Lọc Hóa dầu Bình Sơn (BSR) lãi 1.856 tỷ đồng trong quý 1, vượt 113% kế hoạch cả năm 2021",3,positive,2,1.0,train,Giá dầu tăng Lọc_Hoá dầu Bình_Sơn BSR lãi 1 856 tỷ đồng trong quý 1 vượt 113 kế_hoạch cả năm 2021,102,97,23,21,False,False,False
raw_data.xlsx::466,raw_data.xlsx,"FPT Online (FOC) lãi sau thuế 42 tỷ đồng trong quý 1, tăng 12% so với cùng kỳ",3,positive,2,1.0,train,FPT Online_FOC lãi sau thuế 42 tỷ đồng trong quý 1 tăng 12 so với cùng kỳ,77,73,18,17,False,False,False
raw_data.xlsx::467,raw_data.xlsx,"Các hiệp định phát huy tác dụng, quý 1 Cảng Đồng Nai (PDN) lãi 38 tỷ đồng tăng trưởng 23%",3,positive,2,1.0,train,Các hiệp_định phát_huy tác_dụng quý 1 Cảng Đồng_Nai PDN lãi 38 tỷ đồng tăng_trưởng 23,89,85,20,15,False,False,False
raw_data.xlsx::468,raw_data.xlsx,"Nhờ khoản thu từ cổ tức, Nước Thủ Dầu Một (TDM) báo lãi quý 1/2021 cao nhất kể từ khi thành lập",3,positive,2,1.0,train,Nhờ khoản thu từ cổ_tức Nước Thủ_Dầu_Một TDM báo lãi quý 1 2021 cao nhất kể từ khi thành_lập,95,92,22,19,False,False,False
raw_data.xlsx::469,raw_data.xlsx,"CEO Lê Quốc Bình: Đang hợp tác với 4 ngân hàng tên tuổi cùng 15 CTCK, ví điện tử khác để làm dự án Fintech, nếu hoàn thành nợ CII sẽ về 0",2,neutral,1,0.0,train,CEO Lê_Quốc_Bình_Đang hợp_tác với 4 ngân_hàng tên_tuổi cùng 15 CTCK ví điện_tử khác để làm dự_án Fintech nếu hoàn_thành nợ CII sẽ về 0,137,134,33,24,False,False,False
raw_data.xlsx::470,raw_data.xlsx,"ĐHĐCĐ Danh Khôi (NRC): Từ quý 3 lợi nhuận dự tăng mạnh khi dòng vốn chốt lời từ chứng khoán chuyển sang BĐS, sẽ họp bất thường công bố một đề án lớn",3,positive,2,1.0,train,ĐHĐCĐ Danh_Khôi_NRC_Từ quý 3 lợi_nhuận dự tăng mạnh khi dòng vốn chốt lời từ chứng_khoán chuyển sang BĐS sẽ họp bất_thường công_bố một đề_án lớn,148,144,33,25,False,False,False
raw_data.xlsx::471,raw_data.xlsx,"ĐHCĐ Viettel Construction (CTR): Đầu tư 2.000 tỷ cho lĩnh vực hạ tầng cho thuê, có thể cán mốc doanh thu 8.000 tỷ đồng trong năm 2021",3,positive,2,1.0,val,ĐHCĐ Viettel_Construction_CTR_Đầu tư 2 000 tỷ cho lĩnh_vực hạ_tầng cho thuê có_thể cán mốc doanh_thu 8 000 tỷ đồng trong năm 2021,133,129,27,22,False,False,False
raw_data.xlsx::472,raw_data.xlsx,"Bảo hiểm Quân đội: Đặt mục tiêu lợi nhuận tăng 49%, chốt chia cổ tức 10%",3,positive,2,1.0,train,Bảo_hiểm Quân_đội Đặt mục_tiêu lợi_nhuận tăng 49 chốt chia cổ_tức 10,72,68,16,11,False,False,False
raw_data.xlsx::473,raw_data.xlsx,Ngân hàng nào đang bơm vốn khủng cho 20 công ty chứng khoán margin lớn?,2,neutral,1,0.0,train,Ngân_hàng nào đang bơm vốn khủng cho 20 công_ty chứng_khoán margin lớn,71,70,15,12,False,False,False
raw_data.xlsx::474,raw_data.xlsx,"VnIndex tăng mạnh mẽ 20 điểm cuối phiên, STB, CTG, VPB bứt phá",3,positive,2,1.0,train,VnIndex tăng mạnh_mẽ 20 điểm cuối phiên STB CTG VPB bứt_phá,62,59,13,11,False,False,False
raw_data.xlsx::475,raw_data.xlsx,Kênh đầu tư ‘nhẹ đầu’ cho nhân viên văn phòng năm 2021,2,neutral,1,0.0,train,Kênh đầu_tư nhẹ đầu cho nhân_viên văn_phòng năm 2021,54,52,12,9,False,False,False
raw_data.xlsx::476,raw_data.xlsx,Eximbank đã mua lại trước hạn toàn bộ nợ xấu từ VAMC,3,positive,2,1.0,train,Eximbank đã mua lại trước hạn toàn_bộ nợ xấu từ VAMC,52,52,12,11,False,False,False
raw_data.xlsx::477,raw_data.xlsx,"FPT Telecom (FOX) báo lãi sau thuế 461 tỷ đồng trong quý 1, tăng 29% so với cùng kỳ",3,positive,2,1.0,test,FPT Telecom_FOX báo lãi sau thuế 461 tỷ đồng trong quý 1 tăng 29 so với cùng kỳ,83,79,19,18,False,False,False
raw_data.xlsx::478,raw_data.xlsx,"ĐHCĐ OCH: Đẩy mạnh phát triển Kem Tràng Tiền và Bánh Givral, đặt kế hoạch lãi 50,5 tỷ đồng trong năm 2021",3,positive,2,1.0,train,ĐHCĐ OCH Đẩy_mạnh phát_triển Kem_Tràng_Tiền và Bánh_Givral đặt kế_hoạch lãi 50 5 tỷ đồng trong năm 2021,105,103,22,17,False,False,False
raw_data.xlsx::479,raw_data.xlsx,"FPT: LNTT quý 1 tăng 22%, Doanh thu ký mới thị trường nước ngoài đạt gần 4.500 tỷ đồng trong quý 1",3,positive,2,1.0,train,FPT LNTT quý 1 tăng 22 Doanh_thu ký mới thị_trường nước_ngoài đạt gần 4 500 tỷ đồng trong quý 1,98,95,22,20,False,False,False
raw_data.xlsx::480,raw_data.xlsx,"Thủy điện Thác Bà (TBC): Quý 1 lãi 75 tỷ đồng, cao gấp hơn 3 lần cùng kỳ",3,positive,2,1.0,train,Thuỷ_điện Thác_Bà_TBC_Quý 1 lãi 75 tỷ đồng cao gấp hơn 3 lần cùng kỳ,72,68,18,14,False,False,False
raw_data.xlsx::481,raw_data.xlsx,"Giá cổ phiếu tăng mạnh, doanh nghiệp dược làm ăn ra sao trong quý 1",2,neutral,1,0.0,val,Giá cổ_phiếu tăng mạnh doanh_nghiệp dược làm_ăn ra sao trong quý 1,67,66,15,12,False,False,False
raw_data.xlsx::482,raw_data.xlsx,"Cổ đông SHB khoe lãi 28 tỷ đồng nhờ đi ngược đám đông: ""Đi khắp các sàn, room chứng khoán, mạng xã hội không thấy một ai khuyên mua cổ phiếu SHB""",3,positive,2,1.0,test,Cổ_đông SHB khoe lãi 28 tỷ đồng nhờ đi ngược đám đông Đi khắp các sàn room chứng_khoán mạng xã_hội không thấy một ai khuyên mua cổ_phiếu SHB,145,140,32,28,False,False,False
raw_data.xlsx::483,raw_data.xlsx,"Traphaco (TRA): Quý 1 lãi 55 tỷ đồng, tăng 35% so với cùng kỳ 2020",3,positive,2,1.0,test,Traphaco_TRA_Quý 1 lãi 55 tỷ đồng tăng 35 so với cùng kỳ 2020,66,61,15,13,False,False,False
raw_data.xlsx::484,raw_data.xlsx,"Công ty mẹ Minh Phú (MPC): Quý 1 lãi 102 tỷ đồng, giảm 25% so với cùng kỳ 2020",1,negative,0,-1.0,val,Công_ty mẹ Minh_Phú_MPC_Quý 1 lãi 102 tỷ đồng giảm 25 so với cùng kỳ 2020,78,73,19,15,False,False,False
raw_data.xlsx::485,raw_data.xlsx,Lịch sự kiện và tin vắn chứng khoán ngày 23/4,2,neutral,1,0.0,train,Lịch_sự kiện và tin_vắn chứng_khoán ngày 23 4,45,45,10,8,False,False,False
raw_data.xlsx::486,raw_data.xlsx,Fortex (FTM): Quý 1 lỗ tiếp 47 tỷ đồng,1,negative,0,-1.0,train,Fortex_FTM_Quý 1 lỗ tiếp 47 tỷ đồng,38,35,9,7,False,False,False
raw_data.xlsx::487,raw_data.xlsx,Nhựa Tiền Phong (NTP): Quý 1 lãi 75 tỷ đồng tăng 73% so với cùng kỳ,3,positive,2,1.0,train,Nhựa_Tiền_Phong_NTP Quý 1 lãi 75 tỷ đồng tăng 73 so với cùng kỳ,67,63,16,13,False,False,False
raw_data.xlsx::488,raw_data.xlsx,"Địa ốc Hoàng Quân (HQC): Đặt kế hoạch lợi nhuận 50 tỷ đồng, cao gấp 2 lần năm 2020",3,positive,2,1.0,train,Địa_ốc Hoàng_Quân_HQC_Đặt kế_hoạch lợi_nhuận 50 tỷ đồng cao gấp 2 lần năm 2020,82,78,19,13,False,False,False
raw_data.xlsx::489,raw_data.xlsx,"Viettel Construction (CTR) lãi ròng gần 72 tỷ đồng trong quý 1, tăng trưởng 41% so với cùng kỳ 2020",3,positive,2,1.0,train,Viettel_Construction_CTR lãi_ròng gần 72 tỷ đồng trong quý 1 tăng_trưởng 41 so với cùng kỳ 2020,99,95,20,16,False,False,False
raw_data.xlsx::490,raw_data.xlsx,VCSC: Lợi nhuận quý 1 gấp 4 cùng kỳ,3,positive,2,1.0,val,VCSC Lợi_nhuận quý 1 gấp 4 cùng kỳ,35,34,9,8,False,False,False
raw_data.xlsx::491,raw_data.xlsx,"CEO Chứng khoán HSC: Sẽ tăng thị phần trong tương lai, nhưng nói không với giảm phí và chấp nhận rủi ro cao như một số CTCK hiện nay!",2,neutral,1,0.0,train,CEO Chứng_khoán HSC Sẽ tăng thị_phần trong tương_lai nhưng nói không với giảm phí và chấp_nhận rủi_ro cao như một_số CTCK hiện_nay,133,130,29,22,False,False,False
raw_data.xlsx::492,raw_data.xlsx,VCSC: Nhà đầu tư đang chờ xác nhận liệu thị trường có thể hấp thụ được lượng lớn cổ phiếu đã bán ra hay bắt đầu một quá trình phân phối,2,neutral,1,0.0,test,VCSC Nhà_đầu_tư đang chờ xác_nhận liệu thị_trường có_thể hấp_thụ được lượng lớn cổ_phiếu đã bán ra hay bắt_đầu một quá_trình phân_phối,135,134,31,21,False,False,False
raw_data.xlsx::493,raw_data.xlsx,Nhà đầu tư để sẵn 65.000 tỷ đồng “nằm chờ” tại các Công ty chứng khoán vào cuối quý 1,3,positive,2,1.0,train,Nhà_đầu_tư để sẵn 65 000 tỷ đồng nằm chờ tại các Công_ty chứng_khoán vào cuối quý 1,85,83,20,17,False,False,False
raw_data.xlsx::494,raw_data.xlsx,"Khối ngoại tiếp tục bán ròng, thị trường “đỏ lửa” trong phiên 22/4",1,negative,0,-1.0,train,Khối ngoại_tiếp tục bán ròng thị_trường đỏ_lửa trong phiên 22 4,66,63,13,11,False,False,False
raw_data.xlsx::495,raw_data.xlsx,"Công ty phân phối Mercedes Haxaco (HAX) lãi 55 tỷ đồng trong quý 1, cao gấp 18 lần cùng kỳ",3,positive,2,1.0,val,Công_ty phân_phối Mercedes Haxaco_HAX lãi 55 tỷ đồng trong quý 1 cao gấp 18 lần cùng kỳ,90,87,20,17,False,False,False
raw_data.xlsx::496,raw_data.xlsx,"Doanh thu vượt mốc nghìn tỷ, Đông Hải Bến Tre (DHC) lãi tăng 138% trong quý 1",3,positive,2,1.0,train,Doanh_thu vượt mốc nghìn tỷ Đông_Hải Bến_Tre DHC lãi tăng 138 trong quý 1,77,73,17,14,False,False,False
raw_data.xlsx::497,raw_data.xlsx,"Thế giới Di động (MWG): Trình phương án chia cổ tức tỷ lệ 2:1, lợi nhuận dự tăng trưởng 21% lên 4.750 tỷ đồng",3,positive,2,1.0,train,Thế_giới Di_động MWG Trình phương_án chia cổ_tức tỷ_lệ 2 1 lợi_nhuận dự tăng_trưởng 21 lên 4 750 tỷ đồng,109,104,24,19,False,False,False
raw_data.xlsx::498,raw_data.xlsx,"Chi phí cước tàu tăng, lợi nhuận Vĩnh Hoàn giảm 14% trong quý 1/2021",1,negative,0,-1.0,train,Chi_phí cước tàu tăng lợi_nhuận Vĩnh_Hoàn giảm 14 trong quý 1 2021,68,66,14,12,False,False,False
raw_data.xlsx::499,raw_data.xlsx,"Đất Xanh (DXG): Lãi ròng quý 1/2021 ghi nhận đúng kế hoạch với 531 tỷ đồng, cao gấp 8 lần cùng kỳ",3,positive,2,1.0,train,Đất Xanh_DXG_Lãi ròng quý 1 2021 ghi_nhận đúng kế_hoạch với 531 tỷ đồng cao gấp 8 lần cùng kỳ,97,93,22,19,False,False,False
raw_data.xlsx::500,raw_data.xlsx,"Rạng Đông (RAL) lãi ròng gần 110 tỷ đồng, EPS đạt 9.109 đồng trong quý 1/2021",3,positive,2,1.0,train,Rạng_Đông RAL lãi_ròng gần 110 tỷ đồng EPS đạt 9 109 đồng trong quý 1 2021,77,74,16,16,False,False,False
raw_data.xlsx::501,raw_data.xlsx,"Quý 1 lỗ 30 tỷ đồng, Vinasun (VNS) đã lỗ 5 quý liên tiếp",1,negative,0,-1.0,test,Quý 1 lỗ 30 tỷ đồng Vinasun_VNS đã lỗ 5 quý liên_tiếp,56,53,14,12,False,False,False
raw_data.xlsx::502,raw_data.xlsx,Dược Hậu Giang (DHG) chốt quyền trả cổ tức năm 2020 bằng tiền tỷ lệ 40%,3,positive,2,1.0,train,Dược_Hậu_Giang_DHG chốt quyền trả cổ_tức năm 2020 bằng tiền tỷ_lệ 40,71,68,16,11,False,False,False
raw_data.xlsx::503,raw_data.xlsx,"Nhiệt điện Quảng Ninh (QTP): Doanh thu giảm sâu, vẫn có lãi hơn 117 tỷ đồng trong quý 1",3,positive,2,1.0,test,Nhiệt_điện Quảng_Ninh QTP Doanh_thu giảm sâu vẫn có lãi hơn 117 tỷ đồng trong quý 1,87,83,19,16,False,False,False
raw_data.xlsx::504,raw_data.xlsx,"Petroland (PTL) bị truy thu và phạt hơn 6,6 tỷ đồng tiền thuế",1,negative,0,-1.0,train,Petroland_PTL bị truy_thu và phạt hơn 6 6 tỷ đồng_tiền thuế,61,59,13,11,False,False,False
raw_data.xlsx::505,raw_data.xlsx,Khối ngoại chi gần 700 tỷ mua cổ phiếu MWG ngay khi “hở room” trong sáng 22/4,3,positive,2,1.0,test,Khối ngoại chi gần 700 tỷ mua cổ_phiếu MWG ngay khi hở room trong_sáng 22 4,77,75,17,16,False,False,False
raw_data.xlsx::506,raw_data.xlsx,"Gỗ Trường Thành (TTF): Năm 2021 đặt kế hoạch lãi tăng gấp 3 lần, rót vốn vào công ty nội thất Natuzzi Singapore",3,positive,2,1.0,train,Gỗ_Trường_Thành_TTF Năm 2021 đặt kế_hoạch lãi tăng gấp 3 lần rót vốn vào công_ty nội_thất Natuzzi_Singapore,111,107,23,16,False,False,False
raw_data.xlsx::507,raw_data.xlsx,"Tăng bán sản phẩm bản quyền, Vinaseed (NSC) lãi quý 1 cao gấp đôi cùng kỳ",3,positive,2,1.0,train,Tăng bán sản_phẩm bản_quyền Vinaseed_NSC lãi quý 1 cao gấp đôi cùng kỳ,73,70,16,13,False,False,False
raw_data.xlsx::508,raw_data.xlsx,"Cổ phiếu giảm sàn la liệt, VN-Index mất hơn 40 điểm trong phiên 22/4",1,negative,0,-1.0,train,Cổ_phiếu giảm sàn la_liệt VN Index mất hơn 40 điểm trong phiên 22 4,68,67,14,14,False,False,False
raw_data.xlsx::509,raw_data.xlsx,"Ông chủ dự án Vườn Vua (TIG): Quý 1 lãi 30 tỷ đồng, cao gần gấp đôi cùng kỳ 2020",3,positive,2,1.0,val,Ông chủ dự_án Vườn_Vua_TIG_Quý 1 lãi 30 tỷ đồng cao gần gấp đôi cùng kỳ 2020,80,76,20,16,False,False,False
raw_data.xlsx::510,raw_data.xlsx,"BOT Cầu Thái Hà: Quý 1 lỗ tiếp 21 tỷ đồng, kéo dài số quý lỗ liên tiếp lên con số 9",1,negative,0,-1.0,train,BOT Cầu Thái_Hà_Quý 1 lỗ tiếp 21 tỷ đồng kéo_dài số quý lỗ liên_tiếp lên con_số 9,83,81,22,17,False,False,False
raw_data.xlsx::511,raw_data.xlsx,"OCH đẩy mạnh tái cấu trúc doanh nghiệp, định hướng đầu tư thêm các hoạt động mới trong năm 2021",2,neutral,1,0.0,train,OCH đẩy_mạnh tái cấu_trúc doanh_nghiệp định_hướng đầu_tư thêm các hoạt_động mới trong năm 2021,95,94,20,14,False,False,False
raw_data.xlsx::512,raw_data.xlsx,"ACB, CRE, GEX, CII, HNG, TNT, CLW, AMS: Thông tin giao dịch lượng lớn cổ phiếu",2,neutral,1,0.0,train,ACB CRE GEX CII HNG TNT CLW AMS Thông_tin giao_dịch lượng lớn cổ_phiếu,78,70,16,13,False,False,False
raw_data.xlsx::513,raw_data.xlsx,"Chứng khoán VIX đạt 398 tỷ đồng lợi nhuận quý 1/2021, hoàn thành gần 60% kế hoạch năm",3,positive,2,1.0,train,Chứng_khoán VIX đạt 398 tỷ đồng lợi_nhuận quý 1 2021 hoàn_thành gần 60 kế_hoạch năm,85,83,18,15,False,False,False
raw_data.xlsx::514,raw_data.xlsx,Chứng khoán APG báo lãi quý 1.2021 gấp 4 lần so với cùng kỳ,3,positive,2,1.0,train,Chứng_khoán APG báo lãi quý 1 2021 gấp 4 lần so với cùng kỳ,59,59,14,14,False,False,False
raw_data.xlsx::515,raw_data.xlsx,Lịch sự kiện và tin vắn chứng khoán ngày 22/4,2,neutral,1,0.0,test,Lịch_sự kiện và tin_vắn chứng_khoán ngày 22 4,45,45,10,8,False,False,False
raw_data.xlsx::516,raw_data.xlsx,Những Công ty chứng khoán nào còn nhiều dư địa cho vay margin?,2,neutral,1,0.0,test,Những Công_ty chứng_khoán nào còn nhiều dư_địa cho vay margin,62,61,13,10,False,False,False
raw_data.xlsx::517,raw_data.xlsx,"Yeah1 (YEG) lỗ ròng thêm 45,6 tỷ đồng trong quý 1/2021",1,negative,0,-1.0,train,Yeah1 YEG lỗ ròng thêm 45 6 tỷ đồng trong quý 1 2021,54,52,11,13,False,False,False
raw_data.xlsx::518,raw_data.xlsx,"Công ty ""séc trắng"" SPAC dành cho ai?",2,neutral,1,0.0,test,Công_ty séc trắng SPAC dành cho ai,37,34,8,7,False,False,False
raw_data.xlsx::519,raw_data.xlsx,Biến tướng của SPAC là niêm yết cửa sau,1,negative,0,-1.0,train,Biến_tướng của SPAC là niêm_yết cửa sau,39,39,9,7,False,False,False
raw_data.xlsx::520,raw_data.xlsx,Thủy điện Đa Nhim – Hàm Thuận – Đa Mi (DNH): Quý 1 lãi 343 tỷ đồng cao gấp 4 lần cùng kỳ,3,positive,2,1.0,train,Thuỷ_điện Đa_Nhim_Hàm_Thuận Đa_Mi_DNH_Quý 1 lãi 343 tỷ đồng cao gấp 4 lần cùng kỳ,88,81,23,14,False,False,False
raw_data.xlsx::521,raw_data.xlsx,"Hoàng Anh Gia Lai (HAG): Cổ phiếu bị đưa vào diện kiểm soát từ ngày 28/4, chỉ được giao dịch phiên chiều",1,negative,0,-1.0,train,Hoàng_Anh Gia_Lai HAG Cổ_phiếu bị đưa vào diện kiểm_soát từ ngày 28 4 chỉ được giao_dịch phiên chiều,104,100,22,18,False,False,False
raw_data.xlsx::522,raw_data.xlsx,"Quý 1, chủ sở hữu Triển lãm Giảng Võ (VEF) báo lãi 53 tỷ đồng cao gấp hơn 4 lần cùng kỳ",3,positive,2,1.0,train,Quý 1 chủ_sở_hữu Triển_lãm Giảng_Võ_VEF báo lãi 53 tỷ đồng cao gấp hơn 4 lần cùng kỳ,87,84,22,17,False,False,False
raw_data.xlsx::523,raw_data.xlsx,Gỗ Trường Thành (TTF) vẫn chưa xử lý được khoản nợ quá hạn 123 tỷ tại DongA Bank,1,negative,0,-1.0,test,Gỗ_Trường_Thành_TTF vẫn chưa xử_lý được khoản nợ quá hạn 123 tỷ tại DongA_Bank,80,78,18,13,False,False,False
raw_data.xlsx::524,raw_data.xlsx,"Năm Bảy Bảy (NBB): Quý 1 lãi 32 tỷ đồng, cao gấp 6 lần cùng kỳ",3,positive,2,1.0,train,Năm Bảy Bảy_NBB_Quý 1 lãi 32 tỷ đồng cao gấp 6 lần cùng kỳ,62,58,16,14,False,False,False
raw_data.xlsx::525,raw_data.xlsx,"Tái định vị thương hiệu, Tường An (TAC) lãi tăng 159% trong quý 1",3,positive,2,1.0,train,Tái định_vị thương_hiệu Tường_An_TAC lãi tăng 159 trong quý 1,65,61,14,10,False,False,False
raw_data.xlsx::526,raw_data.xlsx,"Chứng khoán VPS báo lãi hơn 200 tỷ đồng sau thuế quý 1/2021, gấp đôi cùng kỳ",3,positive,2,1.0,train,Chứng_khoán VPS báo lãi hơn 200 tỷ đồng sau thuế quý 1 2021 gấp đôi cùng kỳ,76,75,17,17,False,False,False
raw_data.xlsx::527,raw_data.xlsx,"Xi măng Hà Tiên 1 (HT1): Kế hoạch lãi trước thuế 815 tỷ đồng trong năm 2021, lương công nhân bình quân 17,6 triệu đồng/tháng",3,positive,2,1.0,train,Xi_măng Hà_Tiên 1 HT1 Kế_hoạch lãi trước thuế 815 tỷ đồng trong năm 2021 lương công_nhân bình_quân 17 6 triệu đồng tháng,124,120,25,22,False,False,False
raw_data.xlsx::528,raw_data.xlsx,"PTB kỳ vọng lợi nhuận 6 tháng đầu năm 2021 tăng trưởng 54%, cả năm đạt hơn 524 tỷ",3,positive,2,1.0,train,PTB kỳ_vọng lợi_nhuận 6 tháng đầu năm 2021 tăng_trưởng 54 cả năm đạt hơn 524 tỷ,81,79,19,16,False,False,False
raw_data.xlsx::529,raw_data.xlsx,"Domesco (DMC): Quý 1 lãi 24 tỷ đồng, thấp nhất trong gần 9 năm",1,negative,0,-1.0,train,Domesco_DMC_Quý 1 lãi 24 tỷ đồng thấp nhất trong gần 9 năm,62,58,14,12,False,False,False
raw_data.xlsx::530,raw_data.xlsx,"Gia tăng quảng cáo, Pinaco (PAC) báo lãi quý 1 tăng 38% so với cùng kỳ",3,positive,2,1.0,train,Gia_tăng quảng_cáo Pinaco_PAC báo lãi quý 1 tăng 38 so với cùng kỳ,70,66,16,13,False,False,False
raw_data.xlsx::531,raw_data.xlsx,"Dư nợ cho vay tại các CTCK lập kỷ lục 110.000 tỷ đồng vào cuối quý 1, tăng 20.000 tỷ so với đầu năm",3,positive,2,1.0,train,Dư_nợ cho vay tại các CTCK lập kỷ_lục 110 000 tỷ đồng vào cuối quý 1 tăng 20 000 tỷ so với đầu năm,99,98,24,24,False,False,False
raw_data.xlsx::532,raw_data.xlsx,"MBS báo lãi quý 1 gần 100 tỷ đồng, tăng trưởng 380% so với cùng kỳ 2020",3,positive,2,1.0,train,MBS báo lãi quý 1 gần 100 tỷ đồng tăng_trưởng 380 so với cùng kỳ 2020,71,69,17,16,False,False,False
raw_data.xlsx::533,raw_data.xlsx,"VNDIRECT lãi 482 tỷ đồng trong quý 1, tăng trưởng 724% so với cùng kỳ 2020",3,positive,2,1.0,val,VNDIRECT lãi 482 tỷ đồng trong quý 1 tăng_trưởng 724 so với cùng kỳ 2020,74,72,16,15,False,False,False
raw_data.xlsx::534,raw_data.xlsx,ĐHĐCĐ Searefico (SRF): Nếu tăng vốn được trong năm qua đã có thể có 100 tỷ lợi nhuận mà không quá vất vả!,2,neutral,1,0.0,train,ĐHĐCĐ Searefico_SRF_Nếu tăng vốn được trong năm qua đã có_thể có 100 tỷ lợi_nhuận mà không quá vất_vả,105,101,23,18,False,False,False
raw_data.xlsx::535,raw_data.xlsx,Chứng khoán Bảo Việt (BVSC) báo lãi quý 1 đạt gần 50% kế hoạch cả năm 2021,3,positive,2,1.0,train,Chứng_khoán Bảo_Việt_BVSC báo lãi quý 1 đạt gần 50 kế_hoạch cả năm 2021,74,71,17,13,False,False,False
raw_data.xlsx::536,raw_data.xlsx,"Phiên 20/4: Khối ngoại tiếp tục bán ròng gần 560 tỷ đồng, tập trung “xả” Bluechips",1,negative,0,-1.0,train,Phiên 20 4 Khối ngoại_tiếp tục bán ròng gần 560 tỷ đồng tập_trung xả Bluechips,82,78,16,15,False,False,False
raw_data.xlsx::537,raw_data.xlsx,"Chứng khoán Agriseco lãi quý 1 đạt 37 tỷ đồng, tăng gấp 2,8 lần cùng kỳ 2020.",3,positive,2,1.0,train,Chứng_khoán Agriseco lãi quý 1 đạt 37 tỷ đồng tăng gấp 2 8 lần cùng kỳ 2020,77,75,17,17,False,False,False
raw_data.xlsx::538,raw_data.xlsx,"Ghi nhận doanh thu từ bán đất nền, Phát Đạt (PDR) báo lãi sau thuế quý 1 đạt 251 tỷ đồng",3,positive,2,1.0,train,Ghi_nhận doanh_thu từ bán đất nền Phát_Đạt PDR báo lãi sau thuế quý 1 đạt 251 tỷ đồng,88,85,21,18,False,False,False
raw_data.xlsx::539,raw_data.xlsx,Becamex IJC (IJC): 3 tháng thực hiện gần nửa kế hoạch lợi nhuận cả năm với 289 tỷ đồng,3,positive,2,1.0,train,Becamex_IJC_IJC 3 tháng thực_hiện gần nửa kế_hoạch lợi_nhuận cả năm với 289 tỷ đồng,86,83,19,14,False,False,False
raw_data.xlsx::540,raw_data.xlsx,Dat Xanh Services điều chỉnh thời gian nộp tiền mua cổ phiếu DXS trong đợt IPO,2,neutral,1,0.0,train,Dat_Xanh_Services điều_chỉnh thời_gian nộp tiền mua cổ_phiếu DXS trong đợt IPO,78,78,16,11,False,False,False
raw_data.xlsx::541,raw_data.xlsx,“Cú bắt tay” chiến lược giữa VCSC và VPBank cho trải nghiệm đầu tư 4.0,3,positive,2,1.0,train,Cú bắt_tay chiến_lược giữa VCSC và VPBank cho trải_nghiệm đầu_tư 4 0,70,68,15,12,False,False,False
raw_data.xlsx::542,raw_data.xlsx,"EVS: Lợi nhuận trước thuế quý 1 đạt 92,6 tỷ đồng, vượt kế hoạch năm 2021",3,positive,2,1.0,train,EVS Lợi_nhuận trước thuế quý 1 đạt 92 6 tỷ đồng vượt kế_hoạch năm 2021,72,70,16,15,False,False,False
raw_data.xlsx::543,raw_data.xlsx,Phát Đạt tiếp tục tất toán 250 tỷ đồng trái phiếu trước hạn 3 năm,3,positive,2,1.0,train,Phát_Đạt tiếp_tục tất toán 250 tỷ đồng trái_phiếu trước hạn 3 năm,65,65,15,12,False,False,False
raw_data.xlsx::544,raw_data.xlsx,"Những phi vụ kỳ lạ của thế hệ nhà đầu tư F0 ở Việt Nam: Chơi chứng khoán vì thất nghiệp, vì bạn xúi mua, thậm chí vì nghỉ dịch quá... rảnh",2,neutral,1,0.0,train,Những phi_vụ kỳ_lạ của thế_hệ nhà_đầu_tư F0 ở Việt_Nam Chơi chứng_khoán vì thất_nghiệp vì bạn xúi mua thậm_chí vì nghỉ dịch quá rảnh,138,132,32,23,False,False,False
raw_data.xlsx::545,raw_data.xlsx,"Mảng môi giới và cho vay tăng mạnh, Chứng khoán FPTS lãi quý 1 gần 146 tỷ đồng",3,positive,2,1.0,train,Mảng môi_giới và cho vay tăng mạnh Chứng_khoán FPTS lãi quý 1 gần 146 tỷ đồng,78,77,18,16,False,False,False
raw_data.xlsx::546,raw_data.xlsx,"KCN Tín Nghĩa (TIP): Lợi nhuận Q1/2021 trưởng 135%, lên kế hoạch tăng vốn phát triển dự án trong nhiều năm tới",3,positive,2,1.0,train,KCN Tín_Nghĩa TIP Lợi_nhuận Q1 2021 trưởng 135 lên kế_hoạch tăng vốn phát_triển dự_án trong nhiều năm tới,110,105,22,18,False,False,False
raw_data.xlsx::547,raw_data.xlsx,"Nhờ tiết giảm chi phí lãi vay, Hóa chất Lâm Thao (LAS) báo lãi quý 1/2021 tăng gấp 6 lần cùng kỳ",3,positive,2,1.0,train,Nhờ tiết_giảm chi_phí lãi vay Hoá_chất Lâm_Thao LAS báo lãi quý 1 2021 tăng gấp 6 lần cùng kỳ,96,93,22,19,False,False,False
raw_data.xlsx::548,raw_data.xlsx,"Rung lắc mạnh trong phiên chiều, VN-Index vẫn tăng gần 8 điểm với lực kéo từ VCB, VHM",3,positive,2,1.0,train,Rung lắc mạnh trong phiên chiều VN Index vẫn tăng gần 8 điểm với lực kéo từ VCB VHM,85,83,18,19,False,False,False
raw_data.xlsx::549,raw_data.xlsx,Chứng khoán BSC tạm chuyển giao dịch sang HNX từ đầu tháng 5,2,neutral,1,0.0,train,Chứng_khoán BSC tạm chuyển_giao dịch sang HNX từ đầu tháng 5,60,60,13,11,False,False,False
raw_data.xlsx::550,raw_data.xlsx,"Tracodi (TCD): Lợi nhuận quý 1/2021 ước đạt 74 tỷ đồng, cao gấp 3,7 lần cùng kỳ",3,positive,2,1.0,test,Tracodi_TCD_Lợi nhuận quý 1 2021 ước đạt 74 tỷ đồng cao gấp 3 7 lần cùng kỳ,79,75,17,17,False,False,False
raw_data.xlsx::551,raw_data.xlsx,Hoá Chất Đức Giang (DGC) tăng 47% lợi nhuận sau thuế quý 1/2021 lên 292 tỷ đồng,3,positive,2,1.0,train,Hoá_Chất Đức Giang_DGC tăng 47 lợi_nhuận sau thuế quý 1 2021 lên 292 tỷ đồng,79,76,17,15,False,False,False
raw_data.xlsx::552,raw_data.xlsx,"Sowatco (SWC) báo lãi quý 1 gấp đôi cùng kỳ, giá cổ phiếu tăng gấp rưỡi từ đầu năm 2021",3,positive,2,1.0,train,Sowatco_SWC báo lãi quý 1 gấp đôi cùng kỳ giá cổ_phiếu tăng gấp rưỡi từ đầu năm 2021,87,84,20,18,False,False,False
raw_data.xlsx::553,raw_data.xlsx,"Thị giá THD vượt 200.000 đồng, CEO của Thaiholdings vẫn đăng ký mua 1 triệu cổ phiếu",3,positive,2,1.0,train,Thị_giá THD vượt 200 000 đồng CEO của Thaiholdings vẫn đăng_ký mua 1 triệu cổ_phiếu,84,83,17,15,False,False,False
raw_data.xlsx::554,raw_data.xlsx,Mirae Asset dành tặng nhà đầu tư 1.000.000 vnd phí giao dịch,2,neutral,1,0.0,train,Mirae_Asset dành tặng nhà_đầu_tư 1 000 000 vnd phí giao_dịch,60,60,12,10,False,False,False
raw_data.xlsx::555,raw_data.xlsx,Vinaconex Power (VCP) chốt danh sách cổ đông phát hành hơn 18 triệu cổ phiếu trả cổ tức,3,positive,2,1.0,train,Vinaconex_Power_VCP chốt danh_sách cổ_đông phát_hành hơn 18 triệu cổ_phiếu trả cổ_tức,87,85,18,11,False,False,False
raw_data.xlsx::556,raw_data.xlsx,Lịch sự kiện và tin vắn chứng khoán ngày 20/4,2,neutral,1,0.0,train,Lịch_sự kiện và tin_vắn chứng_khoán ngày 20 4,45,45,10,8,False,False,False
raw_data.xlsx::557,raw_data.xlsx,"Thép Nam Kim (NKG) đạt lãi kỷ lục trong quý 1/2021 với 319 tỷ đồng, cao gấp 7,7 lần cùng kỳ",3,positive,2,1.0,train,Thép_Nam_Kim_NKG đạt lãi kỷ_lục trong quý 1 2021 với 319 tỷ đồng cao gấp 7 7 lần cùng kỳ,91,88,21,19,False,False,False
raw_data.xlsx::558,raw_data.xlsx,"Khối ngoại không còn mua MWG, FPT với mức giá chênh hàng chục phần trăm, phải chăng cổ phiếu “kín room” đã hết hấp dẫn?",1,negative,0,-1.0,val,Khối ngoại không còn mua MWG FPT với mức giá chênh hàng chục phần_trăm phải_chăng cổ_phiếu kín room đã hết hấp_dẫn,119,114,25,21,False,False,False
raw_data.xlsx::559,raw_data.xlsx,"3 rào cản lớn cần đạt nếu muốn niêm yết tại Mỹ thông qua SPAC: Công bố thông tin, kiểm soát nội bộ và định giá",2,neutral,1,0.0,train,3 rào_cản lớn cần đạt nếu muốn niêm_yết tại Mỹ thông_qua SPAC Công_bố thông_tin kiểm_soát nội_bộ và định_giá,110,108,26,18,False,False,False
raw_data.xlsx::560,raw_data.xlsx,"VHM, NVL, ROS, NLG, PHC, MSB, HAR, HSC, THD, NGC, HAH, KSD, VIG, PVL, TIP, CVT, HDC, SGC, PPE, PVC, VAF, VCX, VHE, HD6: Thông tin giao dịch lượng lớn cổ phiếu",2,neutral,1,0.0,train,VHM NVL ROS NLG PHC MSB HAR HSC THD NGC HAH KSD VIG PVL TIP CVT HDC SGC PPE PVC VAF VCX VHE HD6 Thông_tin giao_dịch lượng lớn cổ_phiếu,158,134,32,29,False,False,False
raw_data.xlsx::561,raw_data.xlsx,Chứng khoán Trí Việt (TVB): Lợi nhuận Quý I/2021 vượt cả năm 2020,3,positive,2,1.0,train,Chứng_khoán Trí_Việt_TVB_Lợi nhuận Quý I 2021 vượt cả năm 2020,65,62,13,10,False,False,False
raw_data.xlsx::562,raw_data.xlsx,Petrosetco (PET): Quý 1/2021 lợi nhuận tăng 86% lên 65 tỷ đồng,3,positive,2,1.0,train,Petrosetco_PET_Quý 1 2021 lợi_nhuận tăng 86 lên 65 tỷ đồng,62,58,12,10,False,False,False
raw_data.xlsx::563,raw_data.xlsx,"MWG và FPT giữ vững 2 vị trí lớn nhất trong rổ Diamond với tỷ trọng 15%, nhiều cổ phiếu ngân hàng lớn bị giảm tỷ trọng",2,neutral,1,0.0,train,MWG và FPT giữ vững 2 vị_trí lớn nhất trong rổ Diamond với tỷ_trọng 15 nhiều cổ_phiếu ngân_hàng lớn bị giảm tỷ_trọng,118,116,27,22,False,False,False
raw_data.xlsx::564,raw_data.xlsx,"SSI: Công ty mẹ lãi 528 tỷ đồng quý 1/2021, dư nợ margin vượt 10.800 tỷ đồng",3,positive,2,1.0,train,SSI Công_ty mẹ lãi 528 tỷ đồng quý 1 2021 dư_nợ margin vượt 10 800 tỷ đồng,76,74,17,17,False,False,False
raw_data.xlsx::565,raw_data.xlsx,"TCM, LPB, VIB, EIB, ACB và MSB chính thức lọt rổ VNDiamond trong kỳ review tháng 4",3,positive,2,1.0,train,TCM LPB VIB EIB ACB và MSB chính_thức lọt rổ VNDiamond trong kỳ review tháng 4,82,78,17,16,False,False,False
raw_data.xlsx::566,raw_data.xlsx,"KIDO đạt 135 tỷ lợi nhuận sau thuế trong quý 1/2021, tăng 182% so với cùng kỳ",3,positive,2,1.0,train,KIDO đạt 135 tỷ lợi_nhuận sau thuế trong quý 1 2021 tăng 182 so với cùng kỳ,77,75,17,17,False,False,False
raw_data.xlsx::567,raw_data.xlsx,"Danh mục tự doanh của Chứng khoán HSC: Quý 1/2021 đã bán hết các mã MBB, VNM…",1,negative,0,-1.0,test,Danh_mục tự doanh của Chứng_khoán HSC Quý 1 2021 đã bán hết các mã MBB VNM,77,74,17,16,False,False,False
raw_data.xlsx::568,raw_data.xlsx,Lợi nhuận quý 1 của công ty sản xuất phồng tôm Bích Chi sụt giảm 13%,1,negative,0,-1.0,train,Lợi_nhuận quý 1 của công_ty sản_xuất phồng_tôm Bích_Chi sụt_giảm 13,68,67,16,10,False,False,False
raw_data.xlsx::569,raw_data.xlsx,DAP Vinachem (DDV) lãi quý 1 hơn 35 tỷ đồng trong khi cùng kỳ kinh doanh thua lỗ,3,positive,2,1.0,test,DAP Vinachem_DDV lãi quý 1 hơn 35 tỷ đồng trong khi cùng kỳ kinh_doanh thua_lỗ,80,78,18,15,False,False,False
raw_data.xlsx::570,raw_data.xlsx,"Phiên 19/4: Thị trường tăng mạnh, khối ngoại tiếp tục bán ròng 760 tỷ đồng",1,negative,0,-1.0,train,Phiên 19 4 Thị_trường tăng mạnh khối ngoại_tiếp tục bán ròng 760 tỷ đồng,74,72,15,14,False,False,False
raw_data.xlsx::571,raw_data.xlsx,"Tăng vọt 22 điểm, VnIndex vượt đỉnh lịch sử",3,positive,2,1.0,train,Tăng vọt 22 điểm VnIndex vượt đỉnh lịch_sử,43,42,9,8,False,False,False
raw_data.xlsx::572,raw_data.xlsx,"Sau Hòa Phát, đến lượt Dabaco đề xuất cho chủ tịch HĐQT nâng sở hữu không cần chào mua công khai",3,positive,2,1.0,train,Sau Hoà_Phát đến lượt Dabaco đề_xuất cho chủ_tịch HĐQT nâng sở_hữu không cần chào mua công_khai,96,95,21,16,False,False,False
raw_data.xlsx::573,raw_data.xlsx,Chứng khoán HSC trình ĐHCĐ thông qua phương án tạm chuyển giao dịch sang HNX,2,neutral,1,0.0,train,Chứng_khoán HSC trình ĐHCĐ thông_qua phương_án tạm chuyển_giao dịch sang HNX,76,76,15,11,False,False,False
raw_data.xlsx::574,raw_data.xlsx,Viteccons bổ sung nhân sự ngoại cho mục tiêu tăng trưởng 200% năm 2021,3,positive,2,1.0,train,Viteccons bổ_sung nhân_sự ngoại cho mục_tiêu tăng_trưởng 200 năm 2021,70,69,14,10,False,False,False
raw_data.xlsx::575,raw_data.xlsx,"Thủy điện Sông Ba Hạ (SBH) báo lãi quý 1/2021 tăng gấp 3,6 lần cùng kỳ",3,positive,2,1.0,train,Thuỷ_điện Sông_Ba_Hạ_SBH báo lãi quý 1 2021 tăng gấp 3 6 lần cùng kỳ,70,68,16,14,False,False,False
raw_data.xlsx::576,raw_data.xlsx,Chủ sở hữu thương hiệu Wonderfarm báo lãi quý 1/2021 tăng 35%,3,positive,2,1.0,train,Chủ_sở_hữu thương_hiệu Wonderfarm báo lãi quý 1 2021 tăng 35,61,60,12,10,False,False,False
raw_data.xlsx::577,raw_data.xlsx,"Viettel Post (VTP) lên kế hoạch niêm yết HoSE, đặt mục tiêu tăng trưởng lợi nhuận 29% trong năm 2021",3,positive,2,1.0,train,Viettel_Post_VTP lên kế_hoạch niêm_yết HoSE đặt mục_tiêu tăng_trưởng lợi_nhuận 29 trong năm 2021,100,96,20,13,False,False,False
raw_data.xlsx::578,raw_data.xlsx,TPBank (TPB) đăng ký bán hơn 40 triệu cổ phiếu quỹ từ 28/4 đến 27/5,1,negative,0,-1.0,val,TPBank_TPB đăng_ký bán hơn 40 triệu cổ_phiếu quỹ từ 28 4 đến 27 5,67,65,15,14,False,False,False
raw_data.xlsx::579,raw_data.xlsx,"Chứng khoán An Bình (ABS) thông qua phương án tăng vốn lên 1.000 tỷ đồng, lên kế hoạch niêm yết cổ phiếu",3,positive,2,1.0,train,Chứng_khoán An_Bình_ABS thông_qua phương_án tăng vốn lên 1 000 tỷ đồng lên kế_hoạch niêm_yết cổ_phiếu,104,101,22,15,False,False,False
raw_data.xlsx::580,raw_data.xlsx,Xu thế dòng tiền: Thanh khoản khủng – Vẫn chưa phải là phân phối,2,neutral,1,0.0,train,Xu_thế dòng tiền Thanh khoản khủng Vẫn chưa phải là phân_phối,64,61,14,11,False,False,False
raw_data.xlsx::581,raw_data.xlsx,"Tisco (TIS) báo lãi quý 1/2021 gấp 9 lần cùng kỳ, vượt 16% chỉ tiêu lợi nhuận cả năm",3,positive,2,1.0,train,Tisco_TIS báo lãi quý 1 2021 gấp 9 lần cùng kỳ vượt 16 chỉ_tiêu lợi_nhuận cả năm,84,80,19,17,False,False,False
raw_data.xlsx::582,raw_data.xlsx,Hàng loạt doanh nghiệp tặng quà đầy bất ngờ cho cổ đông,2,neutral,1,0.0,train,Hàng_loạt doanh_nghiệp tặng quà đầy bất_ngờ cho cổ_đông,55,55,12,8,False,False,False
raw_data.xlsx::583,raw_data.xlsx,"Điểm danh những doanh nghiệp chốt quyền nhận cổ tức bằng tiền, bằng cổ phiếu và cổ phiếu thưởng tuần từ 23-27/4",3,positive,2,1.0,train,Điểm_danh những doanh_nghiệp chốt quyền nhận cổ_tức bằng tiền bằng cổ_phiếu và cổ_phiếu thưởng tuần từ 23 27 4,111,110,22,19,False,False,False
raw_data.xlsx::584,raw_data.xlsx,"MBS: Thị trường phân hóa, VN-Index có thể không tăng mạnh trong tuần 19-23/4",2,neutral,1,0.0,train,MBS Thị_trường phân_hoá VN Index có_thể không tăng mạnh trong tuần 19 23 4,76,74,14,14,False,False,False
raw_data.xlsx::585,raw_data.xlsx,Lịch sự kiện và tin vắn chứng khoán ngày 19/4,2,neutral,1,0.0,test,Lịch_sự kiện và tin_vắn chứng_khoán ngày 19 4,45,45,10,8,False,False,False
raw_data.xlsx::586,raw_data.xlsx,Tiêu điểm xử phạt tuần qua: Thêm nhiều doanh nghiệp và cá nhân bị UBCKNN phạt,1,negative,0,-1.0,test,Tiêu_điểm xử_phạt tuần qua Thêm nhiều doanh_nghiệp và cá_nhân bị UBCKNN phạt,77,76,16,12,False,False,False
raw_data.xlsx::587,raw_data.xlsx,"HSC tất toán gần 1.000 tỷ đồng danh mục tự doanh, lãi quý 1 gấp 3,2 lần cùng kỳ 2020.",3,positive,2,1.0,train,HSC tất toán gần 1 000 tỷ đồng danh_mục tự doanh lãi quý 1 gấp 3 2 lần cùng kỳ 2020,85,83,20,21,False,False,False
raw_data.xlsx::588,raw_data.xlsx,[Quy tắc đầu tư vàng] Nhà sáng lập Melvin Capital Management chia sẻ bí quyết giảm thiểu rủi ro trong đầu tư chứng khoán,2,neutral,1,0.0,train,Quy_tắc đầu_tư vàng Nhà_sáng_lập Melvin_Capital_Management chia_sẻ bí_quyết giảm_thiểu rủi_ro trong đầu_tư chứng_khoán,120,118,24,12,False,False,False
raw_data.xlsx::589,raw_data.xlsx,Thép Đà Nẵng (DNS): Quý 1 lãi 40 tỷ đồng hoàn thành 89% kế hoạch cả năm 2021,3,positive,2,1.0,val,Thép_Đà_Nẵng_DNS Quý 1 lãi 40 tỷ đồng hoàn_thành 89 kế_hoạch cả năm 2021,76,72,18,13,False,False,False
raw_data.xlsx::590,raw_data.xlsx,"Giảm mạnh chi phí, dịch vụ hàng không Sasco có lãi 13 tỷ đồng trong quý 1",3,positive,2,1.0,train,Giảm mạnh chi_phí dịch_vụ hàng không Sasco có lãi 13 tỷ đồng trong quý 1,73,72,17,15,False,False,False
raw_data.xlsx::591,raw_data.xlsx,Lịch chốt quyền nhận cổ tức bằng tiền của 7 doanh nghiệp,3,positive,2,1.0,train,Lịch chốt quyền nhận cổ_tức bằng tiền của 7 doanh_nghiệp,56,56,12,10,False,True,True
raw_data.xlsx::592,raw_data.xlsx,Điện lực Khánh Hoà (KHP): Quý 1 báo lỗ 77 tỷ đồng,1,negative,0,-1.0,train,Điện_lực Khánh_Hoà KHP Quý 1 báo lỗ 77 tỷ đồng,49,46,12,10,False,False,False
raw_data.xlsx::593,raw_data.xlsx,"Sau phiên IPO cháy hàng, danh hiệu doanh nghiệp ngành muối duy nhất trên sàn sắp có ""truyền nhân""?",2,neutral,1,0.0,test,Sau phiên IPO cháy hàng danh_hiệu doanh_nghiệp ngành muối duy_nhất trên sàn sắp có truyền nhân,98,94,19,16,False,False,False
raw_data.xlsx::594,raw_data.xlsx,"Vingroup phát hành 500 triệu USD trái phiếu quốc tế, quyền chọn nhận cổ phiếu VHM giá 123.000 đồng/cp",3,positive,2,1.0,train,Vingroup phát_hành 500 triệu USD trái_phiếu quốc_tế quyền chọn nhận cổ_phiếu VHM giá 123 000 đồng cp,101,100,19,17,False,False,False
raw_data.xlsx::595,raw_data.xlsx,"ĐHĐCĐ PNJ: Ưu tiên dùng vốn huy động để mở rộng quy mô, quý 1/2021 lợi nhuận tăng 27% lên 522 tỷ đồng",3,positive,2,1.0,train,ĐHĐCĐ PNJ Ưu_tiên dùng vốn huy_động để mở_rộng quy_mô quý 1 2021 lợi_nhuận tăng 27 lên 522 tỷ đồng,101,98,23,19,False,False,False
raw_data.xlsx::596,raw_data.xlsx,"Nhựa An Phát Xanh (AAA) dự kiến doanh thu, lợi nhuận quý I tăng mạnh",3,positive,2,1.0,test,Nhựa_An_Phát_Xanh AAA dự_kiến doanh_thu lợi_nhuận quý I tăng mạnh,68,65,15,9,False,False,False
raw_data.xlsx::597,raw_data.xlsx,"Lãi lớn, SCI E&C chốt quyền nhận cổ tức bằng tiền tỷ lệ 70%",3,positive,2,1.0,test,Lãi lớn SCI E C chốt quyền nhận cổ_tức bằng tiền tỷ_lệ 70,59,57,14,13,False,False,False
raw_data.xlsx::598,raw_data.xlsx,"FRT, AAA, NLG, PVL, MCG, VFS, HAX, CKV: Thông tin giao dịch lượng lớn cổ phiếu",2,neutral,1,0.0,train,FRT AAA NLG PVL MCG VFS HAX CKV Thông_tin giao_dịch lượng lớn cổ_phiếu,78,70,16,13,False,False,False
raw_data.xlsx::599,raw_data.xlsx,"Nhà đầu tư chú ý, cổ phiếu PXT sắp bị hủy niêm yết bắt buộc trên HoSE",1,negative,0,-1.0,train,Nhà_đầu_tư chú_ý cổ_phiếu PXT sắp bị huỷ niêm_yết bắt_buộc trên HoSE,69,68,17,11,False,False,False
raw_data.xlsx::600,raw_data.xlsx,"Nhờ tiết giảm chi phí, Thép Mê Lin (MEL) báo quý 1/2021 tăng gấp 41 lần cùng kỳ",3,positive,2,1.0,train,Nhờ tiết_giảm chi_phí Thép_Mê_Lin_MEL báo quý 1 2021 tăng gấp 41 lần cùng kỳ,79,76,18,14,False,False,False
raw_data.xlsx::601,raw_data.xlsx,"Đón đầu xu hướng nâng hạng, khối ngoại có thể đẩy mạnh mua ròng cổ phiếu Việt Nam từ nửa cuối năm 2021?",3,positive,2,1.0,train,Đón_đầu xu_hướng nâng hạng khối ngoại có_thể đẩy_mạnh mua ròng cổ_phiếu Việt_Nam từ nửa cuối năm 2021,103,101,23,17,False,False,False
raw_data.xlsx::602,raw_data.xlsx,"Yeah1 (YEG): Chủ tịch Nguyễn Ảnh Nhượng Tống đã bán ra 250.000 cổ phiếu, giảm sở hữu xuống còn 24,72% vốn",1,negative,0,-1.0,train,Yeah1 YEG Chủ_tịch Nguyễn_Ảnh_Nhượng_Tống đã bán ra 250 000 cổ_phiếu giảm sở_hữu xuống còn 24 72 vốn,105,100,21,17,False,False,False
raw_data.xlsx::603,raw_data.xlsx,"Tiết giảm chi phí lãi vay, Petrosetco (PSD) báo lãi quý 1/2021 tăng 60% so với cùng kỳ",3,positive,2,1.0,train,Tiết_giảm chi_phí lãi vay Petrosetco_PSD báo lãi quý 1 2021 tăng 60 so với cùng kỳ,86,82,18,16,False,False,False
raw_data.xlsx::604,raw_data.xlsx,"Doanh nghiệp niêm yết sắp huy động gần 45.000 tỷ đồng qua phát hành tăng vốn, Vietnam Airlines và HAGL Agrico đầu bảng",3,positive,2,1.0,train,Doanh_nghiệp niêm_yết sắp huy_động gần 45 000 tỷ đồng qua phát_hành tăng vốn Vietnam_Airlines và HAGL Agrico đầu_bảng,118,117,23,18,False,False,False
raw_data.xlsx::605,raw_data.xlsx,Một cá nhân bị phạt nặng vì dùng 35 tài khoản thao túng giá cổ phiếu TAR,1,negative,0,-1.0,train,Một cá_nhân bị phạt nặng vì dùng 35 tài_khoản thao_túng giá cổ_phiếu TAR,72,72,17,13,False,False,False
raw_data.xlsx::606,raw_data.xlsx,"ĐHĐCĐ GAS: Vấp phải đối thủ mảng khí LNG, đặt kế hoạch lợi nhuận thấp nhất từ năm 2012 dù giá dầu tăng",1,negative,0,-1.0,train,ĐHĐCĐ GAS Vấp phải đối_thủ mảng khí LNG đặt kế_hoạch lợi_nhuận thấp nhất từ năm 2012 dù giá dầu tăng,102,100,23,20,False,False,False
raw_data.xlsx::607,raw_data.xlsx,Doanh nhân Thái Vân Linh: “Hiểu mình để độc lập đưa ra quyết định đầu tư”,2,neutral,1,0.0,train,Doanh_nhân Thái_Vân_Linh_Hiểu mình để độc_lập đưa ra quyết_định đầu_tư,73,70,16,9,False,False,False
raw_data.xlsx::608,raw_data.xlsx,"Hồi phục tốt, VnIndex chỉ còn giảm 9 điểm",1,negative,0,-1.0,train,Hồi_phục tốt VnIndex chỉ còn giảm 9 điểm,41,40,9,8,False,False,False
raw_data.xlsx::609,raw_data.xlsx,"Quý 1/2021, TCBS lãi 843 tỷ đồng, ra mắt nền tảng đầu tư cộng đồng iCopy",3,positive,2,1.0,train,Quý 1 2021 TCBS lãi 843 tỷ đồng ra_mắt nền_tảng đầu_tư cộng_đồng iCopy,72,70,16,13,False,False,False
raw_data.xlsx::610,raw_data.xlsx,KIS đẩy mạnh tư vấn phát hành trái phiếu cho An Phát Holdings,1,negative,0,-1.0,train,KIS đẩy_mạnh tư_vấn phát_hành trái_phiếu cho An_Phát_Holdings,61,61,13,7,False,False,False
raw_data.xlsx::611,raw_data.xlsx,"Nhiều SPAC đang đói mục tiêu, cơ hội rộng mở cho khả năng VinFast IPO thành công tại Mỹ?",2,neutral,1,0.0,train,Nhiều SPAC đang đói mục_tiêu cơ_hội rộng_mở cho khả_năng VinFast_IPO thành_công tại Mỹ,88,86,19,13,False,False,False
raw_data.xlsx::612,raw_data.xlsx,"Viettel Construction (CTR) trình cổ đông phương án chuyển sàn HoSE, chia cổ tức năm 2020 với tỷ lệ 39,5%",3,positive,2,1.0,train,Viettel_Construction_CTR trình cổ_đông phương_án chuyển sàn HoSE chia cổ_tức năm 2020 với tỷ_lệ 39 5,104,100,20,15,False,False,False
raw_data.xlsx::613,raw_data.xlsx,"PSE: Quý 1 lãi 10,5 tỷ đồng, vượt 31% kế hoạch cả năm 2021",3,positive,2,1.0,train,PSE Quý 1 lãi 10 5 tỷ đồng vượt 31 kế_hoạch cả năm 2021,58,55,14,14,False,False,False
raw_data.xlsx::614,raw_data.xlsx,"CEO, DLG, NSH, HQC, TXM, SVN, CKV, SDP, VFS, AMS: Thông tin giao dịch lượng lớn cổ phiếu",2,neutral,1,0.0,train,CEO DLG NSH HQC TXM SVN CKV SDP VFS AMS Thông_tin giao_dịch lượng lớn cổ_phiếu,88,78,18,15,False,False,False
raw_data.xlsx::615,raw_data.xlsx,Thấy gì qua chiến lược cổ tức của doanh nghiệp trên sàn chứng khoán?,2,neutral,1,0.0,test,Thấy gì qua chiến_lược cổ_tức của doanh_nghiệp trên sàn chứng_khoán,68,67,14,10,False,False,False
raw_data.xlsx::616,raw_data.xlsx,"ĐHCĐ Vicostone: ""Tỷ suất lợi nhuận của chúng ta ngay cả các công ty trên thế giới cũng phải thèm khát""",3,positive,2,1.0,train,ĐHCĐ Vicostone_Tỷ suất lợi_nhuận của chúng_ta ngay cả các công_ty trên thế_giới cũng phải thèm_khát,102,99,21,15,False,False,False
raw_data.xlsx::617,raw_data.xlsx,"Pharbaco (PBC): Quý 1 lãi 14 tỷ đồng, tăng 175% so với cùng kỳ",3,positive,2,1.0,train,Pharbaco_PBC_Quý 1 lãi 14 tỷ đồng tăng 175 so với cùng kỳ,62,57,14,12,False,False,False
raw_data.xlsx::618,raw_data.xlsx,Lịch sự kiện và tin vắn chứng khoán ngày 16/4,2,neutral,1,0.0,train,Lịch_sự kiện và tin_vắn chứng_khoán ngày 16 4,45,45,10,8,False,False,False
raw_data.xlsx::619,raw_data.xlsx,"BVSC: “Khối ngoại không còn tác động lớn, nhà đầu tư nội là động lực đưa thị trường đi lên tầm cao mới”",3,positive,2,1.0,train,BVSC Khối ngoại không còn tác_động lớn nhà_đầu_tư nội là động_lực đưa thị_trường đi lên tầm cao mới,103,99,23,18,False,False,False
raw_data.xlsx::620,raw_data.xlsx,"SCI E&C đạt lợi nhuận gấp 6 lần cùng kỳ quý 1, hoàn thành 70% kế hoạch 2021",3,positive,2,1.0,train,SCI E C đạt lợi_nhuận gấp 6 lần cùng kỳ quý 1 hoàn_thành 70 kế_hoạch 2021,75,73,18,16,False,False,False
raw_data.xlsx::621,raw_data.xlsx,"Trái với sự thăng hoa của thị trường, không ít Bluechips ngược dòng giảm sâu từ đầu năm 2021",1,negative,0,-1.0,train,Trái với sự thăng_hoa của thị_trường không ít Bluechips ngược dòng giảm sâu từ đầu năm 2021,92,91,19,17,False,False,False
raw_data.xlsx::622,raw_data.xlsx,Savimex (SAV): Năm 2021 đặt mục tiêu lãi 48 tỷ đồng – đi ngang so với 2020,2,neutral,1,0.0,train,Savimex_SAV_Năm 2021 đặt mục_tiêu lãi 48 tỷ đồng đi ngang so với 2020,74,69,17,13,False,False,False
raw_data.xlsx::623,raw_data.xlsx,"Thủy điện Sê San 4A (S4A): Quý 1 lãi 16 tỷ đồng, cao gấp 8 lần cùng kỳ 2020",3,positive,2,1.0,train,Thuỷ_điện Sê_San 4A S4A Quý 1 lãi 16 tỷ đồng cao gấp 8 lần cùng kỳ 2020,75,71,19,17,False,False,False
raw_data.xlsx::624,raw_data.xlsx,Minh Phú (MPC): Năm 2021 đặt mục tiêu lãi 1.400 tỷ đồng cao gấp đôi 2020,3,positive,2,1.0,test,Minh_Phú_MPC_Năm 2021 đặt mục_tiêu lãi 1 400 tỷ đồng cao gấp đôi 2020,72,69,16,13,False,False,False
raw_data.xlsx::625,raw_data.xlsx,"Hưởng lợi từ giá thép tăng, HMC lãi cao kỷ lục trong quý 1",3,positive,2,1.0,train,Hưởng lợi từ giá thép tăng HMC lãi cao kỷ_lục trong quý 1,58,57,14,13,False,False,False
raw_data.xlsx::626,raw_data.xlsx,"TVC: EPS quý 1/2021 công ty mẹ đạt 1.500 đồng/ cổ phiếu, bằng cả năm 2020",3,positive,2,1.0,val,TVC EPS quý 1 2021 công_ty mẹ đạt 1 500 đồng cổ_phiếu bằng cả năm 2020,73,70,16,16,False,False,False
raw_data.xlsx::627,raw_data.xlsx,"Sông Ba (SBA): Quý 1 lãi 29 tỷ đồng, cao gấp hơn 4 lần cùng kỳ",3,positive,2,1.0,train,Sông Ba SBA Quý 1 lãi 29 tỷ đồng cao gấp hơn 4 lần cùng kỳ,62,58,16,16,False,False,False
raw_data.xlsx::628,raw_data.xlsx,Tư vấn xây dựng điện 2 (TV2): Kế hoạch lãi trước thuế năm 2021 đi ngang với 327 tỷ đồng,2,neutral,1,0.0,train,Tư_vấn xây_dựng điện 2 TV2 Kế_hoạch lãi trước thuế năm 2021 đi ngang với 327 tỷ đồng,87,84,20,17,False,False,False
raw_data.xlsx::629,raw_data.xlsx,"DLG tăng 77% từ đầu tháng 4, một cá nhân vẫn mua vào 7,7 triệu cổ phiếu",3,positive,2,1.0,train,DLG tăng 77 từ đầu tháng 4 một cá_nhân vẫn mua vào 7 7 triệu cổ_phiếu,71,69,17,16,False,False,False
raw_data.xlsx::630,raw_data.xlsx,Thủy điện A Vương (AVC): Quý 1 lãi 88 tỷ đồng hoàn thành 83% mục tiêu cả năm 2021,3,positive,2,1.0,train,Thuỷ_điện A_Vương_AVC_Quý 1 lãi 88 tỷ đồng hoàn_thành 83 mục_tiêu cả năm 2021,81,77,19,13,False,False,False
raw_data.xlsx::631,raw_data.xlsx,"HQC tăng 150% từ đầu năm, một lãnh đạo Địa ốc Hoàng Quân muốn bán bớt 3,5 triệu cổ phiếu để giải quyết nhu cầu tài chính",1,negative,0,-1.0,val,HQC tăng 150 từ đầu năm một lãnh_đạo Địa_ốc Hoàng_Quân muốn bán bớt 3 5 triệu cổ_phiếu để giải_quyết nhu_cầu tài_chính,120,118,27,21,False,False,False
raw_data.xlsx::632,raw_data.xlsx,"HOSE áp dụng cải tiến về kỹ thuật vận hành, tình trạng quá tải đã giảm bớt",3,positive,2,1.0,test,HOSE áp_dụng cải_tiến về kỹ_thuật vận_hành tình_trạng quá_tải đã giảm bớt,74,73,17,11,False,False,False
raw_data.xlsx::633,raw_data.xlsx,"Cổ phiếu VIC lập đỉnh mới, vốn hóa VinGroup bằng tổng BIDV, Vietinbank và Techcombank cộng lại",3,positive,2,1.0,train,Cổ_phiếu VIC lập đỉnh mới vốn hoá VinGroup bằng tổng BIDV Vietinbank và Techcombank cộng lại,94,92,17,16,False,False,False
raw_data.xlsx::634,raw_data.xlsx,Chứng khoán APEC ghi nhận kết quả kinh doanh ấn tượng trong quý 1/2021,3,positive,2,1.0,train,Chứng_khoán APEC ghi_nhận kết_quả kinh_doanh ấn_tượng trong quý 1 2021,70,70,14,10,False,False,False
raw_data.xlsx::635,raw_data.xlsx,"Phiên 15/4: Khối ngoại tiếp tục bán ròng gần 900 tỷ đồng, tập trung “xả” Bluechips",1,negative,0,-1.0,train,Phiên 15 4 Khối ngoại_tiếp tục bán ròng gần 900 tỷ đồng tập_trung xả Bluechips,82,78,16,15,False,False,False
raw_data.xlsx::636,raw_data.xlsx,An Thịnh (ATB): Lỗ lớn 66 tỷ đồng ngay quý 1,1,negative,0,-1.0,train,An_Thịnh_ATB_Lỗ lớn 66 tỷ đồng ngay quý 1,44,41,11,8,False,False,False
raw_data.xlsx::637,raw_data.xlsx,"Xi măng Bỉm Sơn (BCC) bị truy thu và phạt hơn 3,4 tỷ đồng tiền thuế",1,negative,0,-1.0,train,Xi_măng Bỉm_Sơn BCC bị truy_thu và phạt hơn 3 4 tỷ đồng_tiền thuế,67,65,16,13,False,False,False
raw_data.xlsx::638,raw_data.xlsx,"Phát Đạt (PDR) tiếp tục chia cổ tức đợt 3 với tỷ lệ 11,7%",3,positive,2,1.0,train,Phát_Đạt PDR tiếp_tục chia cổ_tức đợt 3 với tỷ_lệ 11 7,57,54,14,11,False,False,False
raw_data.xlsx::639,raw_data.xlsx,"Bamboo Airways tiếp tục tăng vốn lên 12.500 tỷ đồng, vốn hóa dự kiến 3,25 tỷ USD theo định giá của Chủ tịch Trịnh Văn Quyết",3,positive,2,1.0,train,Bamboo_Airways tiếp_tục tăng vốn lên 12 500 tỷ đồng_vốn_hoá dự_kiến 3 25 tỷ USD theo định_giá của Chủ_tịch Trịnh_Văn_Quyết,123,122,26,19,False,False,False
raw_data.xlsx::640,raw_data.xlsx,Pyn Elite vừa bán bớt 2 triệu cổ phiếu CEO Group,1,negative,0,-1.0,train,Pyn_Elite vừa bán bớt 2 triệu cổ_phiếu CEO Group,48,48,11,9,False,False,False
raw_data.xlsx::641,raw_data.xlsx,"Chứng khoán HDBS dự kiến tăng vốn điều lệ lên 1.000 tỷ đồng, đặt mục tiêu lợi nhuận tăng trưởng hơn 200%",3,positive,2,1.0,train,Chứng_khoán HDBS dự_kiến tăng vốn_điều_lệ lên 1 000 tỷ đồng đặt mục_tiêu lợi_nhuận tăng_trưởng hơn 200,104,102,22,16,False,False,False
raw_data.xlsx::642,raw_data.xlsx,Lịch chốt quyền nhận cổ tức bằng tiền của 11 doanh nghiệp,3,positive,2,1.0,train,Lịch chốt quyền nhận cổ_tức bằng tiền của 11 doanh_nghiệp,57,57,12,10,False,False,False
raw_data.xlsx::643,raw_data.xlsx,"Cổ phiếu ngân hàng, chứng khoán đồng loạt điều chỉnh, VN-Index mất mốc 1.250 điểm",1,negative,0,-1.0,val,Cổ_phiếu ngân_hàng chứng_khoán đồng_loạt điều_chỉnh VN Index mất mốc 1 250 điểm,81,79,15,12,False,False,False
raw_data.xlsx::644,raw_data.xlsx,"SHB, CII, ABR, HFB, KKC, SVN, SGC, PVL, PPE, PSB: Thông tin giao dịch lượng lớn cổ phiếu",2,neutral,1,0.0,train,SHB CII ABR HFB KKC SVN SGC PVL PPE PSB Thông_tin giao_dịch lượng lớn cổ_phiếu,88,78,18,15,False,False,False
raw_data.xlsx::645,raw_data.xlsx,Nam Tân Uyên (NTC): Quý 1 lãi 113 tỷ đồng tăng 32% so với cùng kỳ,3,positive,2,1.0,val,Nam_Tân_Uyên_NTC Quý 1 lãi 113 tỷ đồng tăng 32 so với cùng kỳ,65,61,16,13,False,False,False
raw_data.xlsx::646,raw_data.xlsx,Lịch sự kiện và tin vắn chứng khoán ngày 15/4,2,neutral,1,0.0,train,Lịch_sự kiện và tin_vắn chứng_khoán ngày 15 4,45,45,10,8,False,False,False
raw_data.xlsx::647,raw_data.xlsx,"Tài sản người giàu Việt Nam tăng mạnh, thêm 2 nhân vật tiệm cận danh sách tỷ phú đô la",3,positive,2,1.0,test,Tài_sản người giàu Việt_Nam tăng mạnh thêm 2 nhân_vật tiệm_cận danh_sách tỷ_phú đô_la,86,85,20,13,False,False,False
raw_data.xlsx::648,raw_data.xlsx,Ai sẽ là Chủ tịch ThaiHoldings?,2,neutral,1,0.0,train,Ai sẽ là Chủ_tịch ThaiHoldings,31,30,6,5,False,False,False
raw_data.xlsx::649,raw_data.xlsx,Đầu tư cổ phiếu bất động sản nào trong thời kỳ giá đất tăng “phi mã”?,2,neutral,1,0.0,train,Đầu_tư cổ_phiếu bất_động_sản nào trong thời_kỳ giá đất tăng phi_mã,69,66,16,10,False,False,False
raw_data.xlsx::650,raw_data.xlsx,"Bamboo Airways cũng muốn IPO tại Mỹ, kỳ vọng định giá 4 tỷ USD",2,neutral,1,0.0,test,Bamboo_Airways cũng muốn IPO tại Mỹ kỳ_vọng định_giá 4 tỷ USD,62,61,14,11,False,False,False
raw_data.xlsx::651,raw_data.xlsx,"Giá thép tăng mạnh, Thủ Đức VnSteel (TDS) báo lãi quý 1 tăng 45% so với cùng kỳ, hoàn thành 80% kế hoạch",3,positive,2,1.0,train,Giá thép tăng mạnh Thủ_Đức VnSteel_TDS báo lãi quý 1 tăng 45 so với cùng kỳ hoàn_thành 80 kế_hoạch,104,98,23,19,False,False,False
raw_data.xlsx::652,raw_data.xlsx,"iShare ETF thay đổi chỉ số tham chiếu, thị trường Việt Nam có thể chỉ còn chiếm 16% danh mục thay vì 28,5% như kỳ vọng cũ",1,negative,0,-1.0,train,iShare ETF thay_đổi chỉ_số tham_chiếu thị_trường Việt_Nam có_thể chỉ còn chiếm 16 danh_mục thay_vì 28 5 như kỳ_vọng cũ,121,118,27,19,False,False,False
raw_data.xlsx::653,raw_data.xlsx,"VPS giữ vị trí số 1 thị phần môi giới HNX, UPCom và phái sinh trong quý 1/2021",3,positive,2,1.0,train,VPS giữ vị_trí số 1 thị_phần môi_giới HNX UPCom và phái_sinh trong quý 1 2021,78,77,18,15,False,False,False
raw_data.xlsx::654,raw_data.xlsx,"Nắm trong tay 10.000 nhân sự, một thành viên của Viettel đang hướng tới nhiều lĩnh vực kinh doanh tiềm năng ngoài viễn thông",3,positive,2,1.0,train,Nắm trong tay 10 000 nhân_sự một thành_viên của Viettel đang hướng tới nhiều lĩnh_vực kinh_doanh tiềm_năng ngoài viễn_thông,124,123,24,19,False,False,False
raw_data.xlsx::655,raw_data.xlsx,"VnIndex được dự báo lên 1.300-1.400 điểm, tôi có nên vay bố mẹ 500 triệu đồng để đầu tư chứng khoán?",2,neutral,1,0.0,train,VnIndex được dự_báo lên 1 300 1 400 điểm tôi có nên vay bố_mẹ 500 triệu đồng để đầu_tư chứng_khoán,100,98,21,20,False,False,False
raw_data.xlsx::656,raw_data.xlsx,Safoco (SAF) chốt quyền trả cổ tức năm 2020 bằng tiền tỷ lệ 30%,3,positive,2,1.0,train,Safoco_SAF chốt quyền trả cổ_tức năm 2020 bằng tiền tỷ_lệ 30,63,60,14,11,False,False,False
raw_data.xlsx::657,raw_data.xlsx,"Doanh thu sụt giảm hơn 1.000 tỷ đồng, Nhiệt điện Phả Lại (PPC) vẫn có lãi quý 1 tăng trưởng so với cùng kỳ 2020",3,positive,2,1.0,train,Doanh_thu sụt_giảm hơn 1 000 tỷ đồng Nhiệt_điện Phả_Lại_PPC vẫn có lãi quý 1 tăng_trưởng so với cùng kỳ 2020,111,108,25,20,False,False,False
raw_data.xlsx::658,raw_data.xlsx,"Phiên 14/4: Khối ngoại bán ròng hơn 1.000 tỷ đồng, tập trung bán VHM, VNM, CRE",1,negative,0,-1.0,train,Phiên 14 4 Khối ngoại bán ròng hơn 1 000 tỷ đồng tập_trung bán VHM VNM CRE,78,74,16,17,False,False,False
raw_data.xlsx::659,raw_data.xlsx,"Thị trường chứng khoán trong “cơn say” tiền, nhà đầu tư F0 có “tỉnh”?",2,neutral,1,0.0,train,Thị_trường_chứng_khoán trong cơn say tiền nhà_đầu_tư F0 có tỉnh,69,63,14,9,False,False,False
raw_data.xlsx::660,raw_data.xlsx,Dự thảo sắp xếp lại TTCK: Chuyển toàn bộ giao dịch cổ phiếu về HoSE từ năm 2025,2,neutral,1,0.0,train,Dự_thảo sắp_xếp lại TTCK Chuyển toàn_bộ giao_dịch cổ_phiếu về HoSE từ năm 2025,79,78,18,13,False,False,False
raw_data.xlsx::661,raw_data.xlsx,"Đảo chiều bất ngờ phiên chiều, VnIndex tăng gần 8 điểm",3,positive,2,1.0,train,Đảo chiều bất_ngờ phiên chiều VnIndex tăng gần 8 điểm,54,53,11,10,False,False,False
raw_data.xlsx::662,raw_data.xlsx,"Điện Gia Lai (GEG): Sắp phát hành hơn 32 triệu cổ phần, năm 2021 sẽ tiếp tục M&A các dự án điện gió",3,positive,2,1.0,test,Điện Gia_Lai GEG Sắp phát_hành hơn 32 triệu cổ_phần năm 2021 sẽ tiếp_tục M A các dự_án điện gió,99,95,23,19,False,False,False
raw_data.xlsx::663,raw_data.xlsx,"Halico chỉ lỗ hơn 1 tỷ đồng trong quý 1/2021, doanh thu bán rượu tăng đột biến 34%",2,neutral,1,0.0,train,Halico chỉ lỗ hơn 1 tỷ đồng trong quý 1 2021 doanh_thu bán rượu tăng đột_biến 34,82,80,18,17,False,False,False
raw_data.xlsx::664,raw_data.xlsx,Ông Trịnh Văn Quyết đăng ký mua 20 triệu cổ phiếu của FLC Faros,3,positive,2,1.0,train,Ông Trịnh_Văn_Quyết đăng_ký mua 20 triệu cổ_phiếu của FLC Faros,63,63,14,10,False,False,False
raw_data.xlsx::665,raw_data.xlsx,"Vingroup thông tin chính thức về khả năng niêm yết VinFast tại Mỹ, nhắc đến SPAC là một trong các khả năng",3,positive,2,1.0,train,Vingroup thông_tin chính_thức về khả_năng niêm_yết VinFast tại Mỹ nhắc đến SPAC là một trong các khả_năng,106,105,22,17,False,False,False
raw_data.xlsx::666,raw_data.xlsx,"Tín dụng chảy vào chứng khoán có tháng tăng nóng, hiện dư nợ hơn 45.300 tỷ đồng",1,negative,0,-1.0,train,Tín_dụng chảy vào chứng_khoán có tháng tăng nóng hiện dư_nợ hơn 45 300 tỷ đồng,79,78,17,15,False,False,False
raw_data.xlsx::667,raw_data.xlsx,"Bia Sài Gòn - Quảng Ngãi (BSQ): Quý 1 lãi 41 tỷ đồng, cao gấp gần 6 lần cùng kỳ",3,positive,2,1.0,train,Bia_Sài_Gòn_Quảng Ngãi_BSQ_Quý 1 lãi 41 tỷ đồng cao gấp gần 6 lần cùng kỳ,79,73,20,14,False,False,False
raw_data.xlsx::668,raw_data.xlsx,"VnDirect (VND) triển khai phương án phát hành 214 triệu cổ phiếu, tăng vốn điều lệ lên gấp đôi",3,positive,2,1.0,test,VnDirect_VND triển_khai phương_án phát_hành 214 triệu cổ_phiếu tăng vốn_điều_lệ lên gấp đôi,94,91,19,12,False,False,False
raw_data.xlsx::669,raw_data.xlsx,"VIB, APH, YEG, HDC, IDV, PVC, TNT, PVL, VTO, HAS, DHC, LSS, VSE, TR1, TNS: Thông tin giao dịch lượng lớn cổ phiếu",2,neutral,1,0.0,train,VIB APH YEG HDC IDV PVC TNT PVL VTO HAS DHC LSS VSE TR1 TNS Thông_tin giao_dịch lượng lớn cổ_phiếu,113,98,23,20,False,False,False
raw_data.xlsx::670,raw_data.xlsx,SBT phát hành 1.200 tỷ trái phiếu với Techcom Securities,1,negative,0,-1.0,train,SBT phát_hành 1 200 tỷ trái_phiếu với Techcom_Securities,56,56,10,8,False,False,False
raw_data.xlsx::671,raw_data.xlsx,Lịch sự kiện và tin vắn chứng khoán ngày 14/4,2,neutral,1,0.0,train,Lịch_sự kiện và tin_vắn chứng_khoán ngày 14 4,45,45,10,8,False,False,False
raw_data.xlsx::672,raw_data.xlsx,"Hiện tượng của ngành tôm: Công ty kín tiếng xuất khẩu gần 300 triệu USD, EPS 108.000 đồng, lợi nhuận năm 2020 cao hơn cả vua tôm Minh Phú",3,positive,2,1.0,train,Hiện_tượng của ngành tôm Công_ty kín_tiếng xuất_khẩu gần 300 triệu USD EPS 108 000 đồng lợi_nhuận năm 2020 cao hơn cả vua tôm Minh_Phú,137,134,29,24,False,False,False
raw_data.xlsx::673,raw_data.xlsx,"Khát khao viết tiếp câu chuyện của Thế giới Di động, theo đuổi thần tượng Capitaland, nhưng cổ phiếu Cen Land đang bị cả Dragon Capital và VinaCapital bán mạnh kể từ năm 2019",1,negative,0,-1.0,train,Khát_khao viết tiếp câu_chuyện của Thế_giới Di_động theo_đuổi thần_tượng Capitaland nhưng cổ_phiếu Cen_Land đang bị cả Dragon_Capital và VinaCapital bán mạnh kể từ năm 2019,174,172,34,25,False,False,False
raw_data.xlsx::674,raw_data.xlsx,"AFC Vietnam Fund: ""TTCK Việt Nam có tiềm năng tăng trưởng lớn, cổ phiếu ngân hàng xứng đáng được định giá cao hơn""",3,positive,2,1.0,train,AFC Vietnam_Fund_TTCK Việt Nam có tiềm_năng tăng_trưởng lớn cổ_phiếu ngân_hàng xứng_đáng được định_giá cao hơn,114,110,23,15,False,False,False
raw_data.xlsx::675,raw_data.xlsx,Vĩnh Hoàn (VHC) muốn tăng sở hữu tại phồng tôm Sa Giang lên 77% vốn,3,positive,2,1.0,train,Vĩnh_Hoàn_VHC muốn tăng sở_hữu tại phồng_tôm Sa_Giang lên 77 vốn,67,64,15,10,False,False,False
raw_data.xlsx::676,raw_data.xlsx,"Lỗ lũy kế vượt vốn điều lệ, cổ phiếu CLG của CotecLand sắp bị hủy niêm yết",1,negative,0,-1.0,train,Lỗ luỹ kế vượt vốn_điều_lệ cổ_phiếu CLG của CotecLand sắp bị huỷ niêm_yết,74,73,17,13,False,False,False
raw_data.xlsx::677,raw_data.xlsx,Nhiệt điện Hải Phòng (HND): Quý 1 bất ngờ báo lỗ 11 tỷ đồng,1,negative,0,-1.0,train,Nhiệt_điện Hải_Phòng HND Quý 1 bất_ngờ báo lỗ 11 tỷ đồng,59,56,14,11,False,False,False
raw_data.xlsx::678,raw_data.xlsx,ĐHĐCĐ Chứng khoán FPT (FPTS): Đặt mục tiêu lãi 260 tỷ đồng năm 2021 trên cơ sở VN-Index dao động quanh 1.250-1.300 điểm,3,positive,2,1.0,train,ĐHĐCĐ Chứng_khoán FPT FPTS Đặt mục_tiêu lãi 260 tỷ đồng năm 2021 trên cơ_sở VN Index dao_động quanh 1 250 1 300 điểm,119,116,23,23,False,False,False
raw_data.xlsx::679,raw_data.xlsx,"Thị trường “đỏ lửa”, khối ngoại trở lại mua ròng trong phiên 13/4",3,positive,2,1.0,train,Thị_trường đỏ_lửa khối ngoại trở_lại mua ròng trong phiên 13 4,65,62,13,11,False,False,False
raw_data.xlsx::680,raw_data.xlsx,An Phát Holdings (APH) đăng ký mua thêm 38 triệu cổ phiếu AAA của Nhựa An Phát Xanh,3,positive,2,1.0,train,An_Phát_Holdings_APH đăng_ký mua thêm 38 triệu cổ_phiếu AAA của Nhựa_An_Phát_Xanh,83,81,18,10,False,False,False
raw_data.xlsx::681,raw_data.xlsx,Cổ phiếu DLG tăng trần 6 phiên liên tiếp,3,positive,2,1.0,train,Cổ_phiếu DLG tăng trần 6 phiên liên_tiếp,40,40,9,7,False,False,False
raw_data.xlsx::682,raw_data.xlsx,Phiên IPO Visalco: Số lượng đặt mua gấp 3 lần số cổ phần mang ra chào bán,3,positive,2,1.0,train,Phiên_IPO_Visalco Số_lượng đặt mua gấp 3 lần số cổ_phần mang ra chào_bán,73,72,17,12,False,False,False
raw_data.xlsx::683,raw_data.xlsx,"Gỗ Trường Thành (TTF): Lợi nhuận giảm sau kiểm toán, bị nghi ngờ khả năng hoạt động liên tục",1,negative,0,-1.0,test,Gỗ_Trường_Thành_TTF Lợi_nhuận giảm sau kiểm_toán bị nghi_ngờ khả_năng hoạt_động liên_tục,92,88,19,10,False,False,False
raw_data.xlsx::684,raw_data.xlsx,Chuyên gia VinaCapital: Người Việt đổ tiền vào chứng khoán và bất động sản một phần do còn bị hạn chế về kênh đầu tư,2,neutral,1,0.0,train,Chuyên_gia VinaCapital_Người_Việt đổ tiền vào chứng_khoán và bất_động_sản một phần do còn bị hạn_chế về kênh đầu_tư,116,115,25,17,False,False,False
raw_data.xlsx::685,raw_data.xlsx,"Thanh khoản thị trường lên hơn 29.000 tỷ đồng, VN-Index giảm điểm bất chấp lực kéo từ nhóm VinGroup",1,negative,0,-1.0,val,Thanh khoản thị_trường lên hơn 29 000 tỷ đồng VN Index giảm điểm bất_chấp_lực kéo từ nhóm VinGroup,99,98,19,18,False,False,False
raw_data.xlsx::686,raw_data.xlsx,"FIT, CRE, CII, HBC, APH, CKG, HDC, HAG, AAA, PVC, DHC, BBS, BCP, MIC, TNS, MCF, TJC, NSH, NHP: Thông tin giao dịch lượng lớn cổ phiếu",2,neutral,1,0.0,train,FIT CRE CII HBC APH CKG HDC HAG AAA PVC DHC BBS BCP MIC TNS MCF TJC NSH NHP Thông_tin giao_dịch lượng lớn cổ_phiếu,133,114,27,24,False,False,False
raw_data.xlsx::687,raw_data.xlsx,Doanh thu của Siam Brothers Việt Nam tăng mạnh trong quý 1,3,positive,2,1.0,train,Doanh_thu của Siam_Brothers Việt_Nam tăng mạnh trong quý 1,58,58,12,9,False,False,False
raw_data.xlsx::688,raw_data.xlsx,Lịch sự kiện và tin vắn chứng khoán ngày 13/4,2,neutral,1,0.0,train,Lịch_sự kiện và tin_vắn chứng_khoán ngày 13 4,45,45,10,8,False,False,False
raw_data.xlsx::689,raw_data.xlsx,"Quý 1 công ty mẹ cao su Phước Hoà (PHR) lãi 21 tỷ đồng, giảm 85% so với cùng kỳ 2020",1,negative,0,-1.0,train,Quý 1 công_ty mẹ cao_su Phước_Hoà_PHR lãi 21 tỷ đồng giảm 85 so với cùng kỳ 2020,84,80,21,17,False,False,False
raw_data.xlsx::690,raw_data.xlsx,"Tiếp đà hưng phấn, VN-Index hướng tới mốc 1.300 điểm?",3,positive,2,1.0,train,Tiếp đà hưng_phấn VN Index hướng tới mốc 1 300 điểm,53,51,10,11,False,False,False
raw_data.xlsx::691,raw_data.xlsx,"Thua lỗ gần 1.000 tỷ đồng, bị nghi ngờ khả năng hoạt động, cổ phiếu DLG vẫn tăng trần 7 phiên liên tiếp",3,positive,2,1.0,test,Thua_lỗ gần 1 000 tỷ đồng bị nghi_ngờ khả_năng hoạt_động cổ_phiếu DLG vẫn tăng trần 7 phiên liên_tiếp,103,101,23,18,False,False,False
raw_data.xlsx::692,raw_data.xlsx,"Thép Tiến Lên (TLH): Lãi lớn ngay quý 1, trình kế hoạch lãi 250 tỷ đồng năm 2021",3,positive,2,1.0,train,Thép_Tiến_Lên_TLH Lãi lớn ngay quý 1 trình kế_hoạch lãi 250 tỷ đồng năm 2021,80,76,18,14,False,False,False
raw_data.xlsx::693,raw_data.xlsx,"JP Morgan lạc quan vào TTCK Việt Nam, nâng mục tiêu VN-Index lên 1.400 điểm vào cuối năm 2021",3,positive,2,1.0,train,JP Morgan lạc_quan vào TTCK Việt_Nam nâng mục_tiêu VN Index lên 1 400 điểm vào cuối năm 2021,93,92,19,18,False,False,False
raw_data.xlsx::694,raw_data.xlsx,"Bloomberg: VinFast dự kiến IPO tại Mỹ, kỳ vọng định giá đạt tối thiểu 50 tỷ USD sau niêm yết",2,neutral,1,0.0,train,Bloomberg_VinFast dự_kiến IPO tại Mỹ kỳ_vọng định_giá đạt tối_thiểu 50 tỷ USD sau niêm_yết,92,90,20,14,False,False,False
raw_data.xlsx::695,raw_data.xlsx,10 ngân hàng họp cổ đông trong 2 ngày,2,neutral,1,0.0,train,10 ngân_hàng họp cổ_đông trong 2 ngày,37,37,9,7,False,False,False
raw_data.xlsx::696,raw_data.xlsx,"Vượt đỉnh cũ đưa giá trị Vingroup lên hơn 19 tỷ USD, tài sản tỷ phú Vượng trên Forbes sắp đạt 10 tỷ USD",3,positive,2,1.0,val,Vượt đỉnh cũ đưa giá_trị Vingroup lên hơn 19 tỷ USD tài_sản tỷ_phú Vượng trên Forbes sắp đạt 10 tỷ USD,103,102,24,21,False,False,False
raw_data.xlsx::697,raw_data.xlsx,"Lý giải phiên 20.000 tỷ: HOSE đã cải tiến giải pháp kỹ thuật hỗ trợ hệ thống tăng năng lực xử lý lệnh, việc phối hợp với FPT được triển khai song song",3,positive,2,1.0,train,Lý_giải phiên 20 000 tỷ HOSE đã cải_tiến giải_pháp kỹ_thuật hỗ_trợ hệ_thống tăng năng_lực xử_lý lệnh việc phối_hợp với FPT được triển_khai song_song,150,148,33,23,False,False,False
raw_data.xlsx::698,raw_data.xlsx,"Đạm Phú Mỹ (DPM) đặt kế hoạch lãi sau thuế năm 2021 giảm gần nửa, về mức 365 tỷ đồng",1,negative,0,-1.0,train,Đạm_Phú_Mỹ_DPM đặt kế_hoạch lãi sau thuế năm 2021 giảm gần nửa về mức 365 tỷ đồng,84,81,20,16,False,False,False
raw_data.xlsx::699,raw_data.xlsx,"Hà Đô (HDG) tái cấu trúc mảng năng lượng, đặt kế hoạch đi ngang trong năm 2021",2,neutral,1,0.0,test,Hà Đô_HDG tái cấu_trúc mảng năng_lượng đặt kế_hoạch đi ngang trong năm 2021,78,75,17,13,False,False,False
raw_data.xlsx::700,raw_data.xlsx,HAGL vẫn tăng kịch trần dù lỗ lũy kế sau kiểm toán tăng thêm hơn 1.200 tỷ đồng,1,negative,0,-1.0,train,HAGL vẫn tăng kịch trần dù lỗ luỹ kế sau kiểm_toán tăng thêm hơn 1 200 tỷ đồng,78,78,18,18,False,False,False
raw_data.xlsx::701,raw_data.xlsx,"Giá trị khớp lệnh Hose lập kỷ lục 20.000 tỷ, VN-Index tăng mạnh nhất Châu Á phiên 12/4",3,positive,2,1.0,train,Giá_trị khớp lệnh Hose lập kỷ_lục 20 000 tỷ VN Index tăng mạnh nhất Châu_Á phiên 12 4,86,85,18,18,False,False,False
raw_data.xlsx::702,raw_data.xlsx,Sonadezi (SNZ) đặt kế hoạch lãi sau thuế trên nghìn tỷ năm 2021,3,positive,2,1.0,val,Sonadezi_SNZ đặt kế_hoạch lãi sau thuế trên nghìn tỷ năm 2021,63,61,13,11,False,False,False
raw_data.xlsx::703,raw_data.xlsx,"Phiên 12/4: Khối ngoại tiếp tục bán ròng, tập trung bán cổ phiếu ngân hàng",1,negative,0,-1.0,train,Phiên 12 4 Khối ngoại_tiếp tục bán ròng tập_trung bán cổ_phiếu ngân_hàng,74,72,15,12,False,False,False
raw_data.xlsx::704,raw_data.xlsx,"VnIndex tăng mạnh 21 điểm, thanh khoản sàn HoSE vọt lên 21,5 nghìn tỷ",3,positive,2,1.0,train,VnIndex tăng mạnh 21 điểm thanh khoản sàn HoSE vọt lên 21 5 nghìn tỷ,69,68,14,15,False,False,False
raw_data.xlsx::705,raw_data.xlsx,Đầu tư Cao su Đắk Lắk (DRI): Quý 1 báo lãi 16 tỷ đồng trong khi cùng kỳ thua lỗ,3,positive,2,1.0,train,Đầu_tư Cao_su Đắk_Lắk DRI Quý 1 báo lãi 16 tỷ đồng trong khi cùng kỳ thua_lỗ,79,76,20,16,False,False,False
raw_data.xlsx::706,raw_data.xlsx,Nhựa Pha Lê (PLP) lên tiếng giải trình ý kiến ngoại trừ của kiểm toán về khoản đầu tư vào Công ty xây dựng Hạ Long,2,neutral,1,0.0,train,Nhựa_Pha_Lê_PLP lên_tiếng giải_trình ý_kiến ngoại_trừ của kiểm_toán về khoản đầu_tư vào Công_ty xây_dựng Hạ_Long,114,112,26,14,False,False,False
raw_data.xlsx::707,raw_data.xlsx,"Chứng khoán “đua” tăng vốn, cơ hội nên “chụp"" lấy",3,positive,2,1.0,train,Chứng_khoán đua tăng vốn cơ_hội nên chụp lấy,49,44,10,8,False,False,False
raw_data.xlsx::708,raw_data.xlsx,"ĐHCĐ Tập đoàn FLC: Đặt mục tiêu lãi gấp 3 lần 2020, đưa Bamboo Airways lên sàn với giá 60 nghìn đồng/cổ vào quý 2/2021",3,positive,2,1.0,train,ĐHCĐ Tập_đoàn FLC Đặt mục_tiêu lãi gấp 3 lần 2020 đưa Bamboo_Airways lên sàn với giá 60 nghìn đồng cổ vào quý 2 2021,118,116,25,24,False,False,False
raw_data.xlsx::709,raw_data.xlsx,Chứng khoán Bản Việt (VCSC) chuẩn bị chốt quyền trả cổ tức 20% bằng tiền,3,positive,2,1.0,train,Chứng_khoán Bản Việt_VCSC chuẩn_bị chốt quyền trả cổ_tức 20 bằng tiền,72,69,15,11,False,False,False
raw_data.xlsx::710,raw_data.xlsx,"SCG lên sàn chứng khoán, tăng gần 40% trong ngày chào sàn",3,positive,2,1.0,train,SCG lên sàn chứng_khoán tăng gần 40 trong ngày chào sàn,57,55,12,11,False,False,False
raw_data.xlsx::711,raw_data.xlsx,OCH tiếp tục có các động thái bán tài sản lớn,1,negative,0,-1.0,train,OCH tiếp_tục có các động_thái bán tài_sản lớn,45,45,11,8,False,False,False
raw_data.xlsx::712,raw_data.xlsx,"Báo Nhật: 3 lý do khiến người Việt Nam đổ xô vào chứng khoán và vì sao nhà đầu tư F0 không còn là ""gà""?",2,neutral,1,0.0,train,Báo Nhật 3 lý_do khiến người Việt_Nam đổ_xô vào chứng_khoán và vì sao nhà_đầu_tư F0 không còn là gà,103,99,25,19,False,False,False
raw_data.xlsx::713,raw_data.xlsx,Tiêu điểm xử phạt tuần qua: Rất nhiều cá nhân bị UBCKNN phạt,1,negative,0,-1.0,train,Tiêu_điểm xử_phạt tuần qua Rất nhiều cá_nhân bị UBCKNN phạt,60,59,13,10,False,True,True
raw_data.xlsx::714,raw_data.xlsx,"Phó TGĐ VCSC: ""Chứng khoán Bản Việt tự tin với kế hoạch năm 2021""",2,neutral,1,0.0,train,Phó TGĐ VCSC Chứng_khoán Bản Việt tự_tin với kế_hoạch năm 2021,65,62,14,11,False,False,False
raw_data.xlsx::715,raw_data.xlsx,"Tỷ suất lợi nhuận cao chót vót, 1 công ty tôm giống có EPS 30.000 đồng, định giá cao hơn cả ""vua tôm"" Minh Phú dù doanh thu chỉ bằng 1/10",3,positive,2,1.0,train,Tỷ_suất lợi_nhuận cao chót_vót 1 công_ty tôm giống có EPS 30 000 đồng định_giá cao hơn cả vua tôm Minh_Phú dù doanh_thu chỉ bằng 1 10,137,133,31,26,False,False,False
raw_data.xlsx::716,raw_data.xlsx,"Điểm danh những doanh nghiệp chốt quyền nhận cổ tức bằng tiền, bằng cổ phiếu và cổ phiếu thưởng tuần từ 12-16/4",3,positive,2,1.0,train,Điểm_danh những doanh_nghiệp chốt quyền nhận cổ_tức bằng tiền bằng cổ_phiếu và cổ_phiếu thưởng tuần từ 12 16 4,111,110,22,19,False,False,False
raw_data.xlsx::717,raw_data.xlsx,CEO Chứng khoán Pinetree: “Lợi thế công nghệ và tiềm lực tài chính giúp lượng tài khoản mở mới tăng gấp 8 lần”,3,positive,2,1.0,train,CEO Chứng_khoán Pinetree_Lợi thế công_nghệ và tiềm_lực tài_chính giúp lượng tài_khoản mở mới tăng gấp 8 lần,110,107,23,17,False,False,False
raw_data.xlsx::718,raw_data.xlsx,"Xu thế dòng tiền: ""Chỉnh"" thuần túy kỹ thuật, cơ hội tăng vẫn còn",3,positive,2,1.0,train,Xu_thế dòng tiền Chỉnh thuần_tuý kỹ_thuật cơ_hội tăng vẫn còn,65,61,14,10,False,False,False
raw_data.xlsx::719,raw_data.xlsx,Nhà Khang Điền (KDH): Năm 2021 đặt mục tiêu lãi 1.200 tỷ đồng,3,positive,2,1.0,test,Nhà Khang_Điền_KDH_Năm 2021 đặt mục_tiêu lãi 1 200 tỷ đồng,61,58,13,10,False,False,False
raw_data.xlsx::720,raw_data.xlsx,"MBS: “Các thông tin vĩ mô trong và ngoài nước đang ủng hộ nhịp tăng của thị trường, VN-Index hướng tới vùng 1.300 điểm”",3,positive,2,1.0,train,MBS Các thông_tin vĩ_mô trong và ngoài nước đang ủng_hộ nhịp tăng của thị_trường VN Index hướng tới vùng 1 300 điểm,119,115,24,22,False,False,False
raw_data.xlsx::721,raw_data.xlsx,Lịch sự kiện và tin vắn chứng khoán ngày 12/4,2,neutral,1,0.0,train,Lịch_sự kiện và tin_vắn chứng_khoán ngày 12 4,45,45,10,8,False,False,False
raw_data.xlsx::722,raw_data.xlsx,"STC: Quý 1 lãi 2,3 tỷ đồng cao gấp gần 5 lần cùng kỳ 2020",3,positive,2,1.0,val,STC Quý 1 lãi 2 3 tỷ đồng cao gấp gần 5 lần cùng kỳ 2020,57,56,15,16,False,False,False
raw_data.xlsx::723,raw_data.xlsx,Viglacera Hạ Long (VHL): Quý 1 lãi vỏn vẹn 280 triệu đồng – thấp nhất kể từ năm 2012,1,negative,0,-1.0,train,Viglacera_Hạ_Long_VHL Quý 1 lãi vỏn_vẹn 280 triệu đồng thấp nhất kể từ năm 2012,84,79,19,14,False,False,False
raw_data.xlsx::724,raw_data.xlsx,"Bầu Thụy âm thầm lọt Top 10 tỷ phú giàu nhất sàn, tiến sát vị trí của bà Phạm Thu Hương",2,neutral,1,0.0,train,Bầu Thuỵ âm_thầm lọt Top 10 tỷ_phú giàu nhất sàn tiến sát vị_trí của bà Phạm_Thu_Hương,87,86,21,16,False,False,False
raw_data.xlsx::725,raw_data.xlsx,Bia Sài Gòn Miền Trung (SMB): Quý 1 lãi 28 tỷ đồng tăng 50% so với cùng kỳ,3,positive,2,1.0,train,Bia_Sài_Gòn_Miền Trung_SMB_Quý 1 lãi 28 tỷ đồng tăng 50 so với cùng kỳ,74,70,18,13,False,False,False
raw_data.xlsx::726,raw_data.xlsx,"Chọn cạnh tranh thay vì bán lại cho Masan, tương ớt Cholimex tiếp tục sống khỏe khi trả cổ tức 50%, EPS đạt 21.000 đồng",3,positive,2,1.0,train,Chọn cạnh_tranh thay_vì bán lại cho Masan tương_ớt Cholimex tiếp_tục sống khoẻ khi trả cổ_tức 50 EPS đạt 21 000 đồng,119,116,25,21,False,False,False
raw_data.xlsx::727,raw_data.xlsx,"Vĩnh Hoàn (VHC) đặt kế hoạch đi lùi, lợi nhuận dự kiến vào mức 700 tỷ đồng",1,negative,0,-1.0,train,Vĩnh_Hoàn_VHC đặt kế_hoạch đi lùi lợi_nhuận dự_kiến vào mức 700 tỷ đồng,74,71,17,12,False,False,False
raw_data.xlsx::728,raw_data.xlsx,"VCBS: “Triển vọng vĩ mô lạc quan, VN-Index có thể lên mốc 1.435 điểm trong năm nay”",3,positive,2,1.0,val,VCBS Triển_vọng vĩ_mô lạc_quan VN Index có_thể lên mốc 1 435 điểm trong năm nay,83,79,17,15,False,False,False
raw_data.xlsx::729,raw_data.xlsx,Cổ phiếu DTL ra khỏi diện bị kiểm soát,3,positive,2,1.0,train,Cổ_phiếu DTL ra khỏi diện bị kiểm_soát,38,38,9,7,False,False,False
raw_data.xlsx::730,raw_data.xlsx,"ĐHĐCĐ Chứng khoán BIDV (BSC): Kế hoạch LNTT 180 tỷ đồng, tiếp tục tìm kiếm đối tác chiến lược",2,neutral,1,0.0,train,ĐHĐCĐ Chứng_khoán BIDV BSC Kế_hoạch LNTT 180 tỷ đồng tiếp_tục tìm_kiếm đối_tác chiến_lược,93,89,19,13,False,False,False
raw_data.xlsx::731,raw_data.xlsx,"TGĐ MBS: Thị phần môi giới thời gian qua tương đối “ảo”, ước lợi nhuận quý 1 đạt 125 tỷ đồng",2,neutral,1,0.0,train,TGĐ MBS Thị_phần môi_giới thời_gian qua tương_đối ảo ước lợi_nhuận quý 1 đạt 125 tỷ đồng,92,88,21,16,False,False,False
raw_data.xlsx::732,raw_data.xlsx,"PV Power ước lãi 720 tỷ đồng trong quý 1, gấp đôi kế hoạch nhờ thoái vốn PV Machino",3,positive,2,1.0,train,PV Power ước lãi 720 tỷ đồng trong quý 1 gấp đôi kế_hoạch nhờ thoái vốn PV Machino,83,82,19,18,False,False,False
raw_data.xlsx::733,raw_data.xlsx,"Ông Đặng Thành Tâm: ""Ai mà bỏ KBC sau này ân hận""",3,positive,2,1.0,train,Ông Đặng_Thành_Tâm_Ai mà bỏ KBC sau_này ân_hận,49,46,12,7,False,False,False
raw_data.xlsx::734,raw_data.xlsx,"Liên tục ""lướt sóng"", nhóm Dragon Capital lại mua thêm 1,2 triệu cổ phiếu HPG trong những ngày đầu tháng 4",3,positive,2,1.0,test,Liên_tục lướt_sóng nhóm Dragon_Capital lại mua thêm 1 2 triệu cổ_phiếu HPG trong những ngày đầu tháng 4,106,103,21,18,False,False,False
raw_data.xlsx::735,raw_data.xlsx,"Một cá nhân bán 16,3 triệu cổ phiếu và không còn là cổ đông lớn của JVC",1,negative,0,-1.0,train,Một cá_nhân bán 16 3 triệu cổ_phiếu và không còn là cổ_đông lớn của JVC,71,71,17,15,False,False,False
raw_data.xlsx::736,raw_data.xlsx,"CEO Chứng khoán Bản Việt: Chúng tôi có thể ra khỏi top 5 thị phần môi giới, nhưng tỷ suất lợi nhuận mảng này vẫn cao nhất",3,positive,2,1.0,test,CEO Chứng_khoán Bản Việt_Chúng tôi có_thể ra khỏi top 5 thị_phần môi_giới nhưng tỷ_suất lợi_nhuận mảng này vẫn cao nhất,121,119,27,20,False,False,False
raw_data.xlsx::737,raw_data.xlsx,"Yuanta: “Nhóm ngân hàng dẫn dắt, VN-Index hướng đến vùng 1.300 điểm trong tháng 4”",3,positive,2,1.0,train,Yuanta_Nhóm ngân_hàng dẫn_dắt VN Index hướng đến vùng 1 300 điểm trong tháng 4,82,78,15,14,False,False,False
raw_data.xlsx::738,raw_data.xlsx,"ĐHCĐ Cen Land (CRE) bất ngờ tăng kế hoạch kinh doanh năm 2021, mục tiêu trở thành nhà phân phối BĐS lớn của Vinhomes với doanh thu 1 tỷ USD",3,positive,2,1.0,test,ĐHCĐ Cen_Land_CRE bất_ngờ tăng kế_hoạch kinh_doanh năm 2021 mục_tiêu trở_thành nhà_phân_phối BĐS lớn của Vinhomes với doanh_thu 1 tỷ USD,139,136,30,20,False,False,False
raw_data.xlsx::739,raw_data.xlsx,"Giám đốc tư vấn đầu tư DCVFM: Khối ngoại không ảnh hưởng quá lớn tới TTCK Việt Nam như một thập kỷ trước, năm 2021 sẽ có thêm 30.000 tỷ cho vay margin",3,positive,2,1.0,train,Giám_đốc tư_vấn đầu_tư DCVFM Khối ngoại không ảnh_hưởng quá lớn tới TTCK Việt_Nam như một thập_kỷ trước năm 2021 sẽ có thêm 30 000 tỷ cho vay margin,150,148,33,28,False,False,False
raw_data.xlsx::740,raw_data.xlsx,"Kế hoạch doanh thu 6.000 tỷ của Kinh Bắc, nguồn thu đáng kể sẽ đến từ KCN Nam Sơn Hạp Lĩnh",2,neutral,1,0.0,val,Kế_hoạch doanh_thu 6 000 tỷ của Kinh_Bắc nguồn thu đáng_kể sẽ đến từ KCN Nam_Sơn_Hạp_Lĩnh,90,89,21,15,False,False,False
raw_data.xlsx::741,raw_data.xlsx,"Tổng Giám đốc VCSC - ông Tô Hải: Thị phần môi giới hiện nay có yếu tố ảo, hầu hết CTCK hàng Top đều đang phải cân nhắc",2,neutral,1,0.0,train,Tổng_Giám_đốc VCSC ông Tô_Hải_Thị phần môi_giới hiện_nay có yếu_tố ảo hầu_hết CTCK hàng Top đều đang phải cân_nhắc,118,114,28,18,False,False,False
raw_data.xlsx::742,raw_data.xlsx,"ĐHĐCĐ VCSC (VCI): Năm 2021 mảng IB sẽ “bùng nổ” trở lại với tổng quy mô dự kiến 2,6 tỷ USD, quý 1 ước lãi 350 tỷ đồng",3,positive,2,1.0,train,ĐHĐCĐ VCSC VCI Năm 2021 mảng IB sẽ bùng_nổ trở_lại với tổng quy_mô dự_kiến 2 6 tỷ USD quý 1 ước lãi 350 tỷ đồng,117,111,28,25,False,False,False
raw_data.xlsx::743,raw_data.xlsx,Khối ngoại mua ròng đột biến hơn 2.300 tỷ đồng trong phiên 9/4,3,positive,2,1.0,train,Khối ngoại mua ròng đột_biến hơn 2 300 tỷ đồng trong phiên 9 4,62,62,13,14,False,False,False
raw_data.xlsx::744,raw_data.xlsx,"FPT, STB, PNJ tăng mạnh, VnIndex chốt phiên cuối tuần giảm nhẹ",2,neutral,1,0.0,train,FPT STB PNJ tăng mạnh VnIndex chốt phiên cuối tuần giảm nhẹ,62,59,12,12,False,False,False
raw_data.xlsx::745,raw_data.xlsx,Cao su Đà Nẵng đặt kế hoạch lãi quý 2 tăng trưởng hơn 40% so với cùng kỳ 2020,3,positive,2,1.0,train,Cao_su Đà_Nẵng đặt kế_hoạch lãi quý 2 tăng_trưởng hơn 40 so với cùng kỳ 2020,77,76,19,15,False,False,False
raw_data.xlsx::746,raw_data.xlsx,"Bamboo Capital (BCG): Hoàn tất nhà máy điện mặt trời Phù Mỹ 330MW, tổng đầu tư lên đến 6.200 tỷ đồng",3,positive,2,1.0,train,Bamboo_Capital_BCG_Hoàn tất nhà_máy điện mặt_trời Phù_Mỹ 330MW tổng đầu_tư lên đến 6 200 tỷ đồng,100,96,21,15,False,False,False
raw_data.xlsx::747,raw_data.xlsx,Đường Quảng Ngãi (QNS) chốt danh sách cổ đông nhận cổ tức bằng tiền tỷ lệ 15%,3,positive,2,1.0,train,Đường Quảng_Ngãi QNS chốt danh_sách cổ_đông nhận cổ_tức bằng tiền tỷ_lệ 15,77,74,17,12,False,False,False
raw_data.xlsx::748,raw_data.xlsx,"Chứng khoán Rồng Việt (VDS): Số lượng cổ đông tăng đột biến lên hơn 2.600 người, quý 1 thực hiện đến 68% kế hoạch năm với 123 tỷ lãi trước thuế",3,positive,2,1.0,test,Chứng_khoán Rồng_Việt_VDS Số_lượng cổ_đông tăng đột_biến lên hơn 2 600 người quý 1 thực_hiện đến 68 kế_hoạch năm với 123 tỷ lãi trước thuế,143,138,31,24,False,False,False
raw_data.xlsx::749,raw_data.xlsx,"ĐHĐCĐ Chứng khoán Rồng Việt (VDSC): Không sợ mất cơ hội, chỉ sợ mất tiền!",2,neutral,1,0.0,test,ĐHĐCĐ Chứng_khoán Rồng_Việt_VDSC Không sợ mất cơ_hội chỉ sợ mất tiền,73,68,15,11,False,False,False
raw_data.xlsx::750,raw_data.xlsx,PV Coating (PVB): Bất ngờ đặt mục tiêu lỗ 12 tỷ đồng trong năm 2021,1,negative,0,-1.0,train,PV Coating_PVB_Bất ngờ đặt mục_tiêu lỗ 12 tỷ đồng trong năm 2021,67,64,15,12,False,False,False
raw_data.xlsx::751,raw_data.xlsx,"Thép Nam Kim (NKG) đạt sản lượng bán hàng kỷ lục trong quý 1/2021, xuất khẩu tăng mạnh nhờ thị trường châu Âu và Mỹ",3,positive,2,1.0,train,Thép_Nam_Kim_NKG đạt sản_lượng bán hàng kỷ_lục trong quý 1 2021 xuất_khẩu tăng mạnh nhờ thị_trường châu_Âu và Mỹ,115,112,25,18,False,False,False
raw_data.xlsx::752,raw_data.xlsx,"2 năm từ ""sự cố nhỏ"" với Youtube: Yeah1 từ công ty trị giá 400 triệu USD đã mất 90% giá trị, lỗ tổng cộng 567 tỷ đồng",1,negative,0,-1.0,train,2 năm từ sự_cố nhỏ với Youtube Yeah1 từ công_ty trị_giá 400 triệu USD đã mất 90 giá_trị lỗ tổng_cộng 567 tỷ đồng,117,112,28,23,False,False,False
raw_data.xlsx::753,raw_data.xlsx,"HOSE vẫn xử lý và chấp thuận niêm yết mới, nhưng tạm thời giao dịch trên HNX",3,positive,2,1.0,train,HOSE vẫn xử_lý và chấp_thuận niêm_yết mới nhưng tạm_thời giao_dịch trên HNX,76,75,17,12,False,False,False
raw_data.xlsx::754,raw_data.xlsx,"Cotana Group (CSC): Năm 2021 sẽ có doanh thu nghìn tỷ, lãi tăng 183% so với 2020",3,positive,2,1.0,train,Cotana_Group_CSC_Năm 2021 sẽ có doanh_thu nghìn tỷ lãi tăng 183 so với 2020,80,75,17,13,False,False,False
raw_data.xlsx::755,raw_data.xlsx,"DPG tăng 13% từ đầu năm, Đạt Phương quyết định mang 1,5 triệu cổ phiếu quỹ ra bán",3,positive,2,1.0,train,DPG tăng 13 từ đầu năm Đạt_Phương quyết_định mang 1 5 triệu cổ_phiếu quỹ ra bán,81,79,18,16,False,False,False
raw_data.xlsx::756,raw_data.xlsx,Các lãnh đạo Tập đoàn FIT liên tục muốn bán cổ phiếu để lấy tiền đầu tư,1,negative,0,-1.0,train,Các lãnh_đạo Tập_đoàn FIT liên_tục muốn bán cổ_phiếu để lấy tiền đầu_tư,71,71,17,12,False,False,False
raw_data.xlsx::757,raw_data.xlsx,"Pyn Elite Fund nắm giữ gần 1.700 tỷ đồng chứng chỉ Diamond ETF, đặt niềm tin vào MBB",3,positive,2,1.0,val,Pyn_Elite_Fund nắm giữ gần 1 700 tỷ đồng chứng_chỉ Diamond_ETF đặt niềm tin vào MBB,84,83,18,15,False,False,False
raw_data.xlsx::758,raw_data.xlsx,"KPF: Đổi tên công ty, năm 2021 đặt mục tiêu lãi 49 tỷ đồng, cao gấp đôi 2020",3,positive,2,1.0,train,KPF Đổi tên công_ty năm 2021 đặt mục_tiêu lãi 49 tỷ đồng cao gấp đôi 2020,76,73,18,16,False,False,False
raw_data.xlsx::759,raw_data.xlsx,"FIT, HPG, DLG, VN, THB, PVL, MIC, TR1, BVG, GLT, KDM: Thông tin giao dịch lượng lớn cổ phiếu",2,neutral,1,0.0,test,FIT HPG DLG VN THB PVL MIC TR1 BVG GLT KDM Thông_tin giao_dịch lượng lớn cổ_phiếu,92,81,19,16,False,False,False
raw_data.xlsx::760,raw_data.xlsx,Lịch sự kiện và tin vắn chứng khoán ngày 9/4,2,neutral,1,0.0,train,Lịch_sự kiện và tin_vắn chứng_khoán ngày 9 4,44,44,10,8,False,False,False
raw_data.xlsx::761,raw_data.xlsx,"Tundra: ""Các thị trường cận biên vừa trải qua hai tháng củng cố sau sự phục hồi mạnh mẽ từ đầu năm 2020""",3,positive,2,1.0,train,Tundra_Các thị_trường cận biên vừa trải qua hai tháng củng_cố sau sự phục_hồi mạnh_mẽ từ đầu năm 2020,104,101,23,18,False,False,False
raw_data.xlsx::762,raw_data.xlsx,Cổ phiếu PGT và cổ phiếu MPT đứng trước nguy cơ bị hủy bỏ niêm yết,1,negative,0,-1.0,train,Cổ_phiếu PGT và cổ_phiếu MPT đứng trước nguy_cơ bị huỷ_bỏ niêm_yết,66,66,16,11,False,False,False
raw_data.xlsx::763,raw_data.xlsx,Lịch chốt quyền nhận cổ tức bằng tiền của 6 doanh nghiệp,3,positive,2,1.0,test,Lịch chốt quyền nhận cổ_tức bằng tiền của 6 doanh_nghiệp,56,56,12,10,False,True,True
raw_data.xlsx::764,raw_data.xlsx,"ĐHCĐ FPT: LN quý 1 ước tăng 22%, tuyển thêm 7.000 nhân sự trong năm nay để đáp ứng nhu cầu tăng trưởng",3,positive,2,1.0,train,ĐHCĐ FPT LN quý 1 ước tăng 22 tuyển thêm 7 000 nhân_sự trong năm nay để đáp_ứng nhu_cầu tăng_trưởng,102,99,23,20,False,False,False
raw_data.xlsx::765,raw_data.xlsx,"Thị giá chỉ 12.300, một công ty nuôi heo có EPS 2020 tăng gấp 8 lần lên 13.300 đồng, từng có lúc EPS đạt 104.000 đồng",3,positive,2,1.0,train,Thị_giá chỉ 12 300 một công_ty nuôi heo có EPS 2020 tăng gấp 8 lần lên 13 300 đồng từng có lúc EPS đạt 104 000 đồng,117,115,26,27,False,False,False
raw_data.xlsx::766,raw_data.xlsx,Cổ phiếu hàng không lấy lại “sức sống”,3,positive,2,1.0,train,Cổ_phiếu hàng không lấy lại_sức sống,38,36,8,6,False,False,False
raw_data.xlsx::767,raw_data.xlsx,"Ông Trương Gia Bình: ""Chỉ 3 tháng thôi, FPT sẽ giải quyết được vấn đề của HoSE mà người khác làm mấy năm không xong""",3,positive,2,1.0,train,Ông Trương_Gia_Bình_Chỉ 3 tháng thôi FPT sẽ giải_quyết được vấn_đề của HoSE mà người khác làm mấy năm không xong,116,112,25,20,False,False,False
raw_data.xlsx::768,raw_data.xlsx,"Habeco đặt kế hoạch lãi 255 tỷ đồng trong năm 2021, giảm gần 60% so với năm trước",1,negative,0,-1.0,train,Habeco đặt kế_hoạch lãi 255 tỷ đồng trong năm 2021 giảm gần 60 so với năm trước,81,79,18,17,False,False,False
raw_data.xlsx::769,raw_data.xlsx,"Shark Linh: Nếu có thu nhập 10 triệu đồng/tháng thì nên đầu tư 500 ngàn đến 1 triệu vào chứng khoán, nhưng hãy đầu tư trong dài hạn",2,neutral,1,0.0,val,Shark_Linh_Nếu có thu_nhập 10 triệu đồng tháng thì nên đầu_tư 500 ngàn đến 1 triệu vào chứng_khoán nhưng hãy đầu_tư trong dài_hạn,131,129,28,22,False,False,False
raw_data.xlsx::770,raw_data.xlsx,"Chủ tịch FPT ""khoe"" công ty tạo ra 200 triệu phú đô la khi lên sàn, lái xe cũng có tiền cho con đi du học",3,positive,2,1.0,train,Chủ_tịch FPT khoe công_ty tạo ra 200 triệu_phú đô_la khi lên sàn lái_xe cũng có tiền cho con đi du_học,105,102,26,20,False,False,False
raw_data.xlsx::771,raw_data.xlsx,"BOT Cầu Thái Hà ""tố"" xe tránh qua cầu Hưng Hà nhưng vẫn ""mượn đường"" 1,6km mà không trả phí",2,neutral,1,0.0,val,BOT Cầu Thái_Hà tố xe tránh qua cầu Hưng_Hà nhưng vẫn mượn đường 1 6km mà không trả phí,91,87,20,19,False,False,False
raw_data.xlsx::772,raw_data.xlsx,"Khối ngoại bán ròng trên HoSE, VN-Index mất hơn 7 điểm trong phiên 8/4",1,negative,0,-1.0,train,Khối ngoại bán ròng trên HoSE VN Index mất hơn 7 điểm trong phiên 8 4,70,69,14,16,False,False,False
raw_data.xlsx::773,raw_data.xlsx,"Vụ call margin chấn động phố Wall: Đánh ""gấp thếp"" kèm đòn bẩy cao để biến 200 triệu USD thành 100 tỷ USD",2,neutral,1,0.0,train,Vụ call margin chấn_động phố Wall_Đánh gấp thếp kèm đòn_bẩy cao để biến 200 triệu USD thành 100 tỷ USD,105,102,23,20,False,False,False
raw_data.xlsx::774,raw_data.xlsx,"An Tiến Industries (HII) lên kế hoạch lợi nhuận năm 2021 tăng 32% và phát hành thêm 4,8 triệu cổ phiếu",3,positive,2,1.0,train,An_Tiến_Industries_HII lên kế_hoạch lợi_nhuận năm 2021 tăng 32 và phát_hành thêm 4 8 triệu cổ_phiếu,102,99,21,15,False,False,False
raw_data.xlsx::775,raw_data.xlsx,"SGN sẵn sàng khai thác chuyến bay quốc tế từ quý 3, đặt kế hoạch tăng trưởng lợi nhuận gần 8% trong năm 2021",3,positive,2,1.0,val,SGN sẵn_sàng khai_thác chuyến bay quốc_tế từ quý 3 đặt kế_hoạch tăng_trưởng lợi_nhuận gần 8 trong năm 2021,108,106,24,18,False,False,False
raw_data.xlsx::776,raw_data.xlsx,"VNDIRECT: ""Thông tư 03 sẽ giảm áp lực trích lập dự phòng của các NHTM""",3,positive,2,1.0,train,VNDIRECT Thông_tư 03 sẽ giảm áp_lực trích_lập dự_phòng của các NHTM,70,67,15,11,False,False,False
raw_data.xlsx::777,raw_data.xlsx,"Kỷ lục chưa từng có: Nhà đầu tư trong nước mở mới 113.191 tài khoản chứng khoán trong tháng 3, bằng xấp xỉ 30% cả năm 2020",2,neutral,1,0.0,train,Kỷ_lục chưa từng có Nhà_đầu_tư trong nước mở mới 113 191 tài_khoản chứng_khoán trong tháng 3 bằng xấp_xỉ 30 cả năm 2020,122,119,27,22,False,False,False
raw_data.xlsx::778,raw_data.xlsx,"Sao Mai Group (ASM): Trình kế hoạch phát hành hơn 1.700 tỷ đồng trái phiếu, cổ phiếu",3,positive,2,1.0,train,Sao Mai_Group_ASM_Trình kế_hoạch phát_hành hơn 1 700 tỷ đồng trái_phiếu cổ_phiếu,84,80,17,11,False,False,False
raw_data.xlsx::779,raw_data.xlsx,"Công ty dược lớn thứ 2 sàn chứng khoán muốn hủy niêm yết khi tập đoàn Đức nắm giữ hơn 99,5% vốn",1,negative,0,-1.0,train,Công_ty dược lớn thứ 2 sàn chứng_khoán muốn huỷ niêm_yết khi tập_đoàn_Đức nắm giữ hơn 99 5 vốn,95,94,22,18,False,False,False
raw_data.xlsx::780,raw_data.xlsx,"Tổng Xây lắp Dầu khí (PVX): Lỗ lũy kế 3957 tỷ đồng, kiểm toán tiếp tục từ chối đưa ra ý kiến",1,negative,0,-1.0,train,Tổng_Xây lắp Dầu_khí PVX Lỗ luỹ kế 3957 tỷ đồng kiểm_toán tiếp_tục từ_chối đưa ra ý_kiến,92,88,22,16,False,False,False
raw_data.xlsx::781,raw_data.xlsx,"Tiếp tục nghẽn lệnh, VN-Index chấm dứt chuỗi 8 phiên tăng điểm liên tiếp",1,negative,0,-1.0,train,Tiếp_tục nghẽn lệnh VN Index chấm_dứt chuỗi 8 phiên tăng điểm liên_tiếp,72,71,14,12,False,False,False
raw_data.xlsx::782,raw_data.xlsx,Công ty Thống Nhất (BAX) chốt danh sách cổ đông chi cổ tức đợt 2/2020 bằng tiền tỷ lệ gần 131%,3,positive,2,1.0,train,Công_ty Thống_Nhất BAX chốt danh_sách cổ_đông chi cổ_tức đợt 2 2020 bằng tiền tỷ_lệ gần 131,94,91,21,16,False,False,False
raw_data.xlsx::783,raw_data.xlsx,Cơ hội tìm kiếm cổ phiếu có mức cổ tức cao từ Nghị định 140,3,positive,2,1.0,train,Cơ_hội tìm_kiếm cổ_phiếu có mức cổ_tức cao từ Nghị_định 140,59,59,15,10,False,False,False
raw_data.xlsx::784,raw_data.xlsx,Fubon FTSE Vietnam ETF sẽ giao dịch như thế nào?,2,neutral,1,0.0,train,Fubon_FTSE_Vietnam_ETF sẽ giao_dịch như_thế_nào,48,47,10,4,False,False,False
raw_data.xlsx::785,raw_data.xlsx,Những cổ phiếu hiếm hoi vẫn ở đáy dù VN-Index liên tục lập đỉnh,3,positive,2,1.0,val,Những cổ_phiếu hiếm_hoi vẫn ở đáy dù VN Index liên_tục lập đỉnh,63,63,14,12,False,False,False
raw_data.xlsx::786,raw_data.xlsx,"Gelex mua thêm hơn 18,5 triệu cổ phiếu VGC, đã nắm quá bán số cổ phần tại Viglacera",3,positive,2,1.0,train,Gelex mua thêm hơn 18 5 triệu cổ_phiếu VGC đã nắm quá_bán số cổ_phần tại Viglacera,83,82,18,16,False,False,False
raw_data.xlsx::787,raw_data.xlsx,Grab sắp niêm yết cổ phiếu tại Mỹ với mức định giá 35 tỷ USD,2,neutral,1,0.0,train,Grab sắp niêm_yết cổ_phiếu tại Mỹ với mức định_giá 35 tỷ USD,60,60,15,12,False,False,False
raw_data.xlsx::788,raw_data.xlsx,Cổ phiếu IBC của Apax Holdings được cấp margin trở lại,3,positive,2,1.0,train,Cổ_phiếu IBC của Apax_Holdings được cấp margin trở_lại,54,54,11,8,False,False,False
raw_data.xlsx::789,raw_data.xlsx,"SSI Research: Vĩ mô tích cực, TTCK Việt Nam vẫn là điểm đến hấp dẫn của dòng vốn trong dài hạn",3,positive,2,1.0,train,SSI Research_Vĩ mô tích_cực TTCK Việt_Nam vẫn là điểm đến hấp_dẫn của dòng vốn trong dài_hạn,94,92,21,16,False,False,False
raw_data.xlsx::790,raw_data.xlsx,"VGC, HDG, CII, QTP, VHG, TVB, HVH, VSE, MG, TS4, TOP, IDV, GLT: Thông tin giao dịch lượng lớn cổ phiếu",2,neutral,1,0.0,train,VGC HDG CII QTP VHG TVB HVH VSE MG TS4 TOP IDV GLT Thông_tin giao_dịch lượng lớn cổ_phiếu,102,89,21,18,False,False,False
raw_data.xlsx::791,raw_data.xlsx,Công ty chứng khoán chạy đua tăng vốn đáp ứng “cơn khát” margin trên thị trường,3,positive,2,1.0,train,Công_ty chứng_khoán chạy_đua tăng vốn đáp_ứng cơn khát margin trên thị_trường,79,77,16,11,False,False,False
raw_data.xlsx::792,raw_data.xlsx,"Petrolimex: Năm 2021 đặt kế hoạch lãi trước thuế 3.360 tỷ đồng, cổ tức tổi thiểu 12%, hoàn thành thoái vốn PG Bank",3,positive,2,1.0,train,Petrolimex_Năm 2021 đặt kế_hoạch lãi trước thuế 3 360 tỷ đồng cổ_tức tổi thiểu 12 hoàn_thành thoái vốn PG Bank,114,110,23,20,False,False,False
raw_data.xlsx::793,raw_data.xlsx,Những con số nổi bật của thị trường chứng khoán Việt Nam quý I/2021,3,positive,2,1.0,val,Những con_số nổi_bật của thị_trường_chứng_khoán Việt_Nam quý I 2021,67,67,14,9,False,False,False
raw_data.xlsx::794,raw_data.xlsx,"Làm công ăn lương thu nhập tháng chỉ 5-7 triệu đồng, tôi có nên góp 200 triệu đồng cùng bạn thân đầu tư chứng khoán?",2,neutral,1,0.0,train,Làm công ăn lương thu_nhập tháng chỉ 5 7 triệu đồng tôi có nên góp 200 triệu đồng cùng bạn thân đầu_tư chứng_khoán,116,114,25,23,False,False,False
raw_data.xlsx::795,raw_data.xlsx,"Thép Nam Kim (NKG): Sắp phát hành cổ phiếu ESOP và chia cổ tức tổng tỷ lệ 20%, kế hoạch lãi 2021 gấp đôi lên 600 tỷ đồng",3,positive,2,1.0,train,Thép_Nam_Kim_NKG Sắp phát_hành cổ_phiếu ESOP và chia cổ_tức tổng tỷ_lệ 20 kế_hoạch lãi 2021 gấp đôi lên 600 tỷ đồng,120,115,28,20,False,False,False
raw_data.xlsx::796,raw_data.xlsx,"Mirae Asset: “Triển vọng vĩ mô lạc quan, VN-Index có thể cán mốc 1.400 điểm”",3,positive,2,1.0,train,Mirae_Asset_Triển vọng vĩ_mô lạc_quan VN Index có_thể cán mốc 1 400 điểm,76,72,15,12,False,False,False
raw_data.xlsx::797,raw_data.xlsx,"BVH tăng 3%, thị trường chứng khoán tiếp tục thu hút dòng tiền khi liên tục xác lập đỉnh cao mới",3,positive,2,1.0,train,BVH tăng 3 thị_trường_chứng_khoán tiếp_tục thu_hút dòng tiền khi liên_tục xác_lập đỉnh_cao mới,96,94,21,13,False,False,False
raw_data.xlsx::798,raw_data.xlsx,"Phiên 7/4: Khối ngoại tiếp tục bán ròng, tập trung bán CTG, VNM",1,negative,0,-1.0,test,Phiên 7 4 Khối ngoại_tiếp tục bán ròng tập_trung bán CTG VNM,63,60,13,12,False,False,False
raw_data.xlsx::799,raw_data.xlsx,"Petrosetco (PET): Kế hoạch lợi nhuận tăng 43% lên 200 tỷ đồng, quý 2 sẽ phát hành 4 triệu cổ phiếu ESOP",3,positive,2,1.0,val,Petrosetco_PET Kế_hoạch lợi_nhuận tăng 43 lên 200 tỷ đồng quý 2 sẽ phát_hành 4 triệu cổ_phiếu ESOP,103,98,22,17,False,False,False
raw_data.xlsx::800,raw_data.xlsx,"SMC: Lập liên doanh với Samsung, đặt mục tiêu tiêu thụ 1,35 triệu tấn thép năm 2021",3,positive,2,1.0,test,SMC Lập liên_doanh với Samsung đặt mục_tiêu tiêu_thụ 1 35 triệu tấn thép năm 2021,83,81,17,15,False,False,False
raw_data.xlsx::801,raw_data.xlsx,"SAM Holdings (SAM) đặt kế hoạch lợi nhuận năm 2021 tăng gấp 2,4 lần lên hơn 300 tỷ đồng",3,positive,2,1.0,train,SAM Holdings_SAM đặt kế_hoạch lợi_nhuận năm 2021 tăng gấp 2 4 lần lên hơn 300 tỷ đồng,87,85,19,17,False,False,False
raw_data.xlsx::802,raw_data.xlsx,"HSC thông qua phương án tăng vốn cho cổ đông hiện hữu, dự thu về 2.135 tỷ đồng bổ sung nguồn vốn margin, tự doanh",3,positive,2,1.0,train,HSC thông_qua phương_án tăng vốn cho cổ_đông hiện_hữu dự_thu về 2 135 tỷ đồng bổ_sung nguồn vốn margin tự doanh,113,111,25,20,False,False,False
raw_data.xlsx::803,raw_data.xlsx,"EVNGenco3 (PGV): Lãi ròng sau kiểm toán điều chỉnh xuống còn 1.815 tỷ đồng, năm 2020 giảm 5.000 tỷ dư nợ vay",1,negative,0,-1.0,train,EVNGenco3 PGV Lãi_ròng sau kiểm_toán điều_chỉnh xuống còn 1 815 tỷ đồng năm 2020 giảm 5 000 tỷ dư_nợ vay,108,104,22,20,False,False,False
raw_data.xlsx::804,raw_data.xlsx,"SSI Research: “Khắc phục tình trạng quá tải hệ thống trên HOSE, VN-Index thêm động lực hướng tới vùng mục tiêu 1.350-1.400 điểm”",3,positive,2,1.0,train,SSI Research_Khắc phục tình_trạng quá_tải hệ_thống trên HOSE VN Index thêm động_lực hướng tới vùng mục_tiêu 1 350 1 400 điểm,128,124,23,21,False,False,False
raw_data.xlsx::805,raw_data.xlsx,"Thanh khoản TTCK phái sinh quý 1 tăng 9,21% so với bình quân năm 2020",3,positive,2,1.0,train,Thanh khoản TTCK phái_sinh quý 1 tăng 9 21 so với bình_quân năm 2020,69,68,15,14,False,False,False
raw_data.xlsx::806,raw_data.xlsx,Nhựa Bình Minh (BMP) dành 99% lợi nhuận của năm 2020 chia cổ tức cho cổ đông,3,positive,2,1.0,train,Nhựa_Bình_Minh_BMP dành 99 lợi_nhuận của năm 2020 chia cổ_tức cho cổ_đông,76,73,17,11,False,False,False
raw_data.xlsx::807,raw_data.xlsx,"Nhóm ngân hàng, chứng khoán bứt phá mạnh, SSIAM VNFinLead ETF trở thành quỹ tăng trưởng tốt nhất thị trường quý 1",3,positive,2,1.0,train,Nhóm ngân_hàng chứng_khoán bứt_phá mạnh SSIAM VNFinLead_ETF trở_thành quỹ tăng_trưởng tốt nhất thị_trường quý 1,113,111,22,15,False,False,False
raw_data.xlsx::808,raw_data.xlsx,"PMG tăng gấp 3 từ đầu năm, Lemon Gas vẫn chi gần 400 tỷ đồng mua 11,5 triệu cổ phiếu",3,positive,2,1.0,train,PMG tăng gấp 3 từ đầu năm Lemon_Gas vẫn chi gần 400 tỷ đồng mua 11 5 triệu cổ_phiếu,84,83,20,19,False,False,False
raw_data.xlsx::809,raw_data.xlsx,"VNM, HBC, TDG, PMG, C47, OPC, VIG, TV2, APS, CSC, INC: Thông tin giao dịch lượng lớn cổ phiếu",2,neutral,1,0.0,train,VNM HBC TDG PMG C47 OPC VIG TV2 APS CSC INC Thông_tin giao_dịch lượng lớn cổ_phiếu,93,82,19,16,False,False,False
raw_data.xlsx::810,raw_data.xlsx,Lịch sự kiện và tin vắn chứng khoán ngày 7/4,2,neutral,1,0.0,train,Lịch_sự kiện và tin_vắn chứng_khoán ngày 7 4,44,44,10,8,False,False,False
raw_data.xlsx::811,raw_data.xlsx,Những cổ phiếu tăng sốc từ đầu năm 2021: Quán quân thuộc về cổ phiếu tăng gấp 11 lần,3,positive,2,1.0,val,Những cổ_phiếu tăng sốc từ đầu năm 2021 Quán_quân thuộc về cổ_phiếu tăng gấp 11 lần,84,83,19,16,False,False,False
raw_data.xlsx::812,raw_data.xlsx,"FPT Retail (FRT) đặt kế hoạch tăng 320% LNST lên 120 tỷ đồng, mở mới 150 cửa hàng dược Long Châu",3,positive,2,1.0,train,FPT Retail_FRT đặt kế_hoạch tăng 320 LNST lên 120 tỷ đồng mở mới 150 cửa_hàng dược Long_Châu,96,92,21,17,False,False,False
raw_data.xlsx::813,raw_data.xlsx,Quỹ đầu tư rót 650 triệu USD vào Vinhomes vừa huy động thêm 15 tỷ USD đầu tư vào châu Á,3,positive,2,1.0,train,Quỹ đầu_tư rót 650 triệu USD vào Vinhomes vừa huy_động thêm 15 tỷ USD đầu_tư vào châu_Á,87,87,21,17,False,False,False
raw_data.xlsx::814,raw_data.xlsx,"Nợ 400 tỷ đồng, chỉ thu được 200 triệu đồng nên cưỡng chế hóa đơn Thuduc House",1,negative,0,-1.0,test,Nợ 400 tỷ đồng chỉ thu được 200 triệu đồng nên cưỡng_chế hoá_đơn Thuduc_House,78,77,17,14,False,False,False
raw_data.xlsx::815,raw_data.xlsx,"HVN, DXG và nhiều tên tuổi lớn không được giao dịch ký quỹ trong quý 2",1,negative,0,-1.0,train,HVN DXG và nhiều tên_tuổi lớn không được giao_dịch ký_quỹ trong quý 2,70,69,16,13,False,False,False
raw_data.xlsx::816,raw_data.xlsx,"ĐHĐCĐ Digiworld (DGW): Năm 2021 sẽ ""lấn sân"" thị trường tivi, máy giặt quy mô 2,4 tỷ USD",2,neutral,1,0.0,train,ĐHĐCĐ Digiworld_DGW_Năm 2021 sẽ lấn_sân thị_trường tivi máy_giặt quy_mô 2 4 tỷ USD,88,82,18,13,False,False,False
raw_data.xlsx::817,raw_data.xlsx,"Lãi lớn năm 2020, NET đặt kế hoạch trả cổ tức lên tới 60%",3,positive,2,1.0,val,Lãi lớn năm 2020 NET đặt kế_hoạch trả cổ_tức lên tới 60,57,55,14,12,False,False,False
raw_data.xlsx::818,raw_data.xlsx,"SK Group lên kế hoạch mua thêm 5,18% cổ phần Imexpharm (IMP) từ VinaCapital",3,positive,2,1.0,train,SK Group lên kế_hoạch mua thêm 5 18 cổ_phần Imexpharm_IMP từ VinaCapital,75,72,14,12,False,False,False
raw_data.xlsx::819,raw_data.xlsx,Chính thức hợp nhất Viglacera sẽ tác động như thế nào đến Gelex?,2,neutral,1,0.0,train,Chính_thức hợp_nhất Viglacera sẽ tác_động như_thế_nào đến Gelex,64,63,13,8,False,False,False
raw_data.xlsx::820,raw_data.xlsx,"Sonadezi Long Thành (SZL): Đặt kế hoạch lợi nhuận hơn 87 tỷ đồng năm 2021, triển khai dự án Cụm Công nghiệp Long Phước 1 (75ha)",3,positive,2,1.0,train,Sonadezi_Long_Thành_SZL Đặt kế_hoạch lợi_nhuận hơn 87 tỷ đồng năm 2021 triển_khai dự_án Cụm Công_nghiệp Long_Phước 1 75ha,127,121,26,17,False,False,False
raw_data.xlsx::821,raw_data.xlsx,"Phiên 6/4: Khối ngoại quay đầu bán ròng, VN-Index gặp khó trước ngưỡng 1.240 điểm",1,negative,0,-1.0,train,Phiên 6 4 Khối ngoại quay đầu bán ròng VN Index gặp khó trước ngưỡng 1 240 điểm,81,79,15,18,False,False,False
raw_data.xlsx::822,raw_data.xlsx,"ĐHĐCĐ Dệt may Thành Công (TCM): Cổ đông lớn Nguyễn Văn Nghĩa ứng cử ghế HĐQT, sẽ phát hành cổ phiếu thưởng 15% và chia 5% cổ tức tiền mặt",3,positive,2,1.0,train,ĐHĐCĐ Dệt_may Thành_Công TCM Cổ_đông lớn Nguyễn_Văn_Nghĩa ứng_cử ghế HĐQT sẽ phát_hành cổ_phiếu thưởng 15 và chia 5 cổ_tức tiền_mặt,137,131,30,20,False,False,False
raw_data.xlsx::823,raw_data.xlsx,"Digiworld (DGW) tăng trưởng 133% lãi sau thuế trong quý 1/2021, ước đạt 105 tỷ đồng",3,positive,2,1.0,test,Digiworld_DGW tăng_trưởng 133 lãi sau thuế trong quý 1 2021 ước đạt 105 tỷ đồng,83,79,16,15,False,False,False
raw_data.xlsx::824,raw_data.xlsx,Đá Núi Nhỏ (NNC) chốt quyền tạm ứng cổ tức đợt 2/2020 bằng tiền tỷ lệ 18%,3,positive,2,1.0,test,Đá_Núi_Nhỏ_NNC chốt quyền tạm_ứng cổ_tức đợt 2 2020 bằng tiền tỷ_lệ 18,73,70,17,12,False,False,False
raw_data.xlsx::825,raw_data.xlsx,"Thêm 1 công ty con của Tổng công ty Lương Thực Miền Bắc tiến hành IPO, đưa gần 1,7 triệu cổ phiếu ra chào bán",2,neutral,1,0.0,val,Thêm 1 công_ty con của Tổng_công_ty Lương_Thực Miền Bắc tiến_hành IPO đưa gần 1 7 triệu cổ_phiếu ra chào_bán,109,108,25,19,False,False,False
raw_data.xlsx::826,raw_data.xlsx,Nhiều mã chứng quyền tăng bằng lần 6 tháng qua giúp nhà đầu tư kiếm bộn,3,positive,2,1.0,val,Nhiều mã chứng quyền tăng bằng lần 6 tháng qua giúp nhà_đầu_tư kiếm bộn,71,71,16,14,False,False,False
raw_data.xlsx::827,raw_data.xlsx,FIT Group dự kiến chia cổ tức năm 2020 với tỷ lệ 10%,3,positive,2,1.0,train,FIT Group dự_kiến chia cổ_tức năm 2020 với tỷ_lệ 10,52,51,13,10,False,False,False
raw_data.xlsx::828,raw_data.xlsx,"Nhựa Tiền Phong (NTP): Kế hoạch lãi trước thuế năm 2021 sụt giảm 17%, về mức 432 tỷ đồng",1,negative,0,-1.0,train,Nhựa_Tiền_Phong_NTP Kế_hoạch lãi trước thuế năm 2021 sụt_giảm 17 về mức 432 tỷ đồng,88,83,19,14,False,False,False
raw_data.xlsx::829,raw_data.xlsx,Rạng Đông (RAL) chốt quyền nhận cổ tức đợt 2/2020 bằng tiền tỷ lệ 25%,3,positive,2,1.0,train,Rạng_Đông RAL chốt quyền nhận cổ_tức đợt 2 2020 bằng tiền tỷ_lệ 25,69,66,15,13,False,False,False
raw_data.xlsx::830,raw_data.xlsx,"Lỗ lũy kế vượt quá số vốn điều lệ thực góp, Ngoprexco (NGC) có khả năng bị hủy niêm yết",1,negative,0,-1.0,test,Lỗ luỹ kế vượt quá số vốn_điều_lệ thực góp Ngoprexco_NGC có khả_năng bị huỷ niêm_yết,87,84,20,15,False,False,False
raw_data.xlsx::831,raw_data.xlsx,"Chứng khoán BSC: VN-Index đủ khả năng vượt cản tâm lý, kết thúc Quý 2/2021 trên ngưỡng 1.250 điểm",3,positive,2,1.0,train,Chứng_khoán BSC VN Index đủ khả_năng vượt cản tâm_lý kết_thúc Quý 2 2021 trên ngưỡng 1 250 điểm,97,95,19,18,False,False,False
raw_data.xlsx::832,raw_data.xlsx,"Nghẽn lệnh trong phiên chiều, VN-Index thất bại trước mốc 1.240 điểm",1,negative,0,-1.0,train,Nghẽn lệnh trong phiên chiều VN Index thất_bại trước mốc 1 240 điểm,68,67,12,13,False,False,False
raw_data.xlsx::833,raw_data.xlsx,"Domesco (DMC) đặt kế hoạch lợi nhuận 215 tỷ đồng trong năm 2021, tăng trưởng gần 20% so với năm trước",3,positive,2,1.0,train,Domesco_DMC đặt kế_hoạch lợi_nhuận 215 tỷ đồng trong năm 2021 tăng_trưởng gần 20 so với năm trước,101,97,21,17,False,False,False
raw_data.xlsx::834,raw_data.xlsx,"YEG, GEX, DAH, IDP, POM, PAC, TMS, VC7, PDB, INC, CAG, CTC: Thông tin giao dịch lượng lớn cổ phiếu",2,neutral,1,0.0,train,YEG GEX DAH IDP POM PAC TMS VC7 PDB INC CAG CTC Thông_tin giao_dịch lượng lớn cổ_phiếu,98,86,20,17,False,False,False
raw_data.xlsx::835,raw_data.xlsx,Lịch chốt quyền nhận cổ tức bằng tiền của 6 doanh nghiệp,3,positive,2,1.0,train,Lịch chốt quyền nhận cổ_tức bằng tiền của 6 doanh_nghiệp,56,56,12,10,False,True,True
raw_data.xlsx::836,raw_data.xlsx,"Năm Bảy Bảy (NBB) dự kiến lợi nhuận năm 2021 tăng trên 37%, đạt 450 tỷ đồng",3,positive,2,1.0,train,Năm Bảy Bảy_NBB dự_kiến lợi_nhuận năm 2021 tăng trên 37 đạt 450 tỷ đồng,75,71,17,14,False,False,False
raw_data.xlsx::837,raw_data.xlsx,"VDSC: “Dòng tiền từ các quỹ ngoại mới và nhà đầu tư nội tiếp tục nâng đỡ thị trường, VN-Index có thể cán mốc 1.300 điểm trong tháng 4”",3,positive,2,1.0,train,VDSC Dòng tiền từ các quỹ ngoại mới và nhà_đầu_tư nội_tiếp tục nâng_đỡ thị_trường VN Index có_thể cán mốc 1 300 điểm trong tháng 4,134,130,29,25,False,False,False
raw_data.xlsx::838,raw_data.xlsx,IPO doanh nghiệp này đang thu hút các nhà đầu tư am hiểu bất động sản,3,positive,2,1.0,train,IPO doanh_nghiệp này đang thu_hút các nhà_đầu_tư am_hiểu bất_động_sản,69,69,16,9,False,False,False
raw_data.xlsx::839,raw_data.xlsx,"Coteccons lần đầu tính đến việc sử dụng đòn bẩy tài chính, đặt kế hoạch 2021 đi ngang",2,neutral,1,0.0,train,Coteccons lần đầu tính đến việc sử_dụng đòn_bẩy tài_chính đặt kế_hoạch 2021 đi ngang,85,84,18,14,False,False,False
raw_data.xlsx::840,raw_data.xlsx,"BVSC: “Dòng vốn ngoại có thể chảy vào TTCK Việt Nam từ nửa cuối năm 2021, tập trung vào nhóm Bluechips”",3,positive,2,1.0,train,BVSC Dòng vốn ngoại có_thể chảy vào TTCK Việt_Nam từ nửa cuối năm 2021 tập_trung vào nhóm Bluechips,103,99,21,18,False,False,False
raw_data.xlsx::841,raw_data.xlsx,Lịch sự kiện và tin vắn chứng khoán ngày 6/4,2,neutral,1,0.0,train,Lịch_sự kiện và tin_vắn chứng_khoán ngày 6 4,44,44,10,8,False,False,False
raw_data.xlsx::842,raw_data.xlsx,"Sau 4 năm sụt giảm liên tiếp, PGS đặt kế hoạch lãi 78,2 tỷ đồng trong năm 2021, tăng gần 8% so với năm trước",3,positive,2,1.0,train,Sau 4 năm sụt_giảm liên_tiếp PGS đặt kế_hoạch lãi 78 2 tỷ đồng trong năm 2021 tăng gần 8 so với năm trước,108,105,25,23,False,False,False
raw_data.xlsx::843,raw_data.xlsx,"CII: Xa lộ Hà Nội và Trung Lương – Mỹ Thuận được thu phí là cơ sở tăng 25% lợi nhuận 2021 lên 615 tỷ đồng, kế hoạch huy động đến 20.000 tỷ trái phiếu",3,positive,2,1.0,train,CII Xa_lộ Hà_Nội và Trung_Lương_Mỹ_Thuận được thu phí là cơ_sở tăng 25 lợi_nhuận 2021 lên 615 tỷ đồng kế_hoạch huy_động đến 20 000 tỷ trái_phiếu,149,144,35,25,False,False,False
raw_data.xlsx::844,raw_data.xlsx,"Điên cuồng khuấy đảo Phố Wall trong những ngày đầu năm nhưng giờ đây lại biến mất, nhà đầu tư nhỏ lẻ đã đi đâu?",2,neutral,1,0.0,train,Điên_cuồng khuấy_đảo Phố Wall trong những ngày đầu năm nhưng giờ_đây lại biến mất nhà_đầu_tư nhỏ_lẻ đã đi đâu,111,109,25,19,False,False,False
raw_data.xlsx::845,raw_data.xlsx,"PC1 muốn đổi tên công ty: Đặt kế hoạch LNST 2021 giảm nhẹ xuống 510 tỷ, trả cổ tức 20% năm 2020",3,positive,2,1.0,train,PC1 muốn đổi tên công_ty Đặt kế_hoạch LNST 2021 giảm nhẹ xuống 510 tỷ trả cổ_tức 20 năm 2020,95,92,22,19,False,False,False
raw_data.xlsx::846,raw_data.xlsx,Khối ngoại tiếp tục mua ròng gần 100 tỷ đồng trong phiên 5/4,3,positive,2,1.0,test,Khối ngoại_tiếp tục mua ròng gần 100 tỷ đồng trong phiên 5 4,60,60,13,13,False,False,False
raw_data.xlsx::847,raw_data.xlsx,"VCB bứt phá ngoạn mục lên trên 100.000 đồng, SHB bất ngờ đảo chiều giảm sàn, VnIndex tăng 12 điểm cuối phiên",3,positive,2,1.0,train,VCB bứt_phá ngoạn_mục lên trên 100 000 đồng SHB bất_ngờ đảo chiều giảm sàn VnIndex tăng 12 điểm cuối phiên,108,106,22,20,False,False,False
raw_data.xlsx::848,raw_data.xlsx,"Chủ sở hữu trà bí đao Wonderfarm đặt kế hoạch xóa lỗ lũy kế, hồi sinh mạnh mẽ sau 10 năm về tay người Nhật",3,positive,2,1.0,train,Chủ_sở_hữu trà bí_đao Wonderfarm đặt kế_hoạch xoá lỗ luỹ kế hồi_sinh mạnh_mẽ sau 10 năm về tay người Nhật,106,105,25,19,False,False,False
raw_data.xlsx::849,raw_data.xlsx,"Viettel Post ước lãi trước thuế 134 tỷ đồng trong quý 1, tăng trưởng 10% so với cùng kỳ 2020",3,positive,2,1.0,train,Viettel_Post ước lãi trước thuế 134 tỷ đồng trong quý 1 tăng_trưởng 10 so với cùng kỳ 2020,92,90,20,18,False,False,False
raw_data.xlsx::850,raw_data.xlsx,"Thị phần môi giới HoSE quý 1/2021: Top 4 gia tăng cách biệt, VPS bất ngờ dẫn đầu",3,positive,2,1.0,train,Thị_phần môi_giới HoSE quý 1 2021 Top 4 gia_tăng cách_biệt VPS bất_ngờ dẫn_đầu,80,78,18,13,False,False,False
raw_data.xlsx::851,raw_data.xlsx,"Vợ CEO VinaCapital chốt lãi cổ phiếu “kỳ lân” VNG, có thể thu về cả nghìn tỷ đồng",3,positive,2,1.0,test,Vợ CEO VinaCapital chốt lãi cổ_phiếu kỳ_lân VNG có_thể thu về cả nghìn tỷ đồng,81,78,18,15,False,False,False
raw_data.xlsx::852,raw_data.xlsx,Thêm một Công ty chứng khoán lên kế hoạch tạm chuyển sang HNX để giảm tải hệ thống,3,positive,2,1.0,val,Thêm một Công_ty chứng_khoán lên kế_hoạch tạm chuyển sang HNX để giảm tải hệ_thống,82,82,18,14,False,False,False
raw_data.xlsx::853,raw_data.xlsx,MBS và KBSV ký kết thành công thỏa thuận hợp tác chiến lược,3,positive,2,1.0,train,MBS và KBSV ký_kết thành_công thoả_thuận hợp_tác chiến_lược,59,59,13,8,False,False,False
raw_data.xlsx::854,raw_data.xlsx,Fubon Vietnam ETF mua hàng trăm tỷ cổ phiếu Việt Nam ngay những phút mở cửa phiên 5/4?,3,positive,2,1.0,train,Fubon_Vietnam_ETF mua hàng trăm tỷ cổ_phiếu Việt_Nam ngay những phút mở_cửa phiên 5 4,86,85,18,14,False,False,False
raw_data.xlsx::855,raw_data.xlsx,Nhiệt điện Quảng Ninh (QTP) điều chỉnh tăng 540 tỷ đồng LNST trên BCTC kiểm toán năm 2020,3,positive,2,1.0,test,Nhiệt_điện Quảng_Ninh QTP điều_chỉnh tăng 540 tỷ đồng LNST trên BCTC kiểm_toán năm 2020,89,87,18,14,False,False,False
raw_data.xlsx::856,raw_data.xlsx,"Điểm danh những doanh nghiệp chốt quyền nhận cổ tức bằng tiền, bằng cổ phiếu và cổ phiếu thưởng tuần từ 5/4-9/4",3,positive,2,1.0,train,Điểm_danh những doanh_nghiệp chốt quyền nhận cổ_tức bằng tiền bằng cổ_phiếu và cổ_phiếu thưởng tuần từ 5 4 9 4,111,110,22,20,False,False,False
raw_data.xlsx::857,raw_data.xlsx,"EVE đặt kế hoạch lợi nhuận 2021 tăng hơn 70%, dự kiến mua 3 triệu cổ phiếu quỹ.",3,positive,2,1.0,test,EVE đặt kế_hoạch lợi_nhuận 2021 tăng hơn 70 dự_kiến mua 3 triệu cổ_phiếu quỹ,79,76,18,14,False,False,False
raw_data.xlsx::858,raw_data.xlsx,Khải Hoàn Land thu hút sự quan tâm trước ngày IPO,2,neutral,1,0.0,val,Khải_Hoàn Land thu_hút sự quan_tâm trước ngày IPO,49,49,11,8,False,False,False
raw_data.xlsx::859,raw_data.xlsx,Lịch sự kiện và tin vắn chứng khoán ngày 5/4,2,neutral,1,0.0,train,Lịch_sự kiện và tin_vắn chứng_khoán ngày 5 4,44,44,10,8,False,False,False
raw_data.xlsx::860,raw_data.xlsx,Lịch chốt quyền nhận cổ tức bằng tiền của 7 doanh nghiệp,3,positive,2,1.0,train,Lịch chốt quyền nhận cổ_tức bằng tiền của 7 doanh_nghiệp,56,56,12,10,False,True,True
raw_data.xlsx::861,raw_data.xlsx,KBSV: “Bất cứ nhịp điều chỉnh sâu nào của thị trường đều là cơ hội tích lũy cổ phiếu”,3,positive,2,1.0,test,KBSV Bất_cứ nhịp điều_chỉnh sâu nào của thị_trường đều là cơ_hội tích_luỹ cổ_phiếu,85,82,19,13,False,False,False
raw_data.xlsx::862,raw_data.xlsx,Kỳ vọng gì ở cổ phiếu ngân hàng?,2,neutral,1,0.0,train,Kỳ_vọng gì ở cổ_phiếu ngân_hàng,32,31,8,5,False,False,False
raw_data.xlsx::863,raw_data.xlsx,"CII, HNG, REE, SHS, VC7, TTH, TEG, S4A, TSJ, TOP, PVL: Thông tin giao dịch lượng lớn cổ phiếu",2,neutral,1,0.0,train,CII HNG REE SHS VC7 TTH TEG S4A TSJ TOP PVL Thông_tin giao_dịch lượng lớn cổ_phiếu,93,82,19,16,False,False,False
raw_data.xlsx::864,raw_data.xlsx,"VN-Index phá đỉnh lịch sử, điều gì chờ đợi phía trước?",2,neutral,1,0.0,test,VN Index phá đỉnh lịch_sử điều gì chờ_đợi phía trước,54,52,11,10,False,False,False
raw_data.xlsx::865,raw_data.xlsx,"Xu thế dòng tiền: VN-Index vượt đỉnh, chọn cổ phiếu ""khỏe"" mới quan trọng",3,positive,2,1.0,train,Xu_thế dòng tiền VN Index vượt đỉnh chọn cổ_phiếu khoẻ mới quan_trọng,73,69,14,12,False,False,False
raw_data.xlsx::866,raw_data.xlsx,HoSE: Khối ngoại bán ròng 12.250 tỷ đồng trong tháng 3/2021,1,negative,0,-1.0,test,HoSE_Khối ngoại bán ròng 12 250 tỷ đồng trong tháng 3 2021,59,58,11,12,False,False,False
raw_data.xlsx::867,raw_data.xlsx,VnDirect (VND) chốt danh sách cổ đông nhận cổ tức bằng tiền tỷ lệ 5%,3,positive,2,1.0,train,VnDirect_VND chốt danh_sách cổ_đông nhận cổ_tức bằng tiền tỷ_lệ 5,68,65,15,10,False,False,False
raw_data.xlsx::868,raw_data.xlsx,"Quy mô hơn 10.000 tỷ đồng, VFMVN Diamond trở thành quỹ ETF lớn nhất TTCK Việt Nam, vượt qua cả VNM ETF hay FTSE Vietnam",3,positive,2,1.0,train,Quy_mô hơn 10 000 tỷ đồng VFMVN Diamond trở_thành quỹ ETF lớn nhất TTCK Việt_Nam vượt qua cả VNM ETF hay FTSE Vietnam,119,117,25,23,False,False,False
raw_data.xlsx::869,raw_data.xlsx,[Quy tắc đầu tư vàng] Nguyên tắc vàng để giữ được tiền trên thị trường chứng khoán qua câu truyện cổ,2,neutral,1,0.0,train,Quy_tắc đầu_tư vàng Nguyên_tắc vàng để giữ được tiền trên thị_trường_chứng_khoán qua câu truyện_cổ,100,98,21,14,False,False,False
raw_data.xlsx::870,raw_data.xlsx,"Một doanh nghiệp kinh doanh kềm, chi trả cổ tức hàng chục phần trăm mỗi năm nhưng giá cổ phiếu chưa tới 2.000 đồng",1,negative,0,-1.0,train,Một doanh_nghiệp kinh_doanh kềm chi_trả cổ_tức hàng chục phần_trăm mỗi năm nhưng giá cổ_phiếu chưa tới 2 000 đồng,114,113,24,19,False,False,False
raw_data.xlsx::871,raw_data.xlsx,PV GAS: Giá dầu tăng cao thúc đẩy lợi nhuận quý 1/2021 đạt mức 2.234 tỷ đồng,3,positive,2,1.0,train,PV GAS Giá dầu tăng cao thúc_đẩy lợi_nhuận quý 1 2021 đạt mức 2 234 tỷ đồng,76,75,17,17,False,False,False
raw_data.xlsx::872,raw_data.xlsx,"ĐHĐCĐ Licogi 16 (LCG): Sẽ phát hành 500 tỷ cổ phần mới, nếu không thành sẽ được ông Nguyễn Văn Nghĩa mua toàn bộ",2,neutral,1,0.0,train,ĐHĐCĐ Licogi 16 LCG Sẽ phát_hành 500 tỷ cổ_phần mới nếu không thành sẽ được ông Nguyễn_Văn_Nghĩa mua toàn_bộ,112,108,24,19,False,False,False
raw_data.xlsx::873,raw_data.xlsx,Chứng khoán BOS (ART) dự kiến phát hành 500 tỷ đồng trái phiếu chuyển đổi,2,neutral,1,0.0,train,Chứng_khoán BOS ART dự_kiến phát_hành 500 tỷ đồng trái_phiếu chuyển_đổi,73,71,15,10,False,False,False
raw_data.xlsx::874,raw_data.xlsx,"Nomura và thương vụ thua lỗ 2 tỷ USD do ""margin call""",1,negative,0,-1.0,train,Nomura và thương_vụ thua_lỗ 2 tỷ USD do margin call,53,51,12,10,False,False,False
raw_data.xlsx::875,raw_data.xlsx,"TIP có kế hoạch tăng vốn lên 1.000 tỷ, đặt kế hoạch kinh doanh năm 2021 giảm mạnh",1,negative,0,-1.0,val,TIP có kế_hoạch tăng vốn lên 1 000 tỷ đặt kế_hoạch kinh_doanh năm 2021 giảm mạnh,81,80,18,16,False,False,False
raw_data.xlsx::876,raw_data.xlsx,"CII tăng mạnh, Chủ tịch HĐQT và hai vị nữ Giám đốc của công ty muốn bán cổ phiếu để mua nhà",1,negative,0,-1.0,train,CII tăng mạnh Chủ_tịch HĐQT và hai vị nữ Giám_đốc của công_ty muốn bán cổ_phiếu để mua nhà,91,90,22,18,False,False,False
raw_data.xlsx::877,raw_data.xlsx,CII công bố ngày chốt danh sách cổ đông trả cổ tức bằng tiền tỷ lệ 14%,3,positive,2,1.0,train,CII công_bố ngày chốt danh_sách cổ_đông trả cổ_tức bằng tiền tỷ_lệ 14,70,69,17,12,False,False,False
raw_data.xlsx::878,raw_data.xlsx,Vingroup lãi gần 17.000 tỷ đồng từ 3 giao dịch bán buôn,3,positive,2,1.0,train,Vingroup lãi gần 17 000 tỷ đồng từ 3 giao_dịch bán_buôn,55,55,12,11,False,False,False
raw_data.xlsx::879,raw_data.xlsx,"Lỗ luỹ kế hơn 219 tỷ đồng, Yeah1 (YEG) tiếp tục trình kế hoạch dùng thặng dư vốn xoá lỗ",1,negative,0,-1.0,train,Lỗ luỹ kế hơn 219 tỷ đồng Yeah1 YEG tiếp_tục trình kế_hoạch dùng thặng_dư vốn xoá lỗ,87,84,20,17,False,False,False
raw_data.xlsx::880,raw_data.xlsx,"Tổng công ty 36 (G36) điều chỉnh giảm 50% lãi sau thuế sau kiểm toán do trích lập dự phòng, lên kế hoạch niêm yết HNX",1,negative,0,-1.0,train,Tổng_công_ty 36 G36 điều_chỉnh giảm 50 lãi sau thuế sau kiểm_toán do trích_lập dự_phòng lên kế_hoạch niêm_yết HNX,117,113,26,18,False,False,False
raw_data.xlsx::881,raw_data.xlsx,"5 ""viên kim cương"" nào sẽ lọt rổ VNDiamond trong kỳ review tháng 4?",2,neutral,1,0.0,train,5 viên kim_cương nào sẽ lọt rổ VNDiamond trong kỳ review tháng 4,67,64,14,13,False,False,False
raw_data.xlsx::882,raw_data.xlsx,Mã lớn trong VN30 là động lực cho thị trường bứt phá,2,neutral,1,0.0,train,Mã lớn trong VN30 là động_lực cho thị_trường bứt_phá,52,52,12,9,False,False,False
raw_data.xlsx::883,raw_data.xlsx,Thêm 10.000 tài khoản mở mới tại YSVN - Sức hút từ gói vay margin 6%,2,neutral,1,0.0,val,Thêm 10 000 tài_khoản mở mới tại YSVN Sức hút từ gói vay margin 6,68,65,16,15,False,False,False
raw_data.xlsx::884,raw_data.xlsx,"SAFI đặt kế hoạch lợi nhuận 2021 giảm hơn 16%, chi trả cổ tức 15%",1,negative,0,-1.0,train,SAFI đặt kế_hoạch lợi_nhuận 2021 giảm hơn 16 chi_trả cổ_tức 15,65,62,15,11,False,False,False
raw_data.xlsx::885,raw_data.xlsx,"Thoái vốn từ PVM giúp PV Power bổ sung nguồn vốn xây dựng NT3, NT4",3,positive,2,1.0,train,Thoái vốn từ PVM giúp PV Power bổ_sung nguồn vốn xây_dựng NT3 NT4,66,65,15,13,False,False,False
raw_data.xlsx::886,raw_data.xlsx,Khối ngoại tiếp tục mua ròng 700 tỷ đồng trong phiên 2/4,3,positive,2,1.0,train,Khối ngoại_tiếp tục mua ròng 700 tỷ đồng trong phiên 2 4,56,56,12,12,False,False,False
raw_data.xlsx::887,raw_data.xlsx,"DIC Corp (DIG): Năm 2021 đặt mục tiêu LNTT tăng 60% lên 1.444 tỷ đồng, tiếp tục vay vốn lớn cho dự án Bắc Vũng Tàu",3,positive,2,1.0,train,DIC Corp_DIG_Năm 2021 đặt mục_tiêu LNTT tăng 60 lên 1 444 tỷ đồng tiếp_tục vay vốn lớn cho dự_án Bắc_Vũng_Tàu,114,109,26,20,False,False,False
raw_data.xlsx::888,raw_data.xlsx,Viettel Construction (CTR) đặt kế hoạch kinh doanh đi ngang trong năm 2021,1,negative,0,-1.0,train,Viettel_Construction_CTR đặt kế_hoạch kinh_doanh đi ngang trong năm 2021,74,72,13,9,False,False,False
raw_data.xlsx::889,raw_data.xlsx,"Sôi động chứng khoán đầu năm, tài khoản mới tại VNDIRECT tăng 180%",3,positive,2,1.0,train,Sôi_động chứng_khoán đầu năm tài_khoản mới tại VNDIRECT tăng 180,66,64,13,10,False,False,False
raw_data.xlsx::890,raw_data.xlsx,"PMG bất ngờ được khối ngoại mua ròng gần 11,5 triệu cổ phiếu, VnIndex tiếp đà tăng mạnh",3,positive,2,1.0,train,PMG bất_ngờ được khối ngoại mua ròng gần 11 5 triệu cổ_phiếu VnIndex tiếp đà tăng mạnh,87,86,18,17,False,False,False
raw_data.xlsx::891,raw_data.xlsx,Vì sao khối ngoại dừng bán ròng?,2,neutral,1,0.0,train,Vì sao khối ngoại dừng bán ròng,32,31,7,7,False,False,False
raw_data.xlsx::892,raw_data.xlsx,FPT Online (FOC) chốt danh sách cổ đông nhận cổ tức bằng tiền tỷ lệ 200%,3,positive,2,1.0,test,FPT Online_FOC chốt danh_sách cổ_đông nhận cổ_tức bằng tiền tỷ_lệ 200,72,69,16,11,False,False,False
raw_data.xlsx::893,raw_data.xlsx,Chứng khoán BOS dự kiến phát hành 500 tỷ đồng trái phiếu chuyển đổi,3,positive,2,1.0,train,Chứng_khoán BOS dự_kiến phát_hành 500 tỷ đồng trái_phiếu chuyển_đổi,67,67,14,9,False,False,False
raw_data.xlsx::894,raw_data.xlsx,Mức đãi ngộ vượt trội nhiều tập đoàn tỷ đô dành cho ban lãnh đạo cũ Coteccons: TGĐ thu nhập 13 tỷ năm 2019 nhưng vẫn thấp hơn nhiều Chủ tịch Nguyễn Bá Dương,3,positive,2,1.0,train,Mức đãi_ngộ vượt_trội nhiều tập_đoàn tỷ đô dành cho ban lãnh_đạo cũ Coteccons_TGĐ thu_nhập 13 tỷ năm 2019 nhưng vẫn thấp hơn nhiều Chủ_tịch Nguyễn_Bá_Dương,156,155,34,25,False,False,False
raw_data.xlsx::895,raw_data.xlsx,"Không chỉ được nhận cổ tức, nhà đầu tư còn nhận thêm tiền với giá trị tương đương khi tham dự ĐHCĐ HUD 6",3,positive,2,1.0,val,Không_chỉ được nhận cổ_tức nhà_đầu_tư còn nhận thêm tiền với giá_trị tương_đương khi tham_dự ĐHCĐ HUD 6,104,103,24,17,False,False,False
raw_data.xlsx::896,raw_data.xlsx,Fubon FTSE Vietnam ETF đã huy động hơn 4.000 tỷ đồng từ đợt IPO,3,positive,2,1.0,train,Fubon_FTSE_Vietnam_ETF đã huy_động hơn 4 000 tỷ đồng từ đợt IPO,63,63,14,11,False,False,False
raw_data.xlsx::897,raw_data.xlsx,"Nhiều quỹ thắng lớn trên TTCK Việt Nam trong quý 1, bộ đôi VFMVN Diamond ETF và SSIAM VNFinLead ETF bỏ xa phần còn lại",3,positive,2,1.0,train,Nhiều quỹ thắng lớn trên TTCK Việt_Nam trong quý 1 bộ đôi VFMVN Diamond_ETF và SSIAM VNFinLead_ETF bỏ xa phần còn lại,118,117,25,22,False,False,False
raw_data.xlsx::898,raw_data.xlsx,"Thủy điện Đa Nhim-Hàm Thuận-Đa Mi (DNH): Kế hoạch lãi sau thuế năm 2021 giảm 19%, về mức 535 tỷ đồng",1,negative,0,-1.0,train,Thuỷ_điện Đa_Nhim_Hàm_Thuận Đa_Mi_DNH Kế_hoạch lãi sau thuế năm 2021 giảm 19 về mức 535 tỷ đồng,100,95,21,16,False,False,False
raw_data.xlsx::899,raw_data.xlsx,Chủ tịch HĐQT Tập đoàn Nam Mê Kông (VC3) đăng ký mua gần 15 triệu cổ phiếu VC3,3,positive,2,1.0,val,Chủ_tịch HĐQT Tập_đoàn Nam_Mê_Kông VC3 đăng_ký mua gần 15 triệu cổ_phiếu VC3,78,76,18,12,False,False,False
raw_data.xlsx::900,raw_data.xlsx,Thủy sản Cà Mau (CAT) chốt quyền tạm ứng cổ tức đợt 2/2020 bằng tiền tỷ lệ 20%,3,positive,2,1.0,train,Thuỷ_sản Cà_Mau CAT chốt quyền tạm_ứng cổ_tức đợt 2 2020 bằng tiền tỷ_lệ 20,78,75,18,14,False,False,False
raw_data.xlsx::901,raw_data.xlsx,Lịch sự kiện và tin vắn chứng khoán ngày 2/4,2,neutral,1,0.0,train,Lịch_sự kiện và tin_vắn chứng_khoán ngày 2 4,44,44,10,8,False,False,False
raw_data.xlsx::902,raw_data.xlsx,"""Không có lý do gì lại đầu tư vào những cổ phiếu siêu rủi ro""",2,neutral,1,0.0,val,Không có lý_do gì lại đầu_tư vào những cổ_phiếu siêu rủi_ro,61,59,15,11,False,False,False
raw_data.xlsx::903,raw_data.xlsx,"TLH, CII, IDP, NHT, PHC, VC1, VC3, CSC, DID, NED, BVG, CET, DC2, HFB: Thông tin giao dịch lượng lớn cổ phiếu",2,neutral,1,0.0,train,TLH CII IDP NHT PHC VC1 VC3 CSC DID NED BVG CET DC2 HFB Thông_tin giao_dịch lượng lớn cổ_phiếu,108,94,22,19,False,False,False
raw_data.xlsx::904,raw_data.xlsx,"Xây dựng 47 (C47): Thị giá tăng phi mã sau gần nửa năm, chuẩn bị phát hành tăng gấp rưỡi vốn với giá không dưới 10.000 đồng/cp",3,positive,2,1.0,train,Xây_dựng 47 C47 Thị_giá tăng phi_mã sau gần nửa năm chuẩn_bị phát_hành tăng gấp rưỡi vốn với giá không dưới 10 000 đồng cp,126,122,27,24,False,False,False
raw_data.xlsx::905,raw_data.xlsx,Hoàn tiền liền tay – Mở ngay tài khoản hoàn 100% phí giao dịch,3,positive,2,1.0,val,Hoàn tiền liền_tay Mở ngay tài_khoản hoàn 100 phí giao_dịch,62,59,14,10,False,False,False
raw_data.xlsx::906,raw_data.xlsx,Becamex IJC đặt kế hoạch LNTT năm 2021 tăng 77% lên 797 tỷ đồng,3,positive,2,1.0,train,Becamex_IJC đặt kế_hoạch LNTT năm 2021 tăng 77 lên 797 tỷ đồng,63,62,14,12,False,False,False
raw_data.xlsx::907,raw_data.xlsx,"Vượt 1.200 điểm, VN-Index sẽ tăng tiếp tới đâu?",3,positive,2,1.0,val,Vượt 1 200 điểm VN Index sẽ tăng tiếp tới đâu,47,45,9,11,False,False,False
raw_data.xlsx::908,raw_data.xlsx,Coteccons - chủ động minh bạch số liệu tài chính,3,positive,2,1.0,train,Coteccons chủ_động minh_bạch số_liệu tài_chính,48,46,10,5,False,False,False
raw_data.xlsx::909,raw_data.xlsx,Dịch vụ Phân phối Tổng hợp dầu khí (PSD) lên kế hoạch lợi nhuận năm 2021 tăng 71%,3,positive,2,1.0,train,Dịch_vụ Phân_phối Tổng_hợp dầu_khí PSD lên kế_hoạch lợi_nhuận năm 2021 tăng 71,81,78,18,12,False,False,False
raw_data.xlsx::910,raw_data.xlsx,Kienlongbank đã bán xong cổ phiếu STB?,2,neutral,1,0.0,train,Kienlongbank đã bán xong cổ_phiếu STB,38,37,7,6,False,False,False
raw_data.xlsx::911,raw_data.xlsx,"Người nhà lãnh đạo Thép Tiến Lên đã bán xong số cổ phiếu trị giá 50 tỷ đồng, sẵn sàng tiền để mua nhà ở",2,neutral,1,0.0,train,Người_nhà lãnh_đạo Thép_Tiến_Lên đã bán xong số cổ_phiếu trị_giá 50 tỷ đồng sẵn_sàng tiền để mua nhà ở,103,102,25,18,False,False,False
raw_data.xlsx::912,raw_data.xlsx,"VN-Index lập đỉnh lịch sử, tăng mạnh hàng đầu Châu Á trong ngày mở màn quý 2",3,positive,2,1.0,train,VN Index lập đỉnh lịch_sử tăng mạnh hàng_đầu Châu_Á trong ngày mở_màn quý 2,76,75,17,14,False,False,False
raw_data.xlsx::913,raw_data.xlsx,"Pyn Elite Fund thoái vốn, cổ phiếu Gỗ Đức Thành (GDT) lập đỉnh lịch sử",3,positive,2,1.0,train,Pyn_Elite_Fund thoái vốn cổ_phiếu Gỗ_Đức_Thành_GDT lập đỉnh lịch_sử,70,67,15,8,False,False,False
raw_data.xlsx::914,raw_data.xlsx,"Khối ngoại trở lại mua ròng, VN-Index lập đỉnh lịch sử trong phiên 1/4",3,positive,2,1.0,train,Khối ngoại trở_lại mua ròng VN Index lập đỉnh lịch_sử trong phiên 1 4,70,69,14,14,False,False,False
raw_data.xlsx::915,raw_data.xlsx,"Nam Long và công ty con đã bán xong hơn 21 triệu cổ phiếu, thu về gần 700 tỷ để mở rộng quỹ đất",3,positive,2,1.0,train,Nam_Long và công_ty con đã bán xong hơn 21 triệu cổ_phiếu thu về gần 700 tỷ để mở_rộng quỹ đất,95,94,24,20,False,False,False
raw_data.xlsx::916,raw_data.xlsx,"Dabaco: Quý 1/2021 lãi trước thuế 407 tỷ đồng, tăng 8,8% cùng kỳ 2020",3,positive,2,1.0,train,Dabaco_Quý 1 2021 lãi trước thuế 407 tỷ đồng tăng 8 8 cùng kỳ 2020,69,66,14,15,False,False,False
raw_data.xlsx::917,raw_data.xlsx,"Hết quý I, chiêm nghiệm lời “tiên đoán” của cựu Chủ tịch LienViet PostBank: Chứng khoán không ""sập"" mà chạm ngưỡng lịch sử, BĐS “sốt” khắp nơi",3,positive,2,1.0,train,Hết quý I chiêm_nghiệm lời tiên_đoán của cựu Chủ_tịch LienViet_PostBank_Chứng khoán không sập mà chạm ngưỡng lịch_sử BĐS sốt khắp_nơi,142,133,27,20,False,False,False
raw_data.xlsx::918,raw_data.xlsx,"Khối ngoại bán ròng hơn 14.000 tỷ đồng chỉ trong quý 1, gần bằng lực bán ròng trong cả năm 2020",1,negative,0,-1.0,train,Khối ngoại bán ròng hơn 14 000 tỷ đồng chỉ trong quý 1 gần bằng lực bán ròng trong cả năm 2020,95,94,21,22,False,False,False
raw_data.xlsx::919,raw_data.xlsx,"ĐHĐCĐ Masan: VinCommerce đặt mục tiêu có lãi ""mỏng"" trong năm nay",2,neutral,1,0.0,val,ĐHĐCĐ Masan_VinCommerce đặt mục_tiêu có lãi mỏng trong năm nay,65,62,12,10,False,False,False
raw_data.xlsx::920,raw_data.xlsx,"Bùng nổ trong ngày đầu tháng 4, VN-Index lên mức cao nhất trong lịch sử",3,positive,2,1.0,train,Bùng_nổ trong ngày đầu tháng 4 VN Index lên mức cao nhất trong lịch_sử,71,70,15,14,False,False,False
raw_data.xlsx::921,raw_data.xlsx,Ông Vũ Bằng: Cơ hội để VN-Index vươn lên 1.300 -1.400 điểm trong năm 2021 là khó,1,negative,0,-1.0,train,Ông Vũ_Bằng_Cơ hội để VN Index vươn lên 1 300 1 400 điểm trong năm 2021 là khó,80,78,17,18,False,False,False
raw_data.xlsx::922,raw_data.xlsx,FPT phát hành cổ phiếu ESOP cho lãnh đạo cấp cao trị giá khoảng 100 tỷ đồng,3,positive,2,1.0,train,FPT phát_hành cổ_phiếu ESOP cho lãnh_đạo cấp cao trị_giá khoảng 100 tỷ đồng,75,75,17,13,False,False,False
raw_data.xlsx::923,raw_data.xlsx,"FIT giảm 30% từ đầu năm, một lãnh đạo công ty vẫn quyết bán hơn 4 triệu cổ phiếu để lấy vốn đầu tư",1,negative,0,-1.0,train,FIT giảm 30 từ đầu năm một lãnh_đạo công_ty vẫn quyết bán hơn 4 triệu cổ_phiếu để lấy vốn đầu_tư,98,96,24,20,False,False,False
raw_data.xlsx::924,raw_data.xlsx,"FIT, KDH, NVL, HDC, TDG, GDT, TEG, AGG, HVG, DID, CCA, TS4: Thông tin giao dịch lượng lớn cổ phiếu",2,neutral,1,0.0,train,FIT KDH NVL HDC TDG GDT TEG AGG HVG DID CCA TS4 Thông_tin giao_dịch lượng lớn cổ_phiếu,98,86,20,17,False,False,False
raw_data.xlsx::925,raw_data.xlsx,"Sau nửa năm làm cổ đông lớn, 1 lãnh đạo của Hùng Vương (HVG) lại đăng ký bán ra gần 37 triệu cổ phiếu HVG",1,negative,0,-1.0,train,Sau nửa năm làm cổ_đông lớn 1 lãnh_đạo của Hùng_Vương_HVG lại đăng_ký bán ra gần 37 triệu cổ_phiếu HVG,105,102,25,19,False,False,False
raw_data.xlsx::926,raw_data.xlsx,FPT tổ chức đại hội cổ đông 2021 theo hình thức 100% trực tuyến,2,neutral,1,0.0,train,FPT tổ_chức đại_hội cổ_đông 2021 theo hình_thức 100 trực_tuyến,63,62,14,9,False,False,False
raw_data.xlsx::927,raw_data.xlsx,Lịch sự kiện và tin vắn chứng khoán ngày 1/4,2,neutral,1,0.0,val,Lịch_sự kiện và tin_vắn chứng_khoán ngày 1 4,44,44,10,8,False,False,False
raw_data.xlsx::928,raw_data.xlsx,"DIC Corp (DIG) điều chỉnh tăng 80 tỷ đồng lợi nhuận sau thuế sau kiểm toán, lên 722 tỷ đồng",3,positive,2,1.0,train,DIC Corp_DIG điều_chỉnh tăng 80 tỷ đồng lợi_nhuận sau thuế sau kiểm_toán lên 722 tỷ đồng,91,88,20,16,False,False,False
raw_data.xlsx::929,raw_data.xlsx,"Trong 10 năm qua, chứng khoán Việt Nam có xác suất giảm điểm cao nhất vào quý 2",1,negative,0,-1.0,test,Trong 10 năm qua chứng_khoán Việt_Nam có xác_suất giảm điểm_cao nhất vào quý 2,79,78,18,14,False,False,False
raw_data.xlsx::930,raw_data.xlsx,BĐS Phát Đạt (PDR) triển khai phương án phát hành 51 triệu cổ phiếu trả cổ tức,3,positive,2,1.0,train,BĐS Phát_Đạt PDR triển_khai phương_án phát_hành 51 triệu cổ_phiếu trả cổ_tức,78,76,17,11,False,False,False
raw_data.xlsx::931,raw_data.xlsx,"Nhựa Đông Á (DAG) phát hành 7,77 triệu cổ phiếu thưởng tỷ lệ 15%",3,positive,2,1.0,train,Nhựa_Đông_Á_DAG phát_hành 7 77 triệu cổ_phiếu thưởng tỷ_lệ 15,64,61,14,9,False,False,False
raw_data.xlsx::932,raw_data.xlsx,"Hoa Sen (HSG): Lại trình kế hoạch mua 22 triệu cổ phiếu quỹ, thực hiện từ nay đến tháng1/2022",3,positive,2,1.0,train,Hoa_Sen_HSG_Lại trình kế_hoạch mua 22 triệu cổ_phiếu quỹ thực_hiện từ nay đến tháng1 2022,93,89,19,14,False,False,False
raw_data.xlsx::933,raw_data.xlsx,"Nguyên Chủ tịch UBCKNN Vũ Bằng: Các sở không cải cách quản trị, đề xuất cổ phần hoá Sở Giao dịch Chứng khoán",2,neutral,1,0.0,train,Nguyên Chủ_tịch UBCKNN Vũ_Bằng_Các sở không cải_cách quản_trị đề_xuất cổ_phần_hoá Sở_Giao_dịch Chứng_khoán,108,106,23,12,False,False,False
raw_data.xlsx::934,raw_data.xlsx,VCSC: Khối ngoại bán ròng và COVID-19 là những yếu tố tiêu cực tác động lên thị trường trong tháng 4,1,negative,0,-1.0,train,VCSC Khối ngoại bán ròng và COVID 19 là những yếu_tố tiêu_cực tác_động lên thị_trường trong tháng 4,100,99,21,18,False,False,False
raw_data.xlsx::935,raw_data.xlsx,"VN-Index vượt mốc 1.190 điểm, khối ngoại vẫn bán ròng hơn 230 tỷ đồng trong phiên 31/3",1,negative,0,-1.0,train,VN Index vượt mốc 1 190 điểm khối ngoại vẫn bán ròng hơn 230 tỷ đồng trong phiên 31 3,86,85,17,20,False,False,False
raw_data.xlsx::936,raw_data.xlsx,"D2D đặt kế hoạch lãi đi ngang với 268 tỷ đồng năm 2021, đề xuất chia cổ tức năm 2020 tỷ lệ 35%",3,positive,2,1.0,train,D2D đặt kế_hoạch lãi đi ngang với 268 tỷ đồng năm 2021 đề_xuất chia cổ_tức năm 2020 tỷ_lệ 35,94,92,23,19,False,False,False
raw_data.xlsx::937,raw_data.xlsx,"Chứng khoán Đại Nam (DNSE) điều chỉnh kế hoạch tăng vốn, đặt kế hoạch lên sàn niêm yết",3,positive,2,1.0,train,Chứng_khoán Đại_Nam_DNSE điều_chỉnh kế_hoạch tăng vốn đặt kế_hoạch lên sàn niêm_yết,86,83,18,11,False,False,False
raw_data.xlsx::938,raw_data.xlsx,"STB, MSN tăng mạnh, VnIndex lên mốc 1.191 điểm",3,positive,2,1.0,test,STB MSN tăng mạnh VnIndex lên mốc 1 191 điểm,46,44,9,10,False,False,False
raw_data.xlsx::939,raw_data.xlsx,Vì sao khối ngoại bán ròng giá trị hàng tỷ USD tại Việt Nam trong hơn một năm qua?,1,negative,0,-1.0,train,Vì sao khối ngoại bán ròng giá_trị hàng tỷ USD tại Việt_Nam trong hơn một năm qua,82,81,19,17,False,False,False
raw_data.xlsx::940,raw_data.xlsx,Sợi Thế Kỷ (STK) đặt kế hoạch lãi sau thuế năm 2021 tăng 72%,3,positive,2,1.0,train,Sợi_Thế_Kỷ_STK đặt kế_hoạch lãi sau thuế năm 2021 tăng 72,60,57,14,10,False,False,False
raw_data.xlsx::941,raw_data.xlsx,Loạt lãnh đạo của XNK Quảng Bình bất ngờ đăng ký bán sạch gần 10 cổ phiếu QBS đang sở hữu,1,negative,0,-1.0,train,Loạt lãnh_đạo của XNK Quảng_Bình bất_ngờ đăng_ký bán sạch gần 10 cổ_phiếu QBS đang sở_hữu,89,89,21,15,False,False,False
raw_data.xlsx::942,raw_data.xlsx,"ĐHCĐ Traphaco: Gia tăng tỷ trọng mảng tân dược, ước lãi quý 1 tăng trưởng 33%",3,positive,2,1.0,train,ĐHCĐ Traphaco_Gia tăng tỷ_trọng mảng tân_dược ước lãi quý 1 tăng_trưởng 33,77,74,16,12,False,False,False
raw_data.xlsx::943,raw_data.xlsx,"Những cơn ""sốt"" trên thị trường bất động sản, chứng khoán và tác động không mong muốn của chính sách tiền tệ",2,neutral,1,0.0,train,Những cơn_sốt trên thị_trường bất_động_sản chứng_khoán và tác_động không mong_muốn của chính_sách tiền_tệ,108,105,22,13,False,False,False
raw_data.xlsx::944,raw_data.xlsx,"Có 300 triệu đồng, muốn đầu tư chứng khoán mà không có thời gian xem bảng giá thì phải làm sao?",2,neutral,1,0.0,train,Có 300 triệu đồng muốn đầu_tư chứng_khoán mà không có thời_gian xem bảng giá thì phải làm_sao,95,93,21,17,False,False,False
raw_data.xlsx::945,raw_data.xlsx,"CII, VNE, SGR, QBS, CSC, AME, VIG, IMP, MRF, ADG, HFB: Thông tin giao dịch lượng lớn cổ phiếu",2,neutral,1,0.0,train,CII VNE SGR QBS CSC AME VIG IMP MRF ADG HFB Thông_tin giao_dịch lượng lớn cổ_phiếu,93,82,19,16,False,False,False
raw_data.xlsx::946,raw_data.xlsx,Lịch sự kiện và tin vắn chứng khoán ngày 31/03,2,neutral,1,0.0,test,Lịch_sự kiện và tin_vắn chứng_khoán ngày 31 03,46,46,10,8,False,False,False
raw_data.xlsx::947,raw_data.xlsx,Archegos: Từ quỹ đầu cơ vô danh đến vụ nổ gây sốc ở Phố Wall,2,neutral,1,0.0,test,Archegos_Từ quỹ đầu_cơ vô_danh đến vụ nổ gây sốc ở Phố Wall,60,59,15,12,False,False,False
raw_data.xlsx::948,raw_data.xlsx,"Cổ phiếu SSB tím trần liên tiếp, sức hút nhờ đâu?",3,positive,2,1.0,train,Cổ_phiếu SSB tím trần liên_tiếp sức hút nhờ đâu,49,47,11,9,False,False,False
raw_data.xlsx::949,raw_data.xlsx,"Bảo hiểm Bưu điện: Phó Chủ tịch HĐQT không nhận lương nhưng được trả gần 3 tỷ tiền thuê nhà, học phí cho con và các chi phí hoạt động khác",2,neutral,1,0.0,train,Bảo_hiểm Bưu_điện Phó Chủ_tịch HĐQT không nhận lương nhưng được trả gần 3 tỷ tiền thuê nhà học_phí cho con và các chi_phí hoạt_động khác,138,136,31,25,False,False,False
raw_data.xlsx::950,raw_data.xlsx,"Hoàng Huy (HHS): Kế hoạch lãi sau thuế 200 tỷ đồng năm 2021, thông qua quyết định chuyển sàn tạm thời sang HNX",2,neutral,1,0.0,val,Hoàng_Huy_HHS Kế_hoạch lãi sau thuế 200 tỷ đồng năm 2021 thông_qua quyết_định chuyển sàn tạm_thời sang HNX,110,106,23,17,False,False,False
raw_data.xlsx::951,raw_data.xlsx,Vụ quỹ đầu tư Archegos sụp đổ: Vì sao Goldman Sachs và Morgan Stanley có thể thoát hàng còn Nomura và Credit Suisse cay đắng chịu lỗ hàng tỷ USD chỉ trong vài ngày?,1,negative,0,-1.0,test,Vụ quỹ đầu_tư Archegos sụp_đổ Vì sao Goldman_Sachs và Morgan_Stanley có_thể thoát hàng còn Nomura và Credit_Suisse cay_đắng chịu lỗ hàng tỷ USD chỉ trong vài ngày,164,162,34,27,False,False,False
raw_data.xlsx::952,raw_data.xlsx,"FPT đã vào khảo sát hệ thống HoSE, Bộ Tài chính thành lập Ban Chỉ đạo xử lý sự cố nghẽn lệnh",3,positive,2,1.0,train,FPT đã vào khảo_sát hệ_thống HoSE_Bộ_Tài chính thành_lập Ban Chỉ_đạo xử_lý sự_cố nghẽn lệnh,92,91,22,14,False,False,False
raw_data.xlsx::953,raw_data.xlsx,FTSE Russell giữ Việt Nam ở lại trong danh sách theo dõi nâng hạng thị trường mới nổi,3,positive,2,1.0,train,FTSE Russell giữ Việt_Nam ở lại trong danh_sách theo_dõi nâng hạng thị_trường mới nổi,85,85,18,14,False,False,False
raw_data.xlsx::954,raw_data.xlsx,"HoSE đặt kế hoạch lãi 648 tỷ đồng trong năm 2021, tập trung triển khai hệ thống KRX",3,positive,2,1.0,train,HoSE đặt kế_hoạch lãi 648 tỷ đồng trong năm 2021 tập_trung triển_khai hệ_thống KRX,83,82,18,14,False,False,False
raw_data.xlsx::955,raw_data.xlsx,"Dat Xanh Services chính thức chào bán 71,66 triệu cổ phiếu",3,positive,2,1.0,train,Dat_Xanh_Services chính_thức chào_bán 71 66 triệu cổ_phiếu,58,58,11,7,False,False,False
raw_data.xlsx::956,raw_data.xlsx,"Thị trường tăng mạnh, khối ngoại vẫn bán ròng gần 200 tỷ đồng trong phiên 30/3",1,negative,0,-1.0,train,Thị_trường tăng mạnh khối ngoại vẫn bán ròng gần 200 tỷ đồng trong phiên 30 3,78,77,16,16,False,False,False
raw_data.xlsx::957,raw_data.xlsx,"CVT chi trả cổ tức bằng tiền tỷ lệ 20%, mua 3,6 triệu cổ phiếu sau khi lộ diện cổ đông chi phối",3,positive,2,1.0,train,CVT chi_trả cổ_tức bằng tiền tỷ_lệ 20 mua 3 6 triệu cổ_phiếu sau khi lộ diện cổ_đông chi_phối,95,93,23,18,False,False,False
raw_data.xlsx::958,raw_data.xlsx,SSI Research: TCM và 4 cổ phiếu ngân hàng sẽ được thêm mới vào rổ VNDiamond trong kỳ review tháng 4,3,positive,2,1.0,train,SSI Research_TCM và 4 cổ_phiếu ngân_hàng sẽ được thêm mới vào rổ VNDiamond trong kỳ review tháng 4,99,98,21,18,False,False,False
raw_data.xlsx::959,raw_data.xlsx,"Tỷ phú Quang: Ít nhất 50% số cửa hàng VinMart sẽ bắt đầu triển khai dịch vụ tài chính trong năm nay, đối tác đã rất rõ ràng là Techcombank",2,neutral,1,0.0,train,Tỷ_phú Quang_Ít nhất 50 số cửa_hàng VinMart sẽ bắt_đầu triển_khai dịch_vụ tài_chính trong năm nay đối_tác đã rất rõ_ràng là Techcombank,138,135,30,21,False,False,False
raw_data.xlsx::960,raw_data.xlsx,"Vicostone (VCS) đặt kế hoạch lãi trước thuế năm 2021 tăng trưởng 15%, lên mức 1.919 tỷ đồng",3,positive,2,1.0,train,Vicostone_VCS đặt kế_hoạch lãi trước thuế năm 2021 tăng_trưởng 15 lên mức 1 919 tỷ đồng,91,87,18,16,False,False,False
raw_data.xlsx::961,raw_data.xlsx,Cổ phiếu Việt Nam nào hưởng lợi từ sự kiện tắc nghẽn kênh đào Suez?,2,neutral,1,0.0,test,Cổ_phiếu Việt_Nam nào hưởng lợi từ sự_kiện tắc_nghẽn kênh đào Suez,67,66,15,11,False,False,False
raw_data.xlsx::962,raw_data.xlsx,HOSE chính thức lên tiếng về tình trạng quá tải hệ thống và giải pháp khắc phục,2,neutral,1,0.0,train,HOSE chính_thức lên_tiếng về tình_trạng quá_tải hệ_thống và giải_pháp khắc_phục,79,79,17,10,False,False,False
raw_data.xlsx::963,raw_data.xlsx,"STB tăng trần với khối lượng khớp lệnh 100 triệu đơn vị, VN-Index bứt phá hơn 10 điểm",3,positive,2,1.0,train,STB tăng trần với khối_lượng khớp lệnh 100 triệu đơn_vị VN Index bứt_phá hơn 10 điểm,85,84,18,16,False,False,False
raw_data.xlsx::964,raw_data.xlsx,"Chủ tịch REE - bà Nguyễn Thị Mai Thanh: Năm 2021 cơ hội M&A cực kỳ lớn, dù cổ phiếu tăng phi mã nhưng vẫn chưa phản ánh đúng giá trị Công ty",2,neutral,1,0.0,train,Chủ_tịch REE bà Nguyễn_Thị_Mai_Thanh Năm 2021 cơ_hội M A cực_kỳ lớn dù cổ_phiếu tăng phi_mã nhưng vẫn chưa phản_ánh đúng giá_trị Công_ty,140,136,33,22,False,False,False
raw_data.xlsx::965,raw_data.xlsx,Bối cảnh kinh tế vĩ mô và tác động tới thị trường chứng khoán Việt Nam,2,neutral,1,0.0,train,Bối_cảnh kinh_tế vĩ_mô và tác_động tới thị_trường_chứng_khoán Việt_Nam,70,70,16,8,False,False,False
raw_data.xlsx::966,raw_data.xlsx,Lịch chốt quyền nhận cổ tức bằng tiền của 5 doanh nghiệp,3,positive,2,1.0,train,Lịch chốt quyền nhận cổ_tức bằng tiền của 5 doanh_nghiệp,56,56,12,10,False,False,False
raw_data.xlsx::967,raw_data.xlsx,"ELC, QBS, HDC, VSC, TCO, PSG, DND, VNT, INC, C32: Thông tin giao dịch lượng lớn cổ phiếu",2,neutral,1,0.0,train,ELC QBS HDC VSC TCO PSG DND VNT INC C32 Thông_tin giao_dịch lượng lớn cổ_phiếu,88,78,18,15,False,False,False
raw_data.xlsx::968,raw_data.xlsx,Lý do nhà đầu tư bỗng quan tâm đến công ty chứng khoán vốn ngoại này,2,neutral,1,0.0,train,Lý_do nhà_đầu_tư bỗng quan_tâm đến công_ty chứng_khoán vốn ngoại này,68,68,16,10,False,False,False
raw_data.xlsx::969,raw_data.xlsx,Lịch sự kiện và tin vắn chứng khoán ngày 30/03,2,neutral,1,0.0,val,Lịch_sự kiện và tin_vắn chứng_khoán ngày 30 03,46,46,10,8,False,False,False
raw_data.xlsx::970,raw_data.xlsx,"Đất Xanh (DXG): Năm 2020 chưa ""book"" kịp lợi nhuận, năm 2021 dự đạt lãi sau thuế 1.600-1.700 tỷ đồng",3,positive,2,1.0,val,Đất Xanh_DXG_Năm 2020 chưa book kịp lợi_nhuận năm 2021 dự đạt lãi sau thuế 1 600 1 700 tỷ đồng,100,94,20,20,False,False,False
raw_data.xlsx::971,raw_data.xlsx,"Tổng huy động vốn trên TTCK trong quý 1 đạt 55.562 tỷ đồng, tăng 42% so với cùng kỳ năm trước",3,positive,2,1.0,train,Tổng huy_động vốn trên TTCK trong quý 1 đạt 55 562 tỷ đồng tăng 42 so với cùng kỳ năm trước,93,91,21,21,False,False,False
raw_data.xlsx::972,raw_data.xlsx,"Đất Xanh Services (DXS): IPO với giá 32.000 đồng/cp, nhà đầu tư đăng ký mua trên 10.000 cổ phiếu sẽ được mua nhà ưu đãi",2,neutral,1,0.0,train,Đất Xanh_Services_DXS_IPO với giá 32 000 đồng cp nhà_đầu_tư đăng_ký mua trên 10 000 cổ_phiếu sẽ được mua nhà ưu_đãi,119,115,25,20,False,False,False
raw_data.xlsx::973,raw_data.xlsx,"Sự kiện chấn động phố Wall: 1 quỹ đầu tư cháy tài khoản, hàng loạt ngân hàng lừng danh bị liên lụy, tạo ra cơn bán tháo lớn nhất trong lịch sử",1,negative,0,-1.0,train,Sự_kiện chấn_động phố Wall 1 quỹ đầu_tư cháy tài_khoản hàng_loạt ngân_hàng lừng_danh bị liên_luỵ tạo ra cơn bán_tháo lớn nhất trong lịch_sử,142,139,32,22,False,False,False
raw_data.xlsx::974,raw_data.xlsx,"HoSE: Môi giới tuyên truyền sai tình trạng quá tải, yêu cầu sếp CTCK giám sát nhân viên",1,negative,0,-1.0,val,HoSE_Môi giới tuyên_truyền sai tình_trạng quá_tải yêu_cầu sếp CTCK giám_sát nhân_viên,87,85,18,11,False,False,False
raw_data.xlsx::975,raw_data.xlsx,"Thị trường hồi phục, khối ngoại vẫn bán ròng 180 tỷ đồng trong phiên 29/3",1,negative,0,-1.0,val,Thị_trường hồi_phục khối ngoại vẫn bán ròng 180 tỷ đồng trong phiên 29 3,73,72,15,14,False,False,False
raw_data.xlsx::976,raw_data.xlsx,IDJ tặng đêm nghỉ 5 sao cho tất cả cổ đông,2,neutral,1,0.0,val,IDJ tặng đêm nghỉ 5 sao cho tất_cả cổ_đông,42,42,11,9,False,False,False
raw_data.xlsx::977,raw_data.xlsx,"ĐHCĐ TEC Group (TEG): Đặt kế hoạch lợi nhuận năm 2021 gấp 11 lần, phát hành tăng vốn mua cổ phần công ty Năng lượng Trường Thành",3,positive,2,1.0,train,ĐHCĐ TEC Group_TEG_Đặt kế_hoạch lợi_nhuận năm 2021 gấp 11 lần phát_hành tăng vốn mua cổ_phần công_ty Năng_lượng Trường_Thành,128,124,27,18,False,False,False
raw_data.xlsx::978,raw_data.xlsx,"Lọc hoá dầu Bình Sơn (BSR) ước lợi nhuận quý 1 đạt 1.803 tỷ, gấp đôi kế hoạch năm",3,positive,2,1.0,train,Lọc hoá_dầu Bình_Sơn BSR ước lợi_nhuận quý 1 đạt 1 803 tỷ gấp đôi kế_hoạch năm,81,78,19,16,False,False,False
raw_data.xlsx::979,raw_data.xlsx,"“Đầu tư chứng khoán, cần bớt để ý đến Vn-Index”",2,neutral,1,0.0,train,Đầu_tư chứng_khoán cần bớt để_ý đến Vn Index,47,44,10,8,False,False,False
raw_data.xlsx::980,raw_data.xlsx,Lịch sự kiện và tin vắn chứng khoán ngày 29/03,2,neutral,1,0.0,train,Lịch_sự kiện và tin_vắn chứng_khoán ngày 29 03,46,46,10,8,False,False,False
raw_data.xlsx::981,raw_data.xlsx,Thị trường chứng khoán Việt Nam có sức phục hồi mạnh nhất Đông Nam Á và lọt Top 10 thế giới,3,positive,2,1.0,train,Thị_trường_chứng_khoán Việt_Nam có sức phục_hồi mạnh nhất Đông_Nam_Á và lọt Top 10 thế_giới,91,91,21,13,False,False,False
raw_data.xlsx::982,raw_data.xlsx,"Điểm danh những doanh nghiệp chốt quyền nhận cổ tức bằng tiền, bằng cổ phiếu và cổ phiếu thưởng tuần từ 29/3-2/4",3,positive,2,1.0,train,Điểm_danh những doanh_nghiệp chốt quyền nhận cổ_tức bằng tiền bằng cổ_phiếu và cổ_phiếu thưởng tuần từ 29 3 2 4,112,111,22,20,False,False,False
raw_data.xlsx::983,raw_data.xlsx,"MBS: “VN-Index tiếp tục kịch bản sideway, nhà đầu tư ưu tiên gia tăng tỷ trọng tiền mặt”",1,negative,0,-1.0,train,MBS VN Index tiếp_tục kịch_bản sideway nhà_đầu_tư ưu_tiên gia_tăng tỷ_trọng tiền_mặt,88,84,18,11,False,False,False
raw_data.xlsx::984,raw_data.xlsx,Xu thế dòng tiền: Lợi nhuận quý 1 sẽ là bệ đỡ,1,negative,0,-1.0,train,Xu_thế dòng tiền Lợi_nhuận quý 1 sẽ là bệ đỡ,45,44,12,10,False,False,False
raw_data.xlsx::985,raw_data.xlsx,"Thị giá tăng gấp 5 lần sau khi trở thành cổ đông lớn, cựu sếp Prime Group đang nắm giữ lượng cổ phiếu TCM trị giá gần 900 tỷ đồng",3,positive,2,1.0,test,Thị_giá tăng gấp 5 lần sau khi trở_thành cổ_đông lớn cựu sếp Prime_Group đang nắm giữ lượng cổ_phiếu TCM trị_giá gần 900 tỷ đồng,129,128,30,24,False,False,False
raw_data.xlsx::986,raw_data.xlsx,"KBC, SGR, BVG, C47, CVT, NHA, GMA, DIH, HAS, EFI, VHD, SOV: Thông tin giao dịch lượng lớn cổ phiếu",2,neutral,1,0.0,test,KBC SGR BVG C47 CVT NHA GMA DIH HAS EFI VHD SOV Thông_tin giao_dịch lượng lớn cổ_phiếu,98,86,20,17,False,False,False
raw_data.xlsx::987,raw_data.xlsx,"Sự thật trần trụi về các nhân viên ngân hàng đầu tư phố Wall: Làm việc 'bán mạng' 100 giờ/tuần để đổi lấy mức lương 160.000 USD/năm, bị gọi là 'công nhân tài chính'",2,neutral,1,0.0,train,Sự_thật trần_trụi về các nhân_viên ngân_hàng đầu_tư phố Wall_Làm việc bán_mạng 100 giờ tuần để đổi lấy mức lương 160 000 USD năm bị gọi là công_nhân tài_chính,164,158,34,28,False,False,False
raw_data.xlsx::988,raw_data.xlsx,Thành bại tại margin,2,neutral,1,0.0,train,Thành_bại tại margin,20,20,4,3,False,False,False
raw_data.xlsx::989,raw_data.xlsx,"Khối ngoại giảm bán ròng trong tuần từ 22-26/3 nhờ thỏa thuận mạnh VIC, MSB và GAS",3,positive,2,1.0,train,Khối ngoại giảm bán ròng trong tuần từ 22 26 3 nhờ thoả_thuận mạnh VIC MSB và GAS,82,81,17,18,False,False,False
raw_data.xlsx::990,raw_data.xlsx,"Nhà đầu tư chú ý, 4 doanh nghiệp tiên phong chuyển sàn tạm từ HoSE sang HNX sẽ giao dịch phiên đầu vào tuần sau",2,neutral,1,0.0,train,Nhà_đầu_tư chú_ý 4 doanh_nghiệp tiên_phong chuyển sàn tạm từ HoSE sang HNX sẽ giao_dịch phiên đầu vào tuần sau,111,110,25,19,False,False,False
raw_data.xlsx::991,raw_data.xlsx,"Công suất điện của Gelex sẽ tăng gấp đôi lên 240MW, mảng cáp điện có thể gặp khó do giá đồng",1,negative,0,-1.0,test,Công_suất điện của Gelex sẽ tăng gấp đôi lên 240MW mảng cáp điện có_thể gặp khó do giá đồng,92,91,21,19,False,False,False
raw_data.xlsx::992,raw_data.xlsx,"Thị phần sữa đậu nành nhảy vọt lên 86% nhưng Vinasoy đang bị thách thức lớn trước ""cơn sốt"" tăng giá nông sản thế giới",1,negative,0,-1.0,train,Thị_phần sữa_đậu_nành nhảy_vọt lên 86 nhưng Vinasoy đang bị thách_thức lớn trước cơn_sốt tăng_giá nông_sản thế_giới,118,115,25,16,False,False,False
raw_data.xlsx::993,raw_data.xlsx,"Cổ phiếu tăng phi mã từ 20.000 lên 100.000 đồng, lãnh đạo TCM cho biết đã “full” đơn hàng đến hết tháng 7",3,positive,2,1.0,train,Cổ_phiếu tăng phi_mã từ 20 000 lên 100 000 đồng lãnh_đạo TCM cho biết đã full đơn hàng đến hết tháng 7,105,102,23,22,False,False,False
raw_data.xlsx::994,raw_data.xlsx,"Lợi nhuận tăng gấp đôi, một cổ phiếu ngành giấy có EPS hơn 12.000 đồng, PE 5 lần",3,positive,2,1.0,train,Lợi_nhuận tăng gấp đôi một cổ_phiếu ngành giấy có EPS hơn 12 000 đồng PE 5 lần,80,78,18,17,False,False,False
raw_data.xlsx::995,raw_data.xlsx,"PNJ tăng cổ tức năm 2020 lên 20%, đặt kế hoạch lợi nhuận 1.230 tỷ đồng trong năm 2021",3,positive,2,1.0,train,PNJ tăng cổ_tức năm 2020 lên 20 đặt kế_hoạch lợi_nhuận 1 230 tỷ đồng trong năm 2021,85,83,19,17,False,False,False
raw_data.xlsx::996,raw_data.xlsx,Khi nào vốn ngoại hết đảo chiều?,2,neutral,1,0.0,train,Khi nào vốn ngoại hết đảo chiều,32,31,7,7,False,False,False
raw_data.xlsx::997,raw_data.xlsx,Ông Petri Deryng: “VN-Index đạt 1.500 điểm vào cuối năm 2021 là con số hợp lý”,3,positive,2,1.0,train,Ông Petri_Deryng VN Index đạt 1 500 điểm vào cuối năm 2021 là con_số hợp_lý,78,75,16,15,False,False,False
raw_data.xlsx::998,raw_data.xlsx,Gang thép Thái Nguyên (TIS) đặt kế hoạch LNTT tăng 40% lên 49 tỷ đồng,3,positive,2,1.0,train,Gang_thép Thái_Nguyên TIS đặt kế_hoạch LNTT tăng 40 lên 49 tỷ đồng,69,66,15,12,False,False,False
raw_data.xlsx::999,raw_data.xlsx,Thế giới Di động (MWG): Lợi nhuận 2 tháng đầu năm tăng 18% lên 999 tỷ đồng trong khi doanh thu của ĐMX và TGDĐ không tăng trưởng,3,positive,2,1.0,val,Thế_giới Di_động MWG Lợi_nhuận 2 tháng đầu năm tăng 18 lên 999 tỷ đồng trong khi doanh_thu của ĐMX và TGDĐ không tăng_trưởng,128,124,28,23,False,False,False
raw_data.xlsx::1000,raw_data.xlsx,"Kỳ vọng cược tàu vẫn ở mức cao, Hải An (HAH) đặt kế hoạch lợi nhuận tăng 8% lên 158 tỷ đồng",3,positive,2,1.0,val,Kỳ_vọng cược tàu vẫn ở mức cao Hải_An_HAH đặt kế_hoạch lợi_nhuận tăng 8 lên 158 tỷ đồng,91,87,22,17,False,False,False
raw_data.xlsx::1001,raw_data.xlsx,Giá dầu tăng mạnh tác động ra sao tới cổ phiếu dầu khí?,2,neutral,1,0.0,test,Giá dầu tăng mạnh tác_động ra sao tới cổ_phiếu dầu_khí,55,54,13,10,False,False,False
raw_data.xlsx::1002,raw_data.xlsx,"Lãnh đạo yếu kém, mâu thuẫn nội bộ khiến cổ đông lớn của 1 doanh nghiệp phải triệu tập ĐHĐCĐ bất thường để thay tướng",1,negative,0,-1.0,train,Lãnh_đạo yếu_kém mâu_thuẫn nội_bộ khiến cổ_đông lớn của 1 doanh_nghiệp phải triệu_tập ĐHĐCĐ bất_thường để thay tướng,117,116,25,17,False,False,False
raw_data.xlsx::1003,raw_data.xlsx,VCSC đón nhận chuỗi giải thưởng quốc tế danh giá,3,positive,2,1.0,train,VCSC đón_nhận chuỗi giải_thưởng quốc_tế danh_giá,48,48,10,6,False,False,False
raw_data.xlsx::1004,raw_data.xlsx,[Nhịp đập phái sinh phiên 26/03] Phiên chốt tuần cao trào cảm xúc,1,negative,0,-1.0,test,Nhịp đập phái_sinh phiên 26 03 Phiên chốt tuần cao_trào cảm_xúc,65,63,13,11,False,False,False
