Model,Symbol,Horizon,Epoch_000_TrainLoss,Epoch_000_ValLoss,Epoch_000_ValClean,Epoch_000_PredMean,Epoch_000_PredPos%,Epoch_000_PredNeg%,Epoch_001_TrainLoss,Epoch_001_ValLoss,Epoch_001_ValClean,Epoch_001_PredMean,Epoch_001_PredPos%,Epoch_001_PredNeg%,Epoch_002_TrainLoss,Epoch_002_ValLoss,Epoch_002_ValClean,Epoch_002_PredMean,Epoch_002_PredPos%,Epoch_002_PredNeg%,Epoch_003_TrainLoss,Epoch_003_ValLoss,Epoch_003_ValClean,Epoch_003_PredMean,Epoch_003_PredPos%,Epoch_003_PredNeg%,Epoch_004_TrainLoss,Epoch_004_ValLoss,Epoch_004_ValClean,Epoch_004_PredMean,Epoch_004_PredPos%,Epoch_004_PredNeg%,Epoch_005_TrainLoss,Epoch_005_ValLoss,Epoch_005_ValClean,Epoch_005_PredMean,Epoch_005_PredPos%,Epoch_005_PredNeg%,Epoch_006_TrainLoss,Epoch_006_ValLoss,Epoch_006_ValClean,Epoch_006_PredMean,Epoch_006_PredPos%,Epoch_006_PredNeg%,Epoch_007_TrainLoss,Epoch_007_ValLoss,Epoch_007_ValClean,Epoch_007_PredMean,Epoch_007_PredPos%,Epoch_007_PredNeg%,Epoch_008_TrainLoss,Epoch_008_ValLoss,Epoch_008_ValClean,Epoch_008_PredMean,Epoch_008_PredPos%,Epoch_008_PredNeg%,Epoch_009_TrainLoss,Epoch_009_ValLoss,Epoch_009_ValClean,Epoch_009_PredMean,Epoch_009_PredPos%,Epoch_009_PredNeg%,Epoch_010_TrainLoss,Epoch_010_ValLoss,Epoch_010_ValClean,Epoch_010_PredMean,Epoch_010_PredPos%,Epoch_010_PredNeg%,Epoch_011_TrainLoss,Epoch_011_ValLoss,Epoch_011_ValClean,Epoch_011_PredMean,Epoch_011_PredPos%,Epoch_011_PredNeg%,Epoch_012_TrainLoss,Epoch_012_ValLoss,Epoch_012_ValClean,Epoch_012_PredMean,Epoch_012_PredPos%,Epoch_012_PredNeg%,Epoch_013_TrainLoss,Epoch_013_ValLoss,Epoch_013_ValClean,Epoch_013_PredMean,Epoch_013_PredPos%,Epoch_013_PredNeg%,Epoch_014_TrainLoss,Epoch_014_ValLoss,Epoch_014_ValClean,Epoch_014_PredMean,Epoch_014_PredPos%,Epoch_014_PredNeg%,Epoch_015_TrainLoss,Epoch_015_ValLoss,Epoch_015_ValClean,Epoch_015_PredMean,Epoch_015_PredPos%,Epoch_015_PredNeg%,BestValLoss,FinalTrainLoss,FinalValLoss,FinalValClean,FinalPredMean,FinalPredPos%,FinalPredNeg%,TestMAE,TestRMSE,TestDA%,TestSharpe,Epoch_016_TrainLoss,Epoch_016_ValLoss,Epoch_016_ValClean,Epoch_016_PredMean,Epoch_016_PredPos%,Epoch_016_PredNeg%,Epoch_017_TrainLoss,Epoch_017_ValLoss,Epoch_017_ValClean,Epoch_017_PredMean,Epoch_017_PredPos%,Epoch_017_PredNeg%,Epoch_018_TrainLoss,Epoch_018_ValLoss,Epoch_018_ValClean,Epoch_018_PredMean,Epoch_018_PredPos%,Epoch_018_PredNeg%,Epoch_019_TrainLoss,Epoch_019_ValLoss,Epoch_019_ValClean,Epoch_019_PredMean,Epoch_019_PredPos%,Epoch_019_PredNeg%,Epoch_020_TrainLoss,Epoch_020_ValLoss,Epoch_020_ValClean,Epoch_020_PredMean,Epoch_020_PredPos%,Epoch_020_PredNeg%,Epoch_021_TrainLoss,Epoch_021_ValLoss,Epoch_021_ValClean,Epoch_021_PredMean,Epoch_021_PredPos%,Epoch_021_PredNeg%,Epoch_022_TrainLoss,Epoch_022_ValLoss,Epoch_022_ValClean,Epoch_022_PredMean,Epoch_022_PredPos%,Epoch_022_PredNeg%,Epoch_023_TrainLoss,Epoch_023_ValLoss,Epoch_023_ValClean,Epoch_023_PredMean,Epoch_023_PredPos%,Epoch_023_PredNeg%,Epoch_024_TrainLoss,Epoch_024_ValLoss,Epoch_024_ValClean,Epoch_024_PredMean,Epoch_024_PredPos%,Epoch_024_PredNeg%
LSTM Baseline,VCB,20,0.3010873036349521,0.031185181811451912,0.1114976778626442,0.08064059168100357,90.82568807339449,9.174311926605505,0.2967163775773609,0.037899550050497055,0.12808488309383392,0.05265682563185692,77.06422018348624,22.93577981651376,0.2854071864310433,0.05198807269334793,0.16391152143478394,0.022997986525297165,53.21100917431193,46.788990825688074,0.26187706957845125,0.07550767809152603,0.19416335225105286,0.03047380968928337,64.22018348623854,35.77981651376147,0.21067564627703497,0.17329886555671692,0.38890355825424194,0.27316683530807495,65.13761467889908,34.862385321100916,0.180198671624941,0.2766667902469635,0.43563514947891235,0.18554311990737915,59.63302752293578,40.36697247706422,0.14708702967447393,0.33535653352737427,0.4065766930580139,0.07184780389070511,53.21100917431193,46.788990825688074,0.1250233571319019,0.5053138732910156,0.5053138732910156,0.07371893525123596,50.45871559633027,49.54128440366973,0.09262114160639398,0.6231616735458374,0.6231616735458374,0.05343963950872421,55.96330275229357,44.03669724770643,0.08103031971875359,0.4656040370464325,0.4656040370464325,0.14357630908489227,55.96330275229357,44.03669724770643,0.0705944972441477,0.624570906162262,0.624570906162262,0.3240729570388794,62.38532110091744,37.61467889908257,0.058942666496424115,0.4700774550437927,0.4700774550437927,0.04363744705915451,50.45871559633027,49.54128440366973,0.04284051811213002,0.6130343079566956,0.6130343079566956,0.044684845954179764,56.88073394495413,43.11926605504588,0.038206913563258504,0.558422327041626,0.558422327041626,0.017919985577464104,50.45871559633027,49.54128440366973,0.03799411424380891,0.5655205249786377,0.5655205249786377,0.08746694028377533,55.96330275229357,44.03669724770643,0.03606566063621465,0.5932096242904663,0.5932096242904663,0.19573171436786652,59.63302752293578,40.36697247706422,0.1114976778626442,0.03606566063621465,0.5932096242904663,0.5932096242904663,0.19573171436786652,59.63302752293578,40.36697247706422,0.06607844746987095,0.0871665206427221,41.37931034482759,0.6614249388258899,,,,,,,,,,,,,,,,,,,,,,,,,,,,,,,,,,,,,,,,,,,,,,,,,,,,,,
LSTM Baseline,CTG,20,0.3251809696940815,0.1608140468597412,0.2607133388519287,0.180953711271286,100.0,0.0,0.31746380031108856,0.15750384330749512,0.2487921118736267,0.14973236620426178,84.40366972477065,15.59633027522936,0.30279747966457815,0.13557052612304688,0.21520516276359558,0.12393920868635178,72.47706422018348,27.522935779816514,0.2729146261425579,0.1759120374917984,0.3377375602722168,0.33037006855010986,76.14678899082568,23.853211009174313,0.24454952864085927,0.18790903687477112,0.3476100564002991,0.2179507166147232,69.72477064220183,30.275229357798167,0.22774058799533284,0.3340606391429901,0.48181137442588806,0.331705242395401,70.64220183486239,29.357798165137616,0.1745463929632131,0.27454349398612976,0.3230445981025696,0.22495169937610626,68.80733944954129,31.19266055045872,0.13101685825077927,0.4820811152458191,0.4820811152458191,0.2453075498342514,66.97247706422019,33.02752293577982,0.11775480594266863,0.37203919887542725,0.37203919887542725,0.10937948524951935,65.13761467889908,34.862385321100916,0.08508022156927515,0.3879013657569885,0.3879013657569885,0.19820481538772583,66.05504587155964,33.94495412844037,0.07155123659793068,0.4853215217590332,0.4853215217590332,0.05545932054519653,61.46788990825688,38.53211009174312,0.0663307005101267,0.3982616364955902,0.3982616364955902,0.19975821673870087,65.13761467889908,34.862385321100916,0.0590175714562921,0.4386492371559143,0.4386492371559143,0.15375490486621857,62.38532110091744,37.61467889908257,0.03926603244069744,0.4291040897369385,0.4291040897369385,0.1639081984758377,61.46788990825688,38.53211009174312,0.03892897080410929,0.4282131493091583,0.4282131493091583,0.13327552378177643,60.550458715596335,39.44954128440367,0.03431770446545938,0.40149885416030884,0.40149885416030884,0.1723608374595642,62.38532110091744,37.61467889908257,0.21520516276359558,0.030538212042301893,0.43338632583618164,0.43338632583618164,0.09498818218708038,60.550458715596335,39.44954128440367,0.06082001728879228,0.0743487784127641,66.40625,1.5719325387400578,0.03103819368954967,0.4487574100494385,0.4487574100494385,0.14920176565647125,61.46788990825688,38.53211009174312,0.030538212042301893,0.43338632583618164,0.43338632583618164,0.09498818218708038,60.550458715596335,39.44954128440367,,,,,,,,,,,,,,,,,,,,,,,,,,,,,,,,,,,,,,,,,,
LSTM Baseline,ACB,20,0.32771870187100244,0.11251870542764664,0.21967869997024536,0.1530064046382904,100.0,0.0,0.31024713945739407,0.1271105706691742,0.27083101868629456,0.20218269526958466,97.24770642201835,2.7522935779816518,0.2930695171303609,0.15738950669765472,0.34366434812545776,0.16608047485351562,66.97247706422019,33.02752293577982,0.27920978209551645,0.1496790498495102,0.28473442792892456,0.06492027640342712,51.37614678899083,48.62385321100918,0.21817895682419047,0.14311882853507996,0.23043152689933777,0.1535269021987915,51.37614678899083,48.62385321100918,0.19861730429179528,0.2211146503686905,0.31641656160354614,-0.07713304460048676,36.69724770642202,63.30275229357798,0.15266111788942532,0.31104063987731934,0.36542239785194397,0.04112200066447258,34.862385321100916,65.13761467889908,0.1350366782177897,0.31923621892929077,0.31923621892929077,0.010580183938145638,41.284403669724774,58.71559633027523,0.1102482863866231,0.3496575951576233,0.3496575951576233,-0.1111006811261177,33.02752293577982,66.97247706422019,0.08495503335314639,0.35164403915405273,0.35164403915405273,-0.011020924896001816,46.788990825688074,53.21100917431193,0.07305071985020357,0.37973666191101074,0.37973666191101074,-0.23300059139728546,29.357798165137616,70.64220183486239,0.06407427015330862,0.49263817071914673,0.49263817071914673,-0.009318997152149677,44.95412844036697,55.04587155963303,0.04648734859245665,0.42948105931282043,0.42948105931282043,-0.10521303117275238,39.44954128440367,60.550458715596335,0.038429390091229886,0.43473395705223083,0.43473395705223083,-0.18399111926555634,36.69724770642202,63.30275229357798,0.0346605069387485,0.44417011737823486,0.44417011737823486,-0.13305023312568665,38.53211009174312,61.46788990825688,0.03247384376385633,0.41097787022590637,0.41097787022590637,-0.13283325731754303,36.69724770642202,63.30275229357798,0.21967869997024536,0.03247384376385633,0.41097787022590637,0.41097787022590637,-0.13283325731754303,36.69724770642202,63.30275229357798,0.04882061617199059,0.06403124145250241,52.71317829457365,0.45455868464642696,,,,,,,,,,,,,,,,,,,,,,,,,,,,,,,,,,,,,,,,,,,,,,,,,,,,,,
LSTM Baseline,BID,20,0.31627053022384644,0.08948588371276855,0.15978026390075684,0.1050553172826767,98.1651376146789,1.834862385321101,0.3053135657135178,0.0737212598323822,0.12378156185150146,0.07569631189107895,64.22018348623854,35.77981651376147,0.27812981999972286,0.06861487030982971,0.12878072261810303,0.04667281359434128,41.284403669724774,58.71559633027523,0.24869911767104091,0.07892180979251862,0.16109678149223328,-0.004499192349612713,29.357798165137616,70.64220183486239,0.21554615786846945,0.10117481648921967,0.21313315629959106,-0.0989142432808876,26.605504587155966,73.39449541284404,0.18909098580479622,0.21815365552902222,0.313018798828125,0.024621201679110527,35.77981651376147,64.22018348623854,0.15800637883298538,0.21736860275268555,0.2565293312072754,0.025569364428520203,38.53211009174312,61.46788990825688,0.14735624588587704,0.6629128456115723,0.6629128456115723,0.16176995635032654,49.54128440366973,50.45871559633027,0.1351555898128187,0.5251673460006714,0.5251673460006714,0.12130347639322281,50.45871559633027,49.54128440366973,0.09282269986236796,0.4839903712272644,0.4839903712272644,-0.08724718540906906,44.95412844036697,55.04587155963303,0.07983208568218876,0.458251953125,0.458251953125,-0.07118743658065796,43.11926605504588,56.88073394495413,0.06380635998485719,0.5075046420097351,0.5075046420097351,-0.12640346586704254,44.03669724770643,55.96330275229357,0.052795145112802,0.5295858979225159,0.5295858979225159,-0.11321199685335159,44.03669724770643,55.96330275229357,0.043781899244469756,0.48734161257743835,0.48734161257743835,-0.13624468445777893,47.706422018348626,52.293577981651374,0.03909604125382269,0.5347207188606262,0.5347207188606262,-0.11148378252983093,48.62385321100918,51.37614678899083,0.03668766857727485,0.557992696762085,0.557992696762085,-0.10663251578807831,51.37614678899083,48.62385321100918,0.12378156185150146,0.03302441044327091,0.5621446371078491,0.5621446371078491,-0.048564761877059937,52.293577981651374,47.706422018348626,0.07170175249608825,0.10612772632714657,66.12903225806451,1.3138035794870315,0.03302441044327091,0.5621446371078491,0.5621446371078491,-0.048564761877059937,52.293577981651374,47.706422018348626,,,,,,,,,,,,,,,,,,,,,,,,,,,,,,,,,,,,,,,,,,,,,,,,
LSTM Baseline,TCB,20,0.2954424418070737,0.11535892635583878,0.2140723168849945,0.015955913811922073,51.37614678899083,48.62385321100918,0.2725476968814345,0.11937007308006287,0.24634085595607758,0.06641373783349991,59.63302752293578,40.36697247706422,0.2586844949161305,0.130645751953125,0.2728883922100067,0.03898828849196434,60.550458715596335,39.44954128440367,0.23305428948472529,0.12451957911252975,0.23811060190200806,0.20718009769916534,81.65137614678899,18.34862385321101,0.2100514077088412,0.15580183267593384,0.3133181929588318,0.44246646761894226,95.41284403669725,4.587155963302752,0.19641834365970948,0.12022631615400314,0.1612997204065323,0.1767069548368454,68.80733944954129,31.19266055045872,0.1715589838431162,0.31761112809181213,0.3533182144165039,-0.033609915524721146,38.53211009174312,61.46788990825688,0.15153335999040043,0.2928721010684967,0.2928721010684967,-0.002043835585936904,45.87155963302752,54.12844036697248,0.1361664731932037,0.22400739789009094,0.22400739789009094,0.05227425694465637,47.706422018348626,52.293577981651374,0.09967657627866548,0.31286340951919556,0.31286340951919556,0.13147032260894775,52.293577981651374,47.706422018348626,0.07199938880170093,0.31997179985046387,0.31997179985046387,0.14928081631660461,53.21100917431193,46.788990825688074,0.06259533543797101,0.5303612947463989,0.5303612947463989,0.32239198684692383,62.38532110091744,37.61467889908257,0.045151376658502745,0.36262136697769165,0.36262136697769165,0.20797649025917053,61.46788990825688,38.53211009174312,0.03606457986375865,0.4226784110069275,0.4226784110069275,0.2549183964729309,61.46788990825688,38.53211009174312,0.031474229907069134,0.4792611002922058,0.4792611002922058,0.3510042130947113,66.97247706422019,33.02752293577982,0.027790949515560093,0.4137642979621887,0.4137642979621887,0.24017056822776794,64.22018348623854,35.77981651376147,0.1612997204065323,0.020145061165642214,0.47122883796691895,0.47122883796691895,0.306366890668869,65.13761467889908,34.862385321100916,0.07552944378877559,0.09367304519110926,48.249027237354085,0.4286780794707665,0.026873299797229907,0.44634419679641724,0.44634419679641724,0.2804519534111023,63.30275229357798,36.69724770642202,0.024479838937301848,0.40125906467437744,0.40125906467437744,0.20103585720062256,61.46788990825688,38.53211009174312,0.022181305267355022,0.44881904125213623,0.44881904125213623,0.2751069962978363,64.22018348623854,35.77981651376147,0.019845262799850282,0.4310356378555298,0.4310356378555298,0.25308021903038025,63.30275229357798,36.69724770642202,0.020145061165642214,0.47122883796691895,0.47122883796691895,0.306366890668869,65.13761467889908,34.862385321100916,,,,,,,,,,,,,,,,,,,,,,,,
LSTM Baseline,MBB,20,0.3326406505178003,0.09624786674976349,0.19312161207199097,0.12970754504203796,100.0,0.0,0.3112740621847265,0.1232421025633812,0.27901607751846313,0.2777010500431061,100.0,0.0,0.305601282593082,0.11123177409172058,0.2360607385635376,0.23637300729751587,88.07339449541286,11.926605504587156,0.28241755155956044,0.11968114972114563,0.24901489913463593,0.22779913246631622,80.73394495412845,19.26605504587156,0.2409720341948902,0.12822945415973663,0.24704834818840027,0.2953074276447296,83.4862385321101,16.51376146788991,0.21338228355435765,0.18026067316532135,0.26090943813323975,0.3468985855579376,81.65137614678899,18.34862385321101,0.1836221836069051,0.2639140486717224,0.31092894077301025,0.42360663414001465,84.40366972477065,15.59633027522936,0.14452623838887496,0.40491288900375366,0.40491288900375366,0.4094535708427429,82.56880733944955,17.431192660550458,0.11496055509675951,0.35552364587783813,0.35552364587783813,0.29749956727027893,76.14678899082568,23.853211009174313,0.09001334143035553,0.3713896870613098,0.3713896870613098,0.39572522044181824,79.81651376146789,20.18348623853211,0.0651244925444617,0.36695653200149536,0.36695653200149536,0.420240581035614,80.73394495412845,19.26605504587156,0.049499499995042294,0.33314549922943115,0.33314549922943115,0.2354990690946579,69.72477064220183,30.275229357798167,0.037925772697610015,0.3752170205116272,0.3752170205116272,0.34934401512145996,77.06422018348624,22.93577981651376,0.035689728800207376,0.36046385765075684,0.36046385765075684,0.3723769783973694,76.14678899082568,23.853211009174313,0.031319238492013776,0.3960723876953125,0.3960723876953125,0.3501257300376892,76.14678899082568,23.853211009174313,0.029232331674874705,0.34726962447166443,0.34726962447166443,0.34152233600616455,75.22935779816514,24.770642201834864,0.19312161207199097,0.029232331674874705,0.34726962447166443,0.34726962447166443,0.34152233600616455,75.22935779816514,24.770642201834864,0.06810729592598047,0.0914188640586143,60.67415730337079,1.1653709561636725,,,,,,,,,,,,,,,,,,,,,,,,,,,,,,,,,,,,,,,,,,,,,,,,,,,,,,
LSTM Baseline,VPB,20,0.29152848790673647,0.1104806587100029,0.1778341829776764,0.08805497735738754,100.0,0.0,0.28984744320897493,0.10528595745563507,0.18290914595127106,0.1073361411690712,95.41284403669725,4.587155963302752,0.2743895833983141,0.11200248450040817,0.20708651840686798,0.019067784771323204,38.53211009174312,61.46788990825688,0.24908876550548217,0.1602022349834442,0.37258851528167725,0.11111006885766983,46.788990825688074,53.21100917431193,0.21857605523922863,0.19138160347938538,0.4130915701389313,0.10156329721212387,50.45871559633027,49.54128440366973,0.18108920774915638,0.26236557960510254,0.4050392508506775,0.05843770131468773,47.706422018348626,52.293577981651374,0.1583422676605337,0.36590850353240967,0.4444003403186798,0.0964713841676712,51.37614678899083,48.62385321100918,0.1336936303140486,0.4202873706817627,0.4202873706817627,-0.01782267726957798,45.87155963302752,54.12844036697248,0.11019022795645629,0.4403717517852783,0.4403717517852783,0.17979605495929718,57.798165137614674,42.201834862385326,0.09196567820275531,0.4340057373046875,0.4340057373046875,-0.0015327153960242867,50.45871559633027,49.54128440366973,0.0740888655623969,0.3332776427268982,0.3332776427268982,0.10353744029998779,55.96330275229357,44.03669724770643,0.0664970122058602,0.41056835651397705,0.41056835651397705,0.10603678226470947,55.96330275229357,44.03669724770643,0.054572184433174485,0.42647117376327515,0.42647117376327515,-0.02443866990506649,42.201834862385326,57.798165137614674,0.044909691218944156,0.4070391058921814,0.4070391058921814,-0.02827298454940319,40.36697247706422,59.63302752293578,0.0400591129437089,0.4215197265148163,0.4215197265148163,-0.032289985567331314,38.53211009174312,61.46788990825688,0.037507175851394146,0.4413938522338867,0.4413938522338867,0.10421083867549896,50.45871559633027,49.54128440366973,0.1778341829776764,0.037507175851394146,0.4413938522338867,0.4413938522338867,0.10421083867549896,50.45871559633027,49.54128440366973,0.0912787882267994,0.13244352098762324,53.875968992248055,0.648616655912498,,,,,,,,,,,,,,,,,,,,,,,,,,,,,,,,,,,,,,,,,,,,,,,,,,,,,,
LSTM Hybrid,VCB,20,0.3006836522151442,0.038531623780727386,0.13309556245803833,0.17377939820289612,87.1559633027523,12.844036697247708,0.26793596236144795,0.07112434506416321,0.18285319209098816,-0.05040517821907997,48.62385321100918,51.37614678899083,0.23682919845861547,0.10790598392486572,0.2825576066970825,0.0039636846631765366,42.201834862385326,57.798165137614674,0.19086888498243162,0.13718271255493164,0.3310739994049072,0.2778273820877075,66.97247706422019,33.02752293577982,0.1524721215314725,0.11853427439928055,0.2718833088874817,0.36496803164482117,72.47706422018348,27.522935779816514,0.1356432580334299,0.11701619625091553,0.18797558546066284,0.11833808571100235,66.05504587155964,33.94495412844037,0.11380633580334046,0.19184349477291107,0.23199962079524994,0.24614503979682922,71.55963302752293,28.440366972477065,0.09148753456333104,0.2739827632904053,0.2739827632904053,0.25885605812072754,66.97247706422019,33.02752293577982,0.08480093058417826,0.28733763098716736,0.28733763098716736,0.30325549840927124,65.13761467889908,34.862385321100916,0.07254147299510591,0.2568465769290924,0.2568465769290924,0.1949077993631363,64.22018348623854,35.77981651376147,0.06666676448110272,0.24447079002857208,0.24447079002857208,0.2520737946033478,73.39449541284404,26.605504587155966,0.06211157400599297,0.28017860651016235,0.28017860651016235,0.23767659068107605,66.97247706422019,33.02752293577982,0.05737858709386166,0.2655009627342224,0.2655009627342224,0.26024070382118225,73.39449541284404,26.605504587155966,0.056924867169821966,0.2589256763458252,0.2589256763458252,0.314610093832016,73.39449541284404,26.605504587155966,0.052024862619445604,0.2952994704246521,0.2952994704246521,0.3448793590068817,72.47706422018348,27.522935779816514,0.05122665025512962,0.2602798044681549,0.2602798044681549,0.17998136579990387,67.88990825688074,32.11009174311927,0.13309556245803833,0.05122665025512962,0.2602798044681549,0.2602798044681549,0.17998136579990387,67.88990825688074,32.11009174311927,0.06619289985173203,0.0864922246724229,37.93103448275862,0.16176102198665782,,,,,,,,,,,,,,,,,,,,,,,,,,,,,,,,,,,,,,,,,,,,,,,,,,,,,,
LSTM Hybrid,CTG,20,0.3095582289730801,0.2282421886920929,0.4037061631679535,0.2849003076553345,71.55963302752293,28.440366972477065,0.27311267835252423,0.18809714913368225,0.32986193895339966,0.2414722740650177,72.47706422018348,27.522935779816514,0.23985051714322148,0.19230274856090546,0.35558488965034485,0.41861605644226074,72.47706422018348,27.522935779816514,0.21001827585346558,0.2846381664276123,0.4625534415245056,0.06588122248649597,60.550458715596335,39.44954128440367,0.18119753239785924,0.17962932586669922,0.35151106119155884,0.48656246066093445,81.65137614678899,18.34862385321101,0.16900138381649465,0.11875586211681366,0.1641700267791748,0.20497530698776245,68.80733944954129,31.19266055045872,0.1536162699408391,0.25143370032310486,0.2899264991283417,0.19258184731006622,65.13761467889908,34.862385321100916,0.12117131372146747,0.2974810004234314,0.2974810004234314,0.3449798822402954,65.13761467889908,34.862385321100916,0.11157314512221252,0.3273940086364746,0.3273940086364746,0.33968791365623474,69.72477064220183,30.275229357798167,0.09939959776752136,0.29988622665405273,0.29988622665405273,0.3752475678920746,66.97247706422019,33.02752293577982,0.0844296662903884,0.32777971029281616,0.32777971029281616,0.3587498068809509,64.22018348623854,35.77981651376147,0.07651309953892932,0.2669493556022644,0.2669493556022644,0.21719962358474731,65.13761467889908,34.862385321100916,0.06823816928355132,0.3509179949760437,0.3509179949760437,0.3138403296470642,65.13761467889908,34.862385321100916,0.05311148695866851,0.30988210439682007,0.30988210439682007,0.27912217378616333,65.13761467889908,34.862385321100916,0.04914148343617425,0.33137354254722595,0.33137354254722595,0.3726578950881958,65.13761467889908,34.862385321100916,0.05119167679153821,0.3596656024456024,0.3596656024456024,0.3690001368522644,66.05504587155964,33.94495412844037,0.1641700267791748,0.03689906691365382,0.3312379717826843,0.3312379717826843,0.34750428795814514,66.05504587155964,33.94495412844037,0.09486740149765678,0.1110453132155093,25.390625,-1.6323608856554706,0.04719768020817462,0.3202661871910095,0.3202661871910095,0.3097570538520813,65.13761467889908,34.862385321100916,0.04875069938819198,0.33760395646095276,0.33760395646095276,0.355256050825119,68.80733944954129,31.19266055045872,0.04183303312781979,0.34198611974716187,0.34198611974716187,0.3331928849220276,65.13761467889908,34.862385321100916,0.041757575893665064,0.3386755585670471,0.3386755585670471,0.3419272005558014,66.05504587155964,33.94495412844037,0.03689906691365382,0.3312379717826843,0.3312379717826843,0.34750428795814514,66.05504587155964,33.94495412844037,,,,,,,,,,,,,,,,,,,,,,,,
LSTM Hybrid,ACB,20,0.3077622288290192,0.09180524945259094,0.18350860476493835,0.14590518176555634,70.64220183486239,29.357798165137616,0.2697431484566015,0.1129968985915184,0.22247344255447388,0.10031364858150482,53.21100917431193,46.788990825688074,0.24249817474799998,0.1505717933177948,0.2992674708366394,0.23762381076812744,67.88990825688074,32.11009174311927,0.20919722691178322,0.14098037779331207,0.2314082682132721,-0.10226265341043472,32.11009174311927,67.88990825688074,0.16162513656651273,0.13822592794895172,0.21624243259429932,0.04713981971144676,43.11926605504588,56.88073394495413,0.1522108954103554,0.1717730611562729,0.2402620017528534,0.13562414050102234,48.62385321100918,51.37614678899083,0.134318918647135,0.2272491753101349,0.2627987861633301,0.08194056898355484,42.201834862385326,57.798165137614674,0.10350116912056417,0.2653713822364807,0.2653713822364807,0.04200887680053711,41.284403669724774,58.71559633027523,0.10066673203426249,0.3126879930496216,0.3126879930496216,-0.015779878944158554,39.44954128440367,60.550458715596335,0.08688350580632687,0.2777480483055115,0.2777480483055115,0.054369598627090454,37.61467889908257,62.38532110091744,0.07627531349220697,0.2829805910587311,0.2829805910587311,0.020347455516457558,42.201834862385326,57.798165137614674,0.07135380640187684,0.3204132914543152,0.3204132914543152,0.03844589367508888,40.36697247706422,59.63302752293578,0.06637545981827904,0.25379276275634766,0.25379276275634766,-0.05566609278321266,39.44954128440367,60.550458715596335,0.06089986471787972,0.2824804484844208,0.2824804484844208,-0.028578097000718117,42.201834862385326,57.798165137614674,0.0533155762754819,0.29549485445022583,0.29549485445022583,0.028534412384033203,44.03669724770643,55.96330275229357,0.05283316767171902,0.2662978768348694,0.2662978768348694,-0.007968517951667309,41.284403669724774,58.71559633027523,0.18350860476493835,0.05283316767171902,0.2662978768348694,0.2662978768348694,-0.007968517951667309,41.284403669724774,58.71559633027523,0.04893967610325667,0.06516708616226892,48.837209302325576,0.4884339347200206,,,,,,,,,,,,,,,,,,,,,,,,,,,,,,,,,,,,,,,,,,,,,,,,,,,,,,
LSTM Hybrid,BID,20,0.3003493862993577,0.09956961125135422,0.19071364402770996,0.03209548816084862,55.04587155963303,44.95412844036697,0.2532859821529949,0.1168784350156784,0.2501832842826843,0.05654987692832947,45.87155963302752,54.12844036697248,0.2307763274978189,0.14805401861667633,0.29524046182632446,0.11267606914043427,60.550458715596335,39.44954128440367,0.2008695245227393,0.15142199397087097,0.3213897943496704,0.03600088879466057,48.62385321100918,51.37614678899083,0.17766240677412817,0.1728065460920334,0.34758269786834717,0.17568865418434143,55.04587155963303,44.95412844036697,0.17604979237212853,0.2575053572654724,0.38753876090049744,-0.01029674056917429,42.201834862385326,57.798165137614674,0.17094004373340047,0.32051193714141846,0.38014689087867737,-0.03142305836081505,44.03669724770643,55.96330275229357,0.14205202569856362,0.3872084319591522,0.3872084319591522,0.08504665642976761,47.706422018348626,52.293577981651374,0.12587322272798596,0.43115729093551636,0.43115729093551636,0.0766226053237915,46.788990825688074,53.21100917431193,0.11248061093775664,0.43655019998550415,0.43655019998550415,0.13574780523777008,48.62385321100918,51.37614678899083,0.10820638136390377,0.4236919581890106,0.4236919581890106,0.010830304585397243,44.03669724770643,55.96330275229357,0.0996396630345022,0.47541093826293945,0.47541093826293945,-0.0347430482506752,42.201834862385326,57.798165137614674,0.08851643421632402,0.49115291237831116,0.49115291237831116,0.1015409603714943,52.293577981651374,47.706422018348626,0.08355403308044462,0.49634528160095215,0.49634528160095215,-0.01768179051578045,44.03669724770643,55.96330275229357,0.07450412509634215,0.5047129988670349,0.5047129988670349,-0.0031466593500226736,44.95412844036697,55.04587155963303,0.07139114805442445,0.5066737532615662,0.5066737532615662,-0.02774786204099655,44.95412844036697,55.04587155963303,0.19071364402770996,0.07139114805442445,0.5066737532615662,0.5066737532615662,-0.02774786204099655,44.95412844036697,55.04587155963303,0.07434673052105098,0.10615943570173751,56.85483870967742,1.0918575586897856,,,,,,,,,,,,,,,,,,,,,,,,,,,,,,,,,,,,,,,,,,,,,,,,,,,,,,
LSTM Hybrid,TCB,20,0.26822130864157395,0.11468300968408585,0.23548917472362518,0.1630057990550995,79.81651376146789,20.18348623853211,0.23015154985820546,0.15392211079597473,0.31754255294799805,0.06903252750635147,67.88990825688074,32.11009174311927,0.19976199352565935,0.14840982854366302,0.2858116924762726,-0.024077652022242546,53.21100917431193,46.788990825688074,0.17175204767023816,0.1597568243741989,0.3154824376106262,0.31393083930015564,88.07339449541286,11.926605504587156,0.15165982592631788,0.14841675758361816,0.30854904651641846,0.19851535558700562,70.64220183486239,29.357798165137616,0.15202095929314108,0.1675315499305725,0.24873876571655273,0.16899630427360535,66.05504587155964,33.94495412844037,0.14599930166321642,0.20746904611587524,0.24591702222824097,0.1744004637002945,70.64220183486239,29.357798165137616,0.11739729837897946,0.34668195247650146,0.34668195247650146,0.1978358030319214,65.13761467889908,34.862385321100916,0.10100287045626079,0.24019843339920044,0.24019843339920044,0.06954909861087799,61.46788990825688,38.53211009174312,0.08911766276201781,0.2234371155500412,0.2234371155500412,0.17139878869056702,66.97247706422019,33.02752293577982,0.08400971442461014,0.255301296710968,0.255301296710968,0.21586671471595764,76.14678899082568,23.853211009174313,0.07041938701534972,0.2645045518875122,0.2645045518875122,0.2055949568748474,71.55963302752293,28.440366972477065,0.06564978959367555,0.2898852825164795,0.2898852825164795,0.233838751912117,72.47706422018348,27.522935779816514,0.05664009085911162,0.306537926197052,0.306537926197052,0.2213248461484909,73.39449541284404,26.605504587155966,0.05456362653742818,0.29055553674697876,0.29055553674697876,0.2501435875892639,73.39449541284404,26.605504587155966,0.052017563789644665,0.2566477656364441,0.2566477656364441,0.1947638839483261,67.88990825688074,32.11009174311927,0.2234371155500412,0.034777701174949896,0.26465171575546265,0.26465171575546265,0.2284584641456604,71.55963302752293,28.440366972477065,0.0783939673404598,0.09484991088081762,60.311284046692606,1.3984994812116218,0.04934203695944127,0.28773877024650574,0.28773877024650574,0.2920052111148834,78.89908256880734,21.100917431192663,0.04567593730547849,0.3154454827308655,0.3154454827308655,0.23999497294425964,72.47706422018348,27.522935779816514,0.0454789845218115,0.2867758274078369,0.2867758274078369,0.245462104678154,74.31192660550458,25.688073394495415,0.03921810833408552,0.30236679315567017,0.30236679315567017,0.2639714777469635,77.06422018348624,22.93577981651376,0.038462393204955495,0.2637636363506317,0.2637636363506317,0.23081234097480774,71.55963302752293,28.440366972477065,0.03647776731454274,0.2840285301208496,0.2840285301208496,0.27852296829223633,76.14678899082568,23.853211009174313,0.038467014591921776,0.28626900911331177,0.28626900911331177,0.2966187298297882,77.06422018348624,22.93577981651376,0.038052187629920596,0.2680496275424957,0.2680496275424957,0.24874569475650787,76.14678899082568,23.853211009174313,0.034777701174949896,0.26465171575546265,0.26465171575546265,0.2284584641456604,71.55963302752293,28.440366972477065
LSTM Hybrid,MBB,20,0.3192029441980755,0.11240814626216888,0.22693514823913574,0.17592109739780426,79.81651376146789,20.18348623853211,0.27256663581904245,0.09247325360774994,0.1602897346019745,0.13017526268959045,66.97247706422019,33.02752293577982,0.23383761109674678,0.13794688880443573,0.2665785849094391,0.27073028683662415,77.98165137614679,22.018348623853214,0.19690959396607735,0.23403775691986084,0.5014684200286865,0.4751265347003937,82.56880733944955,17.431192660550458,0.16431373730301857,0.18701592087745667,0.3690585494041443,0.3877679705619812,83.4862385321101,16.51376146788991,0.1428540949435795,0.28883272409439087,0.43473637104034424,0.400622695684433,84.40366972477065,15.59633027522936,0.1313791590578416,0.4376777410507202,0.5268514156341553,0.21744494140148163,69.72477064220183,30.275229357798167,0.11743639913551948,0.526415228843689,0.526415228843689,0.4643512964248657,80.73394495412845,19.26605504587156,0.09252184410305585,0.45463046431541443,0.45463046431541443,0.3915655016899109,80.73394495412845,19.26605504587156,0.0794755412156091,0.5530168414115906,0.5530168414115906,0.49928978085517883,83.4862385321101,16.51376146788991,0.07129442264490268,0.5523648858070374,0.5523648858070374,0.29198217391967773,70.64220183486239,29.357798165137616,0.0687903617234791,0.6236776113510132,0.6236776113510132,0.37314972281455994,76.14678899082568,23.853211009174313,0.06067055781536242,0.6121293306350708,0.6121293306350708,0.4196928143501282,76.14678899082568,23.853211009174313,0.0591801169931012,0.5281813144683838,0.5281813144683838,0.38050365447998047,78.89908256880734,21.100917431192663,0.051121771390385484,0.5654730796813965,0.5654730796813965,0.4341062605381012,77.98165137614679,22.018348623853214,0.047203393817386204,0.5718784332275391,0.5718784332275391,0.3556825816631317,78.89908256880734,21.100917431192663,0.1602897346019745,0.0446137883426512,0.5667481422424316,0.5667481422424316,0.40931031107902527,80.73394495412845,19.26605504587156,0.07066533024265036,0.09293521477057978,50.187265917603,0.8758374264920341,0.0446137883426512,0.5667481422424316,0.5667481422424316,0.40931031107902527,80.73394495412845,19.26605504587156,,,,,,,,,,,,,,,,,,,,,,,,,,,,,,,,,,,,,,,,,,,,,,,,
LSTM Hybrid,VPB,20,0.28300654712845297,0.17134688794612885,0.3773043155670166,0.13284854590892792,59.63302752293578,40.36697247706422,0.24959841326755636,0.13285429775714874,0.27642011642456055,0.1306760460138321,58.71559633027523,41.284403669724774,0.22104147777837865,0.2071084827184677,0.4709959626197815,0.13874918222427368,54.12844036697248,45.87155963302752,0.1927849569303148,0.18816639482975006,0.41667723655700684,0.2010527104139328,60.550458715596335,39.44954128440367,0.1454517787651104,0.15507808327674866,0.3225843608379364,0.03541029989719391,49.54128440366973,50.45871559633027,0.13588156156680165,0.20331858098506927,0.30144065618515015,0.08260775357484818,55.96330275229357,44.03669724770643,0.12369401139371536,0.18292243778705597,0.21073010563850403,-0.1384090930223465,38.53211009174312,61.46788990825688,0.12092371164437603,0.21304145455360413,0.21304145455360413,-0.15786771476268768,34.862385321100916,65.13761467889908,0.10349093399503652,0.30767691135406494,0.30767691135406494,-0.048115458339452744,49.54128440366973,50.45871559633027,0.08719479741857332,0.14713534712791443,0.14713534712791443,-0.09462698549032211,38.53211009174312,61.46788990825688,0.07541581818505246,0.3104199171066284,0.3104199171066284,-0.14362496137619019,41.284403669724774,58.71559633027523,0.08199387438157026,0.2373414933681488,0.2373414933681488,-0.18708230555057526,31.19266055045872,68.80733944954129,0.07225545846364077,0.2724168002605438,0.2724168002605438,0.028683235868811607,48.62385321100918,51.37614678899083,0.06423941692885231,0.2733483612537384,0.2733483612537384,-0.10768760740756989,39.44954128440367,60.550458715596335,0.05405456978170311,0.2896438539028168,0.2896438539028168,-0.07959161698818207,38.53211009174312,61.46788990825688,0.053089807905695015,0.2618761956691742,0.2618761956691742,-0.044892337173223495,44.03669724770643,55.96330275229357,0.14713534712791443,0.03894886316950707,0.2709829807281494,0.2709829807281494,-0.11472867429256439,38.53211009174312,61.46788990825688,0.11525910592850455,0.15605923336201957,39.922480620155035,-0.5767602044599709,0.05244689511463923,0.3544437289237976,0.3544437289237976,-0.049971237778663635,42.201834862385326,57.798165137614674,0.04964497422470766,0.22837397456169128,0.22837397456169128,-0.04928559437394142,38.53211009174312,61.46788990825688,0.045227610451333666,0.27280399203300476,0.27280399203300476,-0.1404479593038559,34.862385321100916,65.13761467889908,0.043458382489488405,0.2629161775112152,0.2629161775112152,-0.10278457403182983,33.94495412844037,66.05504587155964,0.04638926712248255,0.2702751159667969,0.2702751159667969,-0.12140804529190063,37.61467889908257,62.38532110091744,0.040028941379312205,0.2909407317638397,0.2909407317638397,-0.12060266733169556,39.44954128440367,60.550458715596335,0.03999907348085852,0.29393696784973145,0.29393696784973145,-0.1384938806295395,39.44954128440367,60.550458715596335,0.04166726274963688,0.3028806149959564,0.3028806149959564,-0.07929456979036331,41.284403669724774,58.71559633027523,0.03894886316950707,0.2709829807281494,0.2709829807281494,-0.11472867429256439,38.53211009174312,61.46788990825688
Random Forest Baseline,VCB,20,,,,,,,,,,,,,,,,,,,,,,,,,,,,,,,,,,,,,,,,,,,,,,,,,,,,,,,,,,,,,,,,,,,,,,,,,,,,,,,,,,,,,,,,,,,,,,,,,,,,,,,,0.0725065278397216,0.09360646763235678,36.015325670498086,-0.006694397383809664,,,,,,,,,,,,,,,,,,,,,,,,,,,,,,,,,,,,,,,,,,,,,,,,,,,,,,
Random Forest Baseline,CTG,20,,,,,,,,,,,,,,,,,,,,,,,,,,,,,,,,,,,,,,,,,,,,,,,,,,,,,,,,,,,,,,,,,,,,,,,,,,,,,,,,,,,,,,,,,,,,,,,,,,,,,,,,0.06118057155132059,0.07695817134560506,61.328125,1.2007604812449837,,,,,,,,,,,,,,,,,,,,,,,,,,,,,,,,,,,,,,,,,,,,,,,,,,,,,,
Random Forest Baseline,ACB,20,,,,,,,,,,,,,,,,,,,,,,,,,,,,,,,,,,,,,,,,,,,,,,,,,,,,,,,,,,,,,,,,,,,,,,,,,,,,,,,,,,,,,,,,,,,,,,,,,,,,,,,,0.04873816385055704,0.0647632975098074,52.32558139534884,0.658462481187504,,,,,,,,,,,,,,,,,,,,,,,,,,,,,,,,,,,,,,,,,,,,,,,,,,,,,,
Random Forest Baseline,BID,20,,,,,,,,,,,,,,,,,,,,,,,,,,,,,,,,,,,,,,,,,,,,,,,,,,,,,,,,,,,,,,,,,,,,,,,,,,,,,,,,,,,,,,,,,,,,,,,,,,,,,,,,0.07162847654756689,0.10451251832260501,62.096774193548384,1.4326770608579236,,,,,,,,,,,,,,,,,,,,,,,,,,,,,,,,,,,,,,,,,,,,,,,,,,,,,,
Random Forest Baseline,TCB,20,,,,,,,,,,,,,,,,,,,,,,,,,,,,,,,,,,,,,,,,,,,,,,,,,,,,,,,,,,,,,,,,,,,,,,,,,,,,,,,,,,,,,,,,,,,,,,,,,,,,,,,,0.07413760452306763,0.09364227196006954,51.75097276264592,0.09921089343755034,,,,,,,,,,,,,,,,,,,,,,,,,,,,,,,,,,,,,,,,,,,,,,,,,,,,,,
Random Forest Baseline,MBB,20,,,,,,,,,,,,,,,,,,,,,,,,,,,,,,,,,,,,,,,,,,,,,,,,,,,,,,,,,,,,,,,,,,,,,,,,,,,,,,,,,,,,,,,,,,,,,,,,,,,,,,,,0.06408433017061024,0.08748368457473407,67.04119850187266,1.96359406041989,,,,,,,,,,,,,,,,,,,,,,,,,,,,,,,,,,,,,,,,,,,,,,,,,,,,,,
Random Forest Baseline,VPB,20,,,,,,,,,,,,,,,,,,,,,,,,,,,,,,,,,,,,,,,,,,,,,,,,,,,,,,,,,,,,,,,,,,,,,,,,,,,,,,,,,,,,,,,,,,,,,,,,,,,,,,,,0.09364242593227247,0.1317472936110251,47.286821705426355,0.679116568324368,,,,,,,,,,,,,,,,,,,,,,,,,,,,,,,,,,,,,,,,,,,,,,,,,,,,,,
Linear Summary Baseline,VCB,20,0.043792154639959335,0.08639991283416748,,,,,,,,,,,,,,,,,,,,,,,,,,,,,,,,,,,,,,,,,,,,,,,,,,,,,,,,,,,,,,,,,,,,,,,,,,,,,,,,,,,,,,,,,,,,,,,0.08639991283416748,0.043792154639959335,0.08639991283416748,,,,,0.07274073311322424,0.09827619139036184,54.78927203065134,0.5596936419694454,,,,,,,,,,,,,,,,,,,,,,,,,,,,,,,,,,,,,,,,,,,,,,,,,,,,,,
Linear Summary Baseline,CTG,20,0.05807575583457947,0.07985584437847137,,,,,,,,,,,,,,,,,,,,,,,,,,,,,,,,,,,,,,,,,,,,,,,,,,,,,,,,,,,,,,,,,,,,,,,,,,,,,,,,,,,,,,,,,,,,,,,0.07985584437847137,0.05807575583457947,0.07985584437847137,,,,,0.11277621998597677,0.14267496028632148,33.984375,-1.1724923180882145,,,,,,,,,,,,,,,,,,,,,,,,,,,,,,,,,,,,,,,,,,,,,,,,,,,,,,
Linear Summary Baseline,ACB,20,0.04249758645892143,0.06128256767988205,,,,,,,,,,,,,,,,,,,,,,,,,,,,,,,,,,,,,,,,,,,,,,,,,,,,,,,,,,,,,,,,,,,,,,,,,,,,,,,,,,,,,,,,,,,,,,,0.06128256767988205,0.04249758645892143,0.06128256767988205,,,,,0.07376060626252136,0.09254836372243741,44.57364341085272,0.12974898821633812,,,,,,,,,,,,,,,,,,,,,,,,,,,,,,,,,,,,,,,,,,,,,,,,,,,,,,
Linear Summary Baseline,BID,20,0.05223889276385307,0.0740492194890976,,,,,,,,,,,,,,,,,,,,,,,,,,,,,,,,,,,,,,,,,,,,,,,,,,,,,,,,,,,,,,,,,,,,,,,,,,,,,,,,,,,,,,,,,,,,,,,0.0740492194890976,0.05223889276385307,0.0740492194890976,,,,,0.10696022157258767,0.14330566748544216,46.774193548387096,0.16959067169477376,,,,,,,,,,,,,,,,,,,,,,,,,,,,,,,,,,,,,,,,,,,,,,,,,,,,,,
Linear Summary Baseline,TCB,20,0.06497795879840851,0.1088596060872078,,,,,,,,,,,,,,,,,,,,,,,,,,,,,,,,,,,,,,,,,,,,,,,,,,,,,,,,,,,,,,,,,,,,,,,,,,,,,,,,,,,,,,,,,,,,,,,0.1088596060872078,0.06497795879840851,0.1088596060872078,,,,,0.11359195221898565,0.14203687498661274,36.57587548638132,-0.5234687968656634,,,,,,,,,,,,,,,,,,,,,,,,,,,,,,,,,,,,,,,,,,,,,,,,,,,,,,
Linear Summary Baseline,MBB,20,0.05271865054965019,0.09420252591371536,,,,,,,,,,,,,,,,,,,,,,,,,,,,,,,,,,,,,,,,,,,,,,,,,,,,,,,,,,,,,,,,,,,,,,,,,,,,,,,,,,,,,,,,,,,,,,,0.09420252591371536,0.05271865054965019,0.09420252591371536,,,,,0.10568479268295684,0.13840604759461902,46.06741573033708,-0.19290117080593608,,,,,,,,,,,,,,,,,,,,,,,,,,,,,,,,,,,,,,,,,,,,,,,,,,,,,,
Linear Summary Baseline,VPB,20,0.05874374136328697,0.07088249176740646,,,,,,,,,,,,,,,,,,,,,,,,,,,,,,,,,,,,,,,,,,,,,,,,,,,,,,,,,,,,,,,,,,,,,,,,,,,,,,,,,,,,,,,,,,,,,,,0.07088249176740646,0.05874374136328697,0.07088249176740646,,,,,0.13575053163146997,0.1788599976062522,43.41085271317829,-0.2863107674406785,,,,,,,,,,,,,,,,,,,,,,,,,,,,,,,,,,,,,,,,,,,,,,,,,,,,,,
MLP Summary Baseline,VCB,20,0.2883848188554539,0.03803706914186478,,,,,0.24529465813847148,0.044100675731897354,,,,,0.1990977572825025,0.08752647787332535,,,,,0.164421200971393,0.11037599295377731,,,,,0.13869961241588874,0.11774385720491409,,,,,0.13049257919192314,0.17557555437088013,,,,,0.12008017652175006,0.22236937284469604,,,,,0.11275207536185489,0.25876960158348083,,,,,0.1006976634483127,0.28910231590270996,,,,,0.0967051283839871,0.2727431058883667,,,,,0.09227015110937987,0.30405354499816895,,,,,0.09806888221817858,0.30419349670410156,,,,,0.08759871519663755,0.29428181052207947,,,,,0.08014206511571127,0.27853381633758545,,,,,0.07517120395513142,0.2786216735839844,,,,,0.07631456030204016,0.27733510732650757,,,,,0.03803706914186478,0.07631456030204016,0.27733510732650757,,,,,0.06635998207383151,0.08878761567956626,39.46360153256705,0.28926764193943516,,,,,,,,,,,,,,,,,,,,,,,,,,,,,,,,,,,,,,,,,,,,,,,,,,,,,,
MLP Summary Baseline,CTG,20,0.3180435952894828,0.17545761168003082,,,,,0.26236417451325583,0.1781938672065735,,,,,0.20936726691091762,0.16565284132957458,,,,,0.1590855020810576,0.19086267054080963,,,,,0.13678703106501522,0.17648811638355255,,,,,0.1280033954364412,0.23607923090457916,,,,,0.11798922323128756,0.28246837854385376,,,,,0.11963711646111573,0.2919773459434509,,,,,0.11269054474199519,0.3751955032348633,,,,,0.09101046654669677,0.3761390447616577,,,,,0.0843436670873095,0.3621966242790222,,,,,0.0781960935496232,0.35734307765960693,,,,,0.08011390641331673,0.33638250827789307,,,,,0.07555828122969936,0.3326740562915802,,,,,0.07731664213625823,0.32531505823135376,,,,,0.07347808756372508,0.3486037254333496,,,,,0.16565284132957458,0.06890366719487835,0.37596917152404785,,,,,0.07371985593709575,0.09070968992138319,47.265625,-0.03988224510192745,0.06853764285059537,0.3561851680278778,,,,,0.06890366719487835,0.37596917152404785,,,,,,,,,,,,,,,,,,,,,,,,,,,,,,,,,,,,,,,,,,,,,,
MLP Summary Baseline,ACB,20,0.29709310829639435,0.10710535198450089,,,,,0.22815090220640688,0.11081057041883469,,,,,0.17968285741174922,0.12011300772428513,,,,,0.14009851304923787,0.13487310707569122,,,,,0.12889334230738528,0.1704283058643341,,,,,0.11666013837298926,0.1840497851371765,,,,,0.11809272472472752,0.2432868480682373,,,,,0.1074163500657853,0.31211361289024353,,,,,0.10202003883964875,0.29454249143600464,,,,,0.09419642586041899,0.31663453578948975,,,,,0.08783070370554924,0.29574400186538696,,,,,0.0859887512291179,0.2925732731819153,,,,,0.08039381952189348,0.2860768735408783,,,,,0.0834532800842734,0.2972301244735718,,,,,0.06744548031950698,0.2891237139701843,,,,,0.07718998599140083,0.3012210726737976,,,,,0.10710535198450089,0.07718998599140083,0.3012210726737976,,,,,0.05023532908956976,0.0669099862204205,50.0,0.5623635098883492,,,,,,,,,,,,,,,,,,,,,,,,,,,,,,,,,,,,,,,,,,,,,,,,,,,,,,
MLP Summary Baseline,BID,20,0.29482702691765394,0.09909643232822418,,,,,0.22418828111361055,0.10849770158529282,,,,,0.16318570866304286,0.1183401495218277,,,,,0.12971326489658916,0.13523538410663605,,,,,0.12005941087708753,0.15269343554973602,,,,,0.11488690994241658,0.21073809266090393,,,,,0.11274226732990321,0.2937740087509155,,,,,0.10745692625641823,0.34661442041397095,,,,,0.08927060871878091,0.3757869005203247,,,,,0.09217200110502102,0.3783379793167114,,,,,0.08364826758556507,0.39112088084220886,,,,,0.08166192592505146,0.39569035172462463,,,,,0.07136652202290647,0.3853340148925781,,,,,0.07155990282840588,0.4045987129211426,,,,,0.06623546187491978,0.3908180594444275,,,,,0.06763820098165203,0.39559006690979004,,,,,0.09909643232822418,0.06763820098165203,0.39559006690979004,,,,,0.07345599297140823,0.1058527444537625,55.24193548387096,0.6458276217649891,,,,,,,,,,,,,,,,,,,,,,,,,,,,,,,,,,,,,,,,,,,,,,,,,,,,,,
MLP Summary Baseline,TCB,20,0.2734389892395805,0.1088458001613617,,,,,0.22084235180826747,0.12628376483917236,,,,,0.1780515111544553,0.1628553718328476,,,,,0.14911675913368955,0.1774771362543106,,,,,0.12798937190981471,0.1980247050523758,,,,,0.12354546259431277,0.2676568925380707,,,,,0.11099089506794424,0.3640516400337219,,,,,0.10982491141733002,0.4159051179885864,,,,,0.1008667646742919,0.4212602376937866,,,,,0.09127054856542278,0.4324372112751007,,,,,0.08864851975265671,0.4259834289550781,,,,,0.09127019006101524,0.4493215084075928,,,,,0.08709881399922512,0.427661657333374,,,,,0.08129686226739603,0.43331754207611084,,,,,0.07625584676861763,0.4296146035194397,,,,,0.07164138172040968,0.44873350858688354,,,,,0.1088458001613617,0.07164138172040968,0.44873350858688354,,,,,0.07401671615906698,0.09226670671359097,48.63813229571984,-0.023202108763565387,,,,,,,,,,,,,,,,,,,,,,,,,,,,,,,,,,,,,,,,,,,,,,,,,,,,,,
MLP Summary Baseline,MBB,20,0.3123074612196754,0.11402696371078491,,,,,0.24368800354354522,0.08579663932323456,,,,,0.20036766590440974,0.08557820320129395,,,,,0.16015556060216007,0.08723482489585876,,,,,0.13792038007694132,0.1067245677113533,,,,,0.1310702451669118,0.1380622833967209,,,,,0.1280485041001264,0.18119561672210693,,,,,0.11524951370323405,0.2308565080165863,,,,,0.11089841232580297,0.22571539878845215,,,,,0.10031443823348074,0.25870054960250854,,,,,0.09628272089449798,0.24632278084754944,,,,,0.09083204354871721,0.23351088166236877,,,,,0.08690093830227852,0.24983671307563782,,,,,0.08375366284128498,0.2629493474960327,,,,,0.07471502605168258,0.26916468143463135,,,,,0.07576228053692509,0.24169428646564484,,,,,0.08557820320129395,0.07173725683242083,0.2557638883590698,,,,,0.06731456158827108,0.09088493010333115,60.67415730337079,1.2500622174895295,0.07359217720873215,0.25832703709602356,,,,,0.07173725683242083,0.2557638883590698,,,,,,,,,,,,,,,,,,,,,,,,,,,,,,,,,,,,,,,,,,,,,,
MLP Summary Baseline,VPB,20,0.2651081036995439,0.08016044646501541,,,,,0.19695329008733525,0.07972203940153122,,,,,0.15089807100594044,0.09128981083631516,,,,,0.12508422815624406,0.08870407193899155,,,,,0.11026054302997448,0.09729492664337158,,,,,0.10588333185981302,0.12088337540626526,,,,,0.10073273815214634,0.1464342623949051,,,,,0.10447550126734902,0.19352620840072632,,,,,0.08966735093032613,0.1915789097547531,,,,,0.08033163188134923,0.1745665967464447,,,,,0.07967803013675354,0.19150909781455994,,,,,0.07805989507366629,0.18384313583374023,,,,,0.07119572277673904,0.18836581707000732,,,,,0.06855376798878698,0.19919489324092865,,,,,0.06689452500466038,0.18462906777858734,,,,,0.06661889236420393,0.1912120282649994,,,,,0.07972203940153122,0.06478866008932099,0.1838265210390091,,,,,0.10547151031269317,0.14362817303005931,36.04651162790697,-0.8184177548240825,0.06478866008932099,0.1838265210390091,,,,,,,,,,,,,,,,,,,,,,,,,,,,,,,,,,,,,,,,,,,,,,,,,,,,
CNN-LSTM,VCB,20,0.304402636254535,0.032586682587862015,0.11448600888252258,0.08990876376628876,100.0,0.0,0.2894687091602999,0.06816598773002625,0.15036895871162415,-0.12928274273872375,22.93577981651376,77.06422018348624,0.2697175460703233,0.05357161909341812,0.17271912097930908,0.0934646800160408,58.71559633027523,41.284403669724774,0.2295740430845934,0.20268703997135162,0.41714778542518616,-0.11334405094385147,26.605504587155966,73.39449541284404,0.17974616718642852,0.15163137018680573,0.32201752066612244,0.5523363947868347,88.9908256880734,11.009174311926607,0.16742382089004798,0.19568809866905212,0.3008967339992523,0.003647712292149663,40.36697247706422,59.63302752293578,0.12380843390436734,0.41165271401405334,0.4768609404563904,-0.16104114055633545,31.19266055045872,68.80733944954129,0.10915099654127569,0.3947073221206665,0.3947073221206665,0.07991441339254379,34.862385321100916,65.13761467889908,0.10026325625093545,0.48342165350914,0.48342165350914,-0.2888682186603546,21.100917431192663,78.89908256880734,0.09063548244097654,0.31049108505249023,0.31049108505249023,0.13804061710834503,42.201834862385326,57.798165137614674,0.07975627843509703,0.425388365983963,0.425388365983963,0.05442431941628456,36.69724770642202,63.30275229357798,0.06669073223191149,0.35022634267807007,0.35022634267807007,-0.15924346446990967,28.440366972477065,71.55963302752293,0.06023601497359136,0.33852699398994446,0.33852699398994446,0.13230812549591064,44.03669724770643,55.96330275229357,0.04731449430041453,0.38413506746292114,0.38413506746292114,-0.0674850270152092,33.02752293577982,66.97247706422019,0.04538380935349885,0.3892285227775574,0.3892285227775574,-0.0889301598072052,25.688073394495415,74.31192660550458,0.041776461143265754,0.3389766216278076,0.3389766216278076,0.15406928956508636,46.788990825688074,53.21100917431193,0.11448600888252258,0.041776461143265754,0.3389766216278076,0.3389766216278076,0.15406928956508636,46.788990825688074,53.21100917431193,0.06478239354794725,0.08718177789725484,45.593869731800766,0.45859585867983643,,,,,,,,,,,,,,,,,,,,,,,,,,,,,,,,,,,,,,,,,,,,,,,,,,,,,,
CNN-LSTM,CTG,20,0.3333148789756438,0.15235203504562378,0.24737843871116638,0.16723690927028656,88.9908256880734,11.009174311926607,0.31473645787028703,0.13718582689762115,0.212900310754776,0.09893520921468735,66.97247706422019,33.02752293577982,0.2920522194574861,0.13646377623081207,0.23425014317035675,0.08396293222904205,62.38532110091744,37.61467889908257,0.2673457812737016,0.2033773511648178,0.326882541179657,-0.08766508847475052,56.88073394495413,43.11926605504588,0.23398901785121246,0.17870958149433136,0.3392947018146515,0.17190967500209808,71.55963302752293,28.440366972477065,0.24778502872761557,0.22625581920146942,0.29030275344848633,0.015508368611335754,61.46788990825688,38.53211009174312,0.22020004382904837,0.2561870813369751,0.30191290378570557,0.39640066027641296,68.80733944954129,31.19266055045872,0.18907582913251483,0.37749284505844116,0.37749284505844116,-0.09382728487253189,33.94495412844037,66.05504587155964,0.15566157286658006,0.3323523998260498,0.3323523998260498,0.4449273943901062,75.22935779816514,24.770642201834864,0.11688790558015599,0.33639395236968994,0.33639395236968994,0.31299644708633423,78.89908256880734,21.100917431192663,0.10520385019481182,0.27952176332473755,0.27952176332473755,0.14515702426433563,57.798165137614674,42.201834862385326,0.09322426665355177,0.26287856698036194,0.26287856698036194,0.20865684747695923,66.05504587155964,33.94495412844037,0.06759982369840145,0.30246594548225403,0.30246594548225403,0.11534485220909119,55.96330275229357,44.03669724770643,0.06356917299768504,0.28705137968063354,0.28705137968063354,0.1933107078075409,66.05504587155964,33.94495412844037,0.053128517890239466,0.29500970244407654,0.29500970244407654,0.058410368859767914,57.798165137614674,42.201834862385326,0.05102511473438319,0.2538624405860901,0.2538624405860901,0.03972535580396652,56.88073394495413,43.11926605504588,0.212900310754776,0.04662181020659559,0.2376088947057724,0.2376088947057724,0.16663187742233276,64.22018348623854,35.77981651376147,0.058926269360373804,0.0723776676986437,62.5,1.6304856209679428,0.04662181020659559,0.2376088947057724,0.2376088947057724,0.16663187742233276,64.22018348623854,35.77981651376147,,,,,,,,,,,,,,,,,,,,,,,,,,,,,,,,,,,,,,,,,,,,,,,,
CNN-LSTM,ACB,20,0.3177044847432305,0.12156263738870621,0.2631538510322571,0.2497842013835907,100.0,0.0,0.3083944561726907,0.11104858666658401,0.23605266213417053,0.20215819776058197,79.81651376146789,20.18348623853211,0.2850351335809511,0.06429050862789154,0.10972337424755096,0.06852860003709793,47.706422018348626,52.293577981651374,0.23551342110423482,0.2616678476333618,0.45949846506118774,0.6245803833007812,85.3211009174312,14.678899082568808,0.2085319871411604,0.1629476249217987,0.30574285984039307,0.011000281199812889,35.77981651376147,64.22018348623854,0.19371053883258035,0.21382129192352295,0.31887584924697876,0.3070768415927887,70.64220183486239,29.357798165137616,0.16468658254427068,0.2890828847885132,0.33601683378219604,0.2794555127620697,68.80733944954129,31.19266055045872,0.1578938251032549,0.2552794814109802,0.2552794814109802,0.13482683897018433,58.71559633027523,41.284403669724774,0.11539187643896132,0.4360051155090332,0.4360051155090332,0.13725410401821136,44.03669724770643,55.96330275229357,0.1120705463211326,0.5611646175384521,0.5611646175384521,0.370942085981369,63.30275229357798,36.69724770642202,0.09425250002566506,0.39370131492614746,0.39370131492614746,0.17235475778579712,59.63302752293578,40.36697247706422,0.08343557147857021,0.31683778762817383,0.31683778762817383,0.10368260741233826,41.284403669724774,58.71559633027523,0.06367992516607046,0.3005603551864624,0.3005603551864624,0.10951196402311325,51.37614678899083,48.62385321100918,0.05201329170342754,0.3800559639930725,0.3800559639930725,0.11596392095088959,55.04587155963303,44.95412844036697,0.052909987047314644,0.38815757632255554,0.38815757632255554,0.056065190583467484,50.45871559633027,49.54128440366973,0.04750350901090047,0.3338252902030945,0.3338252902030945,-0.026647470891475677,48.62385321100918,51.37614678899083,0.10972337424755096,0.044629112598212325,0.31369179487228394,0.31369179487228394,-0.021328020840883255,41.284403669724774,58.71559633027523,0.04944324394145888,0.06725672878449554,43.02325581395349,-0.32763838073167734,0.04643796773298698,0.34563639760017395,0.34563639760017395,0.1025051474571228,51.37614678899083,48.62385321100918,0.044629112598212325,0.31369179487228394,0.31369179487228394,-0.021328020840883255,41.284403669724774,58.71559633027523,,,,,,,,,,,,,,,,,,,,,,,,,,,,,,,,,,,,,,,,,,
CNN-LSTM,BID,20,0.3156305235974929,0.07968006283044815,0.1420181691646576,0.07775332778692245,56.88073394495413,43.11926605504588,0.2899509409771246,0.06757386028766632,0.13458871841430664,0.012164292857050896,41.284403669724774,58.71559633027523,0.27992189040078835,0.11137397587299347,0.2118252068758011,0.12486480921506882,42.201834862385326,57.798165137614674,0.2566017276223968,0.13572093844413757,0.2722514867782593,-0.07448533922433853,33.02752293577982,66.97247706422019,0.21975557922440417,0.1842879056930542,0.363518625497818,0.28749948740005493,63.30275229357798,36.69724770642202,0.1917121782898903,0.20963554084300995,0.3229474723339081,-0.00460056634619832,45.87155963302752,54.12844036697248,0.183614130186684,0.4016701579093933,0.48088812828063965,0.20077291131019592,66.05504587155964,33.94495412844037,0.15786125993027406,0.4867247939109802,0.4867247939109802,-0.2633264660835266,35.77981651376147,64.22018348623854,0.15846505673492656,0.5611029863357544,0.5611029863357544,-0.21313701570034027,36.69724770642202,63.30275229357798,0.12601533422575278,0.7117276191711426,0.7117276191711426,-0.037714120000600815,41.284403669724774,58.71559633027523,0.10192031807759229,0.42495763301849365,0.42495763301849365,-0.11115521192550659,36.69724770642202,63.30275229357798,0.09653394110500813,0.5171496868133545,0.5171496868133545,-0.011661309748888016,41.284403669724774,58.71559633027523,0.07737956930171042,0.3752667307853699,0.3752667307853699,0.19448240101337433,52.293577981651374,47.706422018348626,0.06198145931257921,0.5302388668060303,0.5302388668060303,-0.21849270164966583,32.11009174311927,67.88990825688074,0.0568570415763294,0.529803991317749,0.529803991317749,-0.13229547441005707,38.53211009174312,61.46788990825688,0.05646524003104252,0.31064367294311523,0.31064367294311523,0.07568059116601944,44.95412844036697,55.04587155963303,0.13458871841430664,0.04956510241198189,0.35348695516586304,0.35348695516586304,-0.07871603965759277,33.02752293577982,66.97247706422019,0.07386712835529867,0.10471692661308384,53.62903225806451,0.787966371940589,0.04956510241198189,0.35348695516586304,0.35348695516586304,-0.07871603965759277,33.02752293577982,66.97247706422019,,,,,,,,,,,,,,,,,,,,,,,,,,,,,,,,,,,,,,,,,,,,,,,,
CNN-LSTM,TCB,20,0.2792592929566608,0.11340285837650299,0.23387199640274048,0.14537668228149414,67.88990825688074,32.11009174311927,0.266633222646573,0.11355423182249069,0.2351483404636383,0.10701615363359451,66.97247706422019,33.02752293577982,0.2457254888380275,0.14730539917945862,0.3192257285118103,0.18445177376270294,75.22935779816514,24.770642201834864,0.2197394270230742,0.18790651857852936,0.38084930181503296,0.4701334536075592,81.65137614678899,18.34862385321101,0.18578233942389488,0.21401187777519226,0.382818341255188,0.20427992939949036,56.88073394495413,43.11926605504588,0.1594164610347327,0.44041287899017334,0.6042439937591553,0.6109445691108704,75.22935779816514,24.770642201834864,0.14854253795655334,0.36539319157600403,0.4227195978164673,0.4780946373939514,70.64220183486239,29.357798165137616,0.1178295022862799,0.47586363554000854,0.47586363554000854,0.6380638480186462,77.06422018348624,22.93577981651376,0.10440285865436583,0.528826117515564,0.528826117515564,0.4868119955062866,69.72477064220183,30.275229357798167,0.08371061678318416,0.3354179263114929,0.3354179263114929,0.3553139567375183,73.39449541284404,26.605504587155966,0.08263512624098975,0.30126944184303284,0.30126944184303284,0.29693347215652466,67.88990825688074,32.11009174311927,0.07341139484196901,0.37325525283813477,0.37325525283813477,0.3925894498825073,77.98165137614679,22.018348623853214,0.062103267868652064,0.44041013717651367,0.44041013717651367,0.4292142987251282,66.97247706422019,33.02752293577982,0.05295766572303632,0.2595328390598297,0.2595328390598297,0.18614064157009125,61.46788990825688,38.53211009174312,0.0595778224113233,0.4167044162750244,0.4167044162750244,0.4503457248210907,69.72477064220183,30.275229357798167,0.04533879628733677,0.3990907669067383,0.3990907669067383,0.39603573083877563,67.88990825688074,32.11009174311927,0.23387199640274048,0.04533879628733677,0.3990907669067383,0.3990907669067383,0.39603573083877563,67.88990825688074,32.11009174311927,0.07363414137830264,0.09231075517134515,57.58754863813229,0.6166649481587498,,,,,,,,,,,,,,,,,,,,,,,,,,,,,,,,,,,,,,,,,,,,,,,,,,,,,,
CNN-LSTM,MBB,20,0.3191576424766989,0.11916769295930862,0.27073347568511963,0.26416510343551636,100.0,0.0,0.3067210378015743,0.1309949904680252,0.2987251877784729,0.26333293318748474,78.89908256880734,21.100917431192663,0.2819295595673954,0.2226436734199524,0.4760058522224426,0.4721680283546448,80.73394495412845,19.26605504587156,0.2590454843114404,0.17217610776424408,0.38095569610595703,0.24124771356582642,64.22018348623854,35.77981651376147,0.2221235396230922,0.14947715401649475,0.3165624737739563,0.24335286021232605,71.55963302752293,28.440366972477065,0.20174885081017718,0.237940713763237,0.35820624232292175,-0.12427233904600143,36.69724770642202,63.30275229357798,0.19045858720646186,0.42987489700317383,0.5287160873413086,0.2728351652622223,75.22935779816514,24.770642201834864,0.1907456232344403,0.5345222353935242,0.5345222353935242,0.22036823630332947,66.97247706422019,33.02752293577982,0.14990685529568615,0.4769343435764313,0.4769343435764313,0.39917612075805664,82.56880733944955,17.431192660550458,0.16482140036190257,0.6165575981140137,0.6165575981140137,0.32431718707084656,71.55963302752293,28.440366972477065,0.09528495831524625,0.5065755844116211,0.5065755844116211,0.16058377921581268,59.63302752293578,40.36697247706422,0.09333077456582994,0.5704748034477234,0.5704748034477234,0.0783664733171463,66.05504587155964,33.94495412844037,0.07024734456311255,0.6563622951507568,0.6563622951507568,0.521058201789856,80.73394495412845,19.26605504587156,0.05560870830188779,0.6782805919647217,0.6782805919647217,0.5608131289482117,79.81651376146789,20.18348623853211,0.05439797438242856,0.6019232273101807,0.6019232273101807,0.37556013464927673,70.64220183486239,29.357798165137616,0.05106908828020096,0.48048701882362366,0.48048701882362366,0.1440523862838745,66.05504587155964,33.94495412844037,0.27073347568511963,0.05106908828020096,0.48048701882362366,0.48048701882362366,0.1440523862838745,66.05504587155964,33.94495412844037,0.06402507943695676,0.0879612297223608,61.79775280898876,1.294425880386157,,,,,,,,,,,,,,,,,,,,,,,,,,,,,,,,,,,,,,,,,,,,,,,,,,,,,,
CNN-LSTM,VPB,20,0.2924613900044385,0.09962160885334015,0.17918682098388672,0.0838567316532135,81.65137614678899,18.34862385321101,0.27508315356338725,0.11722952872514725,0.22865834832191467,-0.055524107068777084,33.02752293577982,66.97247706422019,0.26258357176009345,0.1300981491804123,0.25017228722572327,0.05628122389316559,66.97247706422019,33.02752293577982,0.23984811279703588,0.16279006004333496,0.367110013961792,0.096049003303051,56.88073394495413,43.11926605504588,0.21494600264465108,0.20110495388507843,0.38032853603363037,-0.29302120208740234,22.93577981651376,77.06422018348624,0.2062359829159344,0.40860360860824585,0.6080473065376282,-0.28822627663612366,30.275229357798167,69.72477064220183,0.17766317133517825,0.4100942015647888,0.4816592335700989,-0.4295135736465454,22.018348623853214,77.98165137614679,0.17372619338771877,0.5960147380828857,0.5960147380828857,-0.46418800950050354,17.431192660550458,82.56880733944955,0.12566060474252,0.5508244037628174,0.5508244037628174,-0.1718832552433014,27.522935779816514,72.47706422018348,0.13167452067136765,0.7324533462524414,0.7324533462524414,-0.36528369784355164,37.61467889908257,62.38532110091744,0.1152151259867584,0.4031614065170288,0.4031614065170288,-0.053326401859521866,39.44954128440367,60.550458715596335,0.09776966701097348,0.5770349502563477,0.5770349502563477,-0.47631168365478516,22.018348623853214,77.98165137614679,0.08252877654398189,0.4203747510910034,0.4203747510910034,-0.031686171889305115,33.02752293577982,66.97247706422019,0.07994237394236467,0.44067269563674927,0.44067269563674927,-0.18347476422786713,38.53211009174312,61.46788990825688,0.06413433656972997,0.3624606728553772,0.3624606728553772,0.06388647854328156,54.12844036697248,45.87155963302752,0.05181598597589661,0.45506519079208374,0.45506519079208374,-0.19183588027954102,34.862385321100916,65.13761467889908,0.17918682098388672,0.05181598597589661,0.45506519079208374,0.45506519079208374,-0.19183588027954102,34.862385321100916,65.13761467889908,0.09290637747205725,0.13294554412471996,55.81395348837209,0.8499387409501976,,,,,,,,,,,,,,,,,,,,,,,,,,,,,,,,,,,,,,,,,,,,,,,,,,,,,,
CNN-LSTM Hybrid,VCB,20,0.30168866278494105,0.0872642770409584,0.20065321028232574,-0.17971813678741455,3.669724770642202,96.3302752293578,0.27937038418124704,0.09292930364608765,0.23750337958335876,-0.04682806506752968,33.94495412844037,66.05504587155964,0.24704494261566332,0.1351458877325058,0.3350917100906372,0.02682378701865673,52.293577981651374,47.706422018348626,0.20390278363929076,0.1848118156194687,0.43958449363708496,0.15215644240379333,51.37614678899083,48.62385321100918,0.16635075781275244,0.15525691211223602,0.3592587113380432,0.23916664719581604,57.798165137614674,42.201834862385326,0.15827043003895702,0.16702434420585632,0.26269668340682983,0.14298510551452637,53.21100917431193,46.788990825688074,0.14426999035127022,0.3327842056751251,0.404315710067749,0.378839373588562,67.88990825688074,32.11009174311927,0.10928560859140228,0.2538321912288666,0.2538321912288666,0.14068114757537842,55.96330275229357,44.03669724770643,0.11113083735108376,0.4087030589580536,0.4087030589580536,0.3802267909049988,61.46788990825688,38.53211009174312,0.08037804034264649,0.36327943205833435,0.36327943205833435,0.3808615803718567,69.72477064220183,30.275229357798167,0.07701804970993716,0.4354397654533386,0.4354397654533386,0.339935302734375,58.71559633027523,41.284403669724774,0.07127540421617382,0.3830277621746063,0.3830277621746063,0.3525089621543884,63.30275229357798,36.69724770642202,0.060133783585008455,0.44482940435409546,0.44482940435409546,0.3400838375091553,59.63302752293578,40.36697247706422,0.060102834530613,0.36566421389579773,0.36566421389579773,0.27497875690460205,59.63302752293578,40.36697247706422,0.047969683073461056,0.3883468508720398,0.3883468508720398,0.4277253746986389,68.80733944954129,31.19266055045872,0.04674615168615299,0.37876659631729126,0.37876659631729126,0.31726253032684326,65.13761467889908,34.862385321100916,0.20065321028232574,0.04674615168615299,0.37876659631729126,0.37876659631729126,0.31726253032684326,65.13761467889908,34.862385321100916,0.06215329453024002,0.08580976833634081,48.275862068965516,0.3111108724954361,,,,,,,,,,,,,,,,,,,,,,,,,,,,,,,,,,,,,,,,,,,,,,,,,,,,,,
CNN-LSTM Hybrid,CTG,20,0.32916617218185873,0.16576160490512848,0.2606131434440613,0.12527494132518768,59.63302752293578,40.36697247706422,0.31184541959972945,0.14045225083827972,0.24668437242507935,0.19529983401298523,75.22935779816514,24.770642201834864,0.289863901979783,0.14451415836811066,0.27632373571395874,0.29921838641166687,74.31192660550458,25.688073394495415,0.27392956526840434,0.16155403852462769,0.2938440442085266,0.2321261465549469,70.64220183486239,29.357798165137616,0.2204976349192507,0.1835031658411026,0.33942389488220215,0.24844403564929962,67.88990825688074,32.11009174311927,0.2196054616395165,0.3158261775970459,0.46574875712394714,0.4932921230792999,82.56880733944955,17.431192660550458,0.21029415244565292,0.2739892899990082,0.3205248713493347,0.30146321654319763,73.39449541284404,26.605504587155966,0.19317625419181936,0.3754318356513977,0.3754318356513977,0.3657895028591156,66.97247706422019,33.02752293577982,0.1447203154949581,0.35374295711517334,0.35374295711517334,0.4551010727882385,70.64220183486239,29.357798165137616,0.11895842696813975,0.40818071365356445,0.40818071365356445,0.3850339949131012,69.72477064220183,30.275229357798167,0.11066102740519188,0.4491803050041199,0.4491803050041199,0.30396124720573425,66.97247706422019,33.02752293577982,0.08413050093633287,0.41691431403160095,0.41691431403160095,0.42492735385894775,67.88990825688074,32.11009174311927,0.08372799055102993,0.39522314071655273,0.39522314071655273,0.3697861135005951,66.97247706422019,33.02752293577982,0.07865172465715338,0.3632882237434387,0.3632882237434387,0.3203928768634796,68.80733944954129,31.19266055045872,0.056551324422745144,0.35506385564804077,0.35506385564804077,0.3530210852622986,69.72477064220183,30.275229357798167,0.05396007324623711,0.4508960545063019,0.4508960545063019,0.33962687849998474,68.80733944954129,31.19266055045872,0.24668437242507935,0.05640985444188118,0.37011170387268066,0.37011170387268066,0.2676909863948822,65.13761467889908,34.862385321100916,0.05906775384299098,0.0744132010839902,66.40625,1.6209354915202645,0.05640985444188118,0.37011170387268066,0.37011170387268066,0.2676909863948822,65.13761467889908,34.862385321100916,,,,,,,,,,,,,,,,,,,,,,,,,,,,,,,,,,,,,,,,,,,,,,,,
CNN-LSTM Hybrid,ACB,20,0.3230283979107352,0.1273667812347412,0.29257047176361084,0.36236369609832764,100.0,0.0,0.3041971133035772,0.11133316159248352,0.24339692294597626,0.24024488031864166,78.89908256880734,21.100917431192663,0.25016534153152914,0.15754717588424683,0.29877540469169617,0.15091480314731598,52.293577981651374,47.706422018348626,0.21259486499954672,0.1277402937412262,0.22251635789871216,0.12559525668621063,45.87155963302752,54.12844036697248,0.17171580848448417,0.1407674252986908,0.2732717990875244,0.23976965248584747,69.72477064220183,30.275229357798167,0.15604919414309895,0.23755380511283875,0.34103167057037354,0.3047148585319519,64.22018348623854,35.77981651376147,0.13120156154036522,0.30800285935401917,0.3664111793041229,0.14938786625862122,62.38532110091744,37.61467889908257,0.1381134733776836,0.23205554485321045,0.23205554485321045,-0.02814393676817417,45.87155963302752,54.12844036697248,0.10020058448700343,0.31141120195388794,0.31141120195388794,0.0672692283987999,46.788990825688074,53.21100917431193,0.08035444153253646,0.4006902575492859,0.4006902575492859,0.24176105856895447,55.04587155963303,44.95412844036697,0.07352118752896786,0.36319106817245483,0.36319106817245483,0.15952999889850616,50.45871559633027,49.54128440366973,0.06739663099870086,0.3201321065425873,0.3201321065425873,-0.07323253154754639,45.87155963302752,54.12844036697248,0.05756200992447488,0.4034513235092163,0.4034513235092163,-0.08347394317388535,39.44954128440367,60.550458715596335,0.05416558239170734,0.2810818552970886,0.2810818552970886,0.20520542562007904,62.38532110091744,37.61467889908257,0.05132196701186545,0.293531596660614,0.293531596660614,0.22333155572414398,57.798165137614674,42.201834862385326,0.0487923984799315,0.2600591480731964,0.2600591480731964,0.09689236432313919,49.54128440366973,50.45871559633027,0.22251635789871216,0.04791065491735935,0.30717283487319946,0.30717283487319946,0.0718662440776825,52.293577981651374,47.706422018348626,0.05824116756570416,0.07104146708010847,42.248062015503876,0.2561989980091896,0.04501698894754929,0.30578523874282837,0.30578523874282837,0.06314060091972351,47.706422018348626,52.293577981651374,0.04440839878995629,0.2974322736263275,0.2974322736263275,0.08333005011081696,48.62385321100918,51.37614678899083,0.04791065491735935,0.30717283487319946,0.30717283487319946,0.0718662440776825,52.293577981651374,47.706422018348626,,,,,,,,,,,,,,,,,,,,,,,,,,,,,,,,,,,,
CNN-LSTM Hybrid,BID,20,0.3087086092461558,0.08634638041257858,0.162992924451828,0.23673023283481598,76.14678899082568,23.853211009174313,0.27624202125212727,0.10329669713973999,0.18675801157951355,0.3273332118988037,74.31192660550458,25.688073394495415,0.2589826180654414,0.11018887907266617,0.22317206859588623,0.22680044174194336,62.38532110091744,37.61467889908257,0.23640811005059412,0.12309417873620987,0.25843489170074463,-0.16797217726707458,33.94495412844037,66.05504587155964,0.22774609112564256,0.15597355365753174,0.25303590297698975,0.3632986843585968,71.55963302752293,28.440366972477065,0.19972967619405074,0.2799176871776581,0.4058977961540222,0.1689261794090271,48.62385321100918,51.37614678899083,0.19321191530017293,0.36009517312049866,0.4200369715690613,0.32349202036857605,54.12844036697248,45.87155963302752,0.14862133058554985,0.3865745961666107,0.3865745961666107,0.1978864222764969,51.37614678899083,48.62385321100918,0.1263443736688179,0.3925456404685974,0.3925456404685974,0.04846101254224777,44.03669724770643,55.96330275229357,0.11466126702725887,0.2724234461784363,0.2724234461784363,0.14267964661121368,44.03669724770643,55.96330275229357,0.09871237900327234,0.3434118628501892,0.3434118628501892,0.10086330026388168,46.788990825688074,53.21100917431193,0.0855654235381414,0.3571676015853882,0.3571676015853882,0.1767282634973526,52.293577981651374,47.706422018348626,0.0783185148063828,0.36690422892570496,0.36690422892570496,0.0815228745341301,42.201834862385326,57.798165137614674,0.06735434251673081,0.3827413022518158,0.3827413022518158,0.07370350509881973,43.11926605504588,56.88073394495413,0.06687904894351959,0.3922407627105713,0.3922407627105713,0.23931804299354553,49.54128440366973,50.45871559633027,0.05682175902321058,0.37266457080841064,0.37266457080841064,0.2525275945663452,47.706422018348626,52.293577981651374,0.162992924451828,0.05682175902321058,0.37266457080841064,0.37266457080841064,0.2525275945663452,47.706422018348626,52.293577981651374,0.07442764563442172,0.10551287527788877,60.88709677419355,0.869741288370445,,,,,,,,,,,,,,,,,,,,,,,,,,,,,,,,,,,,,,,,,,,,,,,,,,,,,,
CNN-LSTM Hybrid,TCB,20,0.2799510653404629,0.12945783138275146,0.2665129005908966,0.06139339506626129,60.550458715596335,39.44954128440367,0.24732544558013186,0.13555532693862915,0.2869361639022827,0.352599173784256,100.0,0.0,0.22591703604249394,0.11533088982105255,0.20635345578193665,0.16536866128444672,88.9908256880734,11.009174311926607,0.20100647057680524,0.1449887603521347,0.2809092402458191,0.24876001477241516,82.56880733944955,17.431192660550458,0.17658674059545293,0.18838326632976532,0.32319772243499756,-0.09340652078390121,54.12844036697248,45.87155963302752,0.1784142393837957,0.166312575340271,0.22496314346790314,-0.05719864368438721,43.11926605504588,56.88073394495413,0.16044625749482827,0.18610379099845886,0.20746223628520966,0.07300733029842377,38.53211009174312,61.46788990825688,0.13650331558550105,0.26383519172668457,0.26383519172668457,0.1595127284526825,66.97247706422019,33.02752293577982,0.10644697529428146,0.31627413630485535,0.31627413630485535,0.17597419023513794,55.04587155963303,44.95412844036697,0.08048275408937651,0.2502696216106415,0.2502696216106415,0.11349252611398697,53.21100917431193,46.788990825688074,0.06813213031958132,0.30875444412231445,0.30875444412231445,0.20639808475971222,66.05504587155964,33.94495412844037,0.0645516406306449,0.2897093892097473,0.2897093892097473,0.2113131284713745,64.22018348623854,35.77981651376147,0.05867701966096373,0.4136750102043152,0.4136750102043152,0.4775035083293915,79.81651376146789,20.18348623853211,0.05200579209143624,0.29623812437057495,0.29623812437057495,0.16399598121643066,55.96330275229357,44.03669724770643,0.05102356112397769,0.2829321026802063,0.2829321026802063,0.22988207638263702,59.63302752293578,40.36697247706422,0.04331273969043704,0.32066208124160767,0.32066208124160767,0.27756908535957336,67.88990825688074,32.11009174311927,0.20635345578193665,0.03776905907537131,0.3323536515235901,0.3323536515235901,0.19773872196674347,57.798165137614674,42.201834862385326,0.07274595606924669,0.08855529005522231,61.478599221789885,1.4859060439162952,0.03943971237715553,0.2872324585914612,0.2872324585914612,0.22221578657627106,61.46788990825688,38.53211009174312,0.03776905907537131,0.3323536515235901,0.3323536515235901,0.19773872196674347,57.798165137614674,42.201834862385326,,,,,,,,,,,,,,,,,,,,,,,,,,,,,,,,,,,,,,,,,,
CNN-LSTM Hybrid,MBB,20,0.3262990336207783,0.12637735903263092,0.2841595709323883,0.3010862171649933,97.24770642201835,2.7522935779816518,0.2977580489481197,0.11097383499145508,0.2305409163236618,0.12288280576467514,55.04587155963303,44.95412844036697,0.2752119754167164,0.10308831930160522,0.21715831756591797,0.27737557888031006,92.66055045871559,7.339449541284404,0.23905153002809076,0.12436017394065857,0.2219761312007904,0.14510378241539001,55.04587155963303,44.95412844036697,0.18620534175459078,0.2706986367702484,0.5335522890090942,0.45970290899276733,88.07339449541286,11.926605504587156,0.1762180968242533,0.3907516896724701,0.5974854230880737,0.04588158801198006,55.96330275229357,44.03669724770643,0.142564006807173,0.32405632734298706,0.39095014333724976,0.22119148075580597,73.39449541284404,26.605504587155966,0.11368214930681621,0.43310242891311646,0.43310242891311646,0.21351465582847595,64.22018348623854,35.77981651376147,0.11700831392012975,0.4544822573661804,0.4544822573661804,0.09412351995706558,61.46788990825688,38.53211009174312,0.08752124438829281,0.37392932176589966,0.37392932176589966,-0.0003197439364157617,53.21100917431193,46.788990825688074,0.0795185730299529,0.3979341983795166,0.3979341983795166,0.23142893612384796,77.06422018348624,22.93577981651376,0.06614317471051917,0.44984471797943115,0.44984471797943115,0.11780135333538055,64.22018348623854,35.77981651376147,0.05963569731615922,0.4997585415840149,0.4997585415840149,0.15769995748996735,63.30275229357798,36.69724770642202,0.05259915320750545,0.5086101293563843,0.5086101293563843,0.17068514227867126,68.80733944954129,31.19266055045872,0.05662231958087753,0.4478204846382141,0.4478204846382141,0.06741735339164734,60.550458715596335,39.44954128440367,0.051195540465414524,0.4434078335762024,0.4434078335762024,0.13642162084579468,66.97247706422019,33.02752293577982,0.21715831756591797,0.0407593365320388,0.5125471949577332,0.5125471949577332,0.2503419816493988,67.88990825688074,32.11009174311927,0.07493250520157034,0.09977540339626506,52.05992509363296,0.47923359267940757,0.04258048490566366,0.5058994293212891,0.5058994293212891,0.2527400255203247,76.14678899082568,23.853211009174313,0.0407593365320388,0.5125471949577332,0.5125471949577332,0.2503419816493988,67.88990825688074,32.11009174311927,,,,,,,,,,,,,,,,,,,,,,,,,,,,,,,,,,,,,,,,,,
CNN-LSTM Hybrid,VPB,20,0.28621674767311883,0.1270524114370346,0.2639104723930359,0.056542325764894485,54.12844036697248,45.87155963302752,0.26731473382781534,0.14833225309848785,0.33079349994659424,0.17199261486530304,60.550458715596335,39.44954128440367,0.25352585425271706,0.1772286593914032,0.3815075755119324,-0.0060150595381855965,44.03669724770643,55.96330275229357,0.22573205215089462,0.17916502058506012,0.3957883417606354,0.10942168533802032,57.798165137614674,42.201834862385326,0.18713158522458637,0.22155970335006714,0.45457571744918823,-0.051328327506780624,34.862385321100916,65.13761467889908,0.15993999667903958,0.35369253158569336,0.5181939601898193,-0.20955048501491547,35.77981651376147,64.22018348623854,0.13474841109093497,0.40883514285087585,0.49804362654685974,-0.001629878650419414,33.94495412844037,66.05504587155964,0.10570592948180788,0.41123610734939575,0.41123610734939575,-0.10511945933103561,39.44954128440367,60.550458715596335,0.09200827985563699,0.438105046749115,0.438105046749115,0.02987368032336235,42.201834862385326,57.798165137614674,0.08634641591240377,0.49730566143989563,0.49730566143989563,-0.12152133136987686,29.357798165137616,70.64220183486239,0.07453209391849883,0.34668564796447754,0.34668564796447754,-0.056374214589595795,34.862385321100916,65.13761467889908,0.06991343759000301,0.5298107862472534,0.5298107862472534,-0.17102815210819244,37.61467889908257,62.38532110091744,0.0648143170401454,0.43643519282341003,0.43643519282341003,-0.12105734646320343,30.275229357798167,69.72477064220183,0.05635369952548953,0.4568263590335846,0.4568263590335846,-0.04793373867869377,42.201834862385326,57.798165137614674,0.04965893190134974,0.41493237018585205,0.41493237018585205,-0.09509450942277908,36.69724770642202,63.30275229357798,0.050592239288722765,0.4479221701622009,0.4479221701622009,-0.04397524520754814,39.44954128440367,60.550458715596335,0.2639104723930359,0.050592239288722765,0.4479221701622009,0.4479221701622009,-0.04397524520754814,39.44954128440367,60.550458715596335,0.09674888094327116,0.13375275817916482,43.798449612403104,-0.016285192795518204,,,,,,,,,,,,,,,,,,,,,,,,,,,,,,,,,,,,,,,,,,,,,,,,,,,,,,
GPT4TS Baseline,VCB,20,0.3137409020872677,0.02901533804833889,0.1148148849606514,0.13188837468624115,100.0,0.0,0.30087697681258707,0.02886006236076355,0.11481671035289764,0.1381158083677292,100.0,0.0,0.29491499899064794,0.031266067177057266,0.12809571623802185,0.16744375228881836,100.0,0.0,0.26171945079284553,0.06712745130062103,0.21307392418384552,0.33430907130241394,93.57798165137615,6.422018348623854,0.21683572320377126,0.1169438511133194,0.29462486505508423,0.4038410782814026,91.74311926605505,8.256880733944955,0.20393233614809372,0.1708078682422638,0.27067384123802185,0.11499887704849243,47.706422018348626,52.293577981651374,0.19113089056576,0.26772475242614746,0.32672959566116333,0.3427651822566986,66.97247706422019,33.02752293577982,0.17402227529708078,0.2822509706020355,0.2822509706020355,0.33933377265930176,73.39449541284404,26.605504587155966,0.1667606683776659,0.3159487843513489,0.3159487843513489,0.2903047204017639,66.05504587155964,33.94495412844037,0.14372407666900577,0.28778624534606934,0.28778624534606934,0.30100932717323303,65.13761467889908,34.862385321100916,0.13419797326273777,0.324022114276886,0.324022114276886,0.43568360805511475,76.14678899082568,23.853211009174313,,,,,,,,,,,,,,,,,,,,,,,,,,,,,,,0.1148148849606514,0.13419797326273777,0.324022114276886,0.324022114276886,0.43568360805511475,76.14678899082568,23.853211009174313,0.0667575261172699,0.0885380152291696,40.99616858237548,-0.07615570942053529,,,,,,,,,,,,,,,,,,,,,,,,,,,,,,,,,,,,,,,,,,,,,,,,,,,,,,
GPT4TS Baseline,CTG,20,0.3287237168234937,0.1551985740661621,0.25453123450279236,0.17098647356033325,98.1651376146789,1.834862385321101,0.31326303806375055,0.16161122918128967,0.2794302701950073,0.20457765460014343,82.56880733944955,17.431192660550458,0.2995987797484678,0.14287684857845306,0.25457391142845154,0.23720000684261322,76.14678899082568,23.853211009174313,0.2697182363447021,0.17228204011917114,0.32596689462661743,0.3434522747993469,71.55963302752293,28.440366972477065,0.24589074227739782,0.19178862869739532,0.337346613407135,0.2336040586233139,63.30275229357798,36.69724770642202,0.233856289921438,0.2306598722934723,0.32970139384269714,0.2506333589553833,66.05504587155964,33.94495412844037,0.217998548903886,0.2722533643245697,0.3153645396232605,0.20648305118083954,58.71559633027523,41.284403669724774,0.19083075904670885,0.339854896068573,0.339854896068573,0.213275745511055,66.05504587155964,33.94495412844037,0.1684546827831689,0.4381054639816284,0.4381054639816284,0.2846728563308716,66.97247706422019,33.02752293577982,0.18497932877610712,0.3558858036994934,0.3558858036994934,0.3901311457157135,79.81651376146789,20.18348623853211,0.1477522747043301,0.31666016578674316,0.31666016578674316,0.17675141990184784,70.64220183486239,29.357798165137616,,,,,,,,,,,,,,,,,,,,,,,,,,,,,,,0.25453123450279236,0.1477522747043301,0.31666016578674316,0.31666016578674316,0.17675141990184784,70.64220183486239,29.357798165137616,0.06120158827178933,0.07599290450814206,65.625,1.082431140901607,,,,,,,,,,,,,,,,,,,,,,,,,,,,,,,,,,,,,,,,,,,,,,,,,,,,,,
GPT4TS Baseline,ACB,20,0.3180985253523378,0.11401749402284622,0.2480860948562622,0.2678271234035492,100.0,0.0,0.31310243334840326,0.10604044795036316,0.21832306683063507,0.18856008350849152,98.1651376146789,1.834862385321101,0.29643964635975223,0.12682287395000458,0.29483115673065186,0.35221901535987854,100.0,0.0,0.25884589815841,0.12179050594568253,0.2608933746814728,0.37293797731399536,86.23853211009175,13.761467889908257,0.23276418184532838,0.1459648758172989,0.284554660320282,0.4173245131969452,76.14678899082568,23.853211009174313,0.20916159648229093,0.24410775303840637,0.37399113178253174,0.30460208654403687,72.47706422018348,27.522935779816514,0.2010417747146943,0.21487462520599365,0.25806689262390137,0.23765131831169128,62.38532110091744,37.61467889908257,0.18167919840882807,0.3861880302429199,0.3861880302429199,0.36015012860298157,63.30275229357798,36.69724770642202,0.15690058535512755,0.4618329405784607,0.4618329405784607,0.10120823234319687,44.03669724770643,55.96330275229357,0.1326707796577145,0.4413245916366577,0.4413245916366577,0.27889570593833923,61.46788990825688,38.53211009174312,0.12644686352680712,0.5107545852661133,0.5107545852661133,0.15397997200489044,48.62385321100918,51.37614678899083,0.11642212815144483,0.4887106716632843,0.4887106716632843,0.21652920544147491,60.550458715596335,39.44954128440367,,,,,,,,,,,,,,,,,,,,,,,,,0.21832306683063507,0.11642212815144483,0.4887106716632843,0.4887106716632843,0.21652920544147491,60.550458715596335,39.44954128440367,0.05024813095584085,0.06438473828672155,50.775193798449614,0.5621064679788267,,,,,,,,,,,,,,,,,,,,,,,,,,,,,,,,,,,,,,,,,,,,,,,,,,,,,,
GPT4TS Baseline,BID,20,0.3184494959080921,0.09122200310230255,0.16218531131744385,0.03843046724796295,69.72477064220183,30.275229357798167,0.307944337673047,0.08694019913673401,0.15958952903747559,0.1467665284872055,92.66055045871559,7.339449541284404,0.2823476287371972,0.08016147464513779,0.16105152666568756,0.013931429013609886,48.62385321100918,51.37614678899083,0.2501177351702662,0.15034419298171997,0.30993416905403137,0.034798964858055115,55.96330275229357,44.03669724770643,0.2144051034222631,0.20585238933563232,0.42712879180908203,-0.06272856891155243,44.95412844036697,55.04587155963303,0.23124049428631277,0.27727010846138,0.4110131859779358,0.26242873072624207,69.72477064220183,30.275229357798167,0.21580436146434614,0.33613407611846924,0.40724503993988037,0.09498126059770584,55.96330275229357,44.03669724770643,0.20993203209603534,0.39414095878601074,0.39414095878601074,0.04133134335279465,49.54128440366973,50.45871559633027,0.18774066514828625,0.4469195306301117,0.4469195306301117,0.08880821615457535,53.21100917431193,46.788990825688074,0.16799047326340394,0.3878398537635803,0.3878398537635803,0.24400749802589417,60.550458715596335,39.44954128440367,0.15415925696930466,0.5521306991577148,0.5521306991577148,0.20367924869060516,59.63302752293578,40.36697247706422,0.12713080041987054,0.3350430130958557,0.3350430130958557,-0.03989894688129425,43.11926605504588,56.88073394495413,,,,,,,,,,,,,,,,,,,,,,,,,0.15958952903747559,0.12713080041987054,0.3350430130958557,0.3350430130958557,-0.03989894688129425,43.11926605504588,56.88073394495413,0.07479891979217916,0.10894276655730066,58.46774193548387,0.759136708031774,,,,,,,,,,,,,,,,,,,,,,,,,,,,,,,,,,,,,,,,,,,,,,,,,,,,,,
GPT4TS Baseline,TCB,20,0.28198328438927145,0.11215900629758835,0.2231496274471283,0.140712171792984,88.07339449541286,11.926605504587156,0.27095021614257025,0.11864247173070908,0.24497532844543457,0.13011863827705383,75.22935779816514,24.770642201834864,0.2553878067170872,0.16125379502773285,0.3449093699455261,0.12221693992614746,72.47706422018348,27.522935779816514,0.23578440573285608,0.20302994549274445,0.3767426908016205,-0.20321547985076904,43.11926605504588,56.88073394495413,0.21818990172708735,0.14799842238426208,0.27856647968292236,-0.12681585550308228,43.11926605504588,56.88073394495413,0.20251264642266667,0.13781267404556274,0.20625880360603333,0.09141728281974792,55.96330275229357,44.03669724770643,0.20879287272691727,0.23602396249771118,0.2823086082935333,-0.02722073346376419,47.706422018348626,52.293577981651374,0.19540991962832563,0.25015559792518616,0.25015559792518616,-0.12777040898799896,36.69724770642202,63.30275229357798,0.15680296017843134,0.24811607599258423,0.24811607599258423,-0.08347935974597931,37.61467889908257,62.38532110091744,0.15687979538651073,0.22465640306472778,0.22465640306472778,0.09537472575902939,44.95412844036697,55.04587155963303,0.13656404548708131,0.22985561192035675,0.22985561192035675,0.1556260585784912,48.62385321100918,51.37614678899083,0.11616334297201213,0.2939525246620178,0.2939525246620178,0.2319677174091339,53.21100917431193,46.788990825688074,0.10578788937452961,0.30301424860954285,0.30301424860954285,0.2657802402973175,53.21100917431193,46.788990825688074,0.09541526688810657,0.2667052745819092,0.2667052745819092,0.2524283230304718,58.71559633027523,41.284403669724774,0.08666418931063484,0.2871190309524536,0.2871190309524536,0.2967696785926819,57.798165137614674,42.201834862385326,0.08330324434620492,0.283893883228302,0.283893883228302,0.2082323133945465,53.21100917431193,46.788990825688074,0.20625880360603333,0.08330324434620492,0.283893883228302,0.283893883228302,0.2082323133945465,53.21100917431193,46.788990825688074,0.08363136672313273,0.11178946420674686,51.36186770428015,0.7158966876934374,,,,,,,,,,,,,,,,,,,,,,,,,,,,,,,,,,,,,,,,,,,,,,,,,,,,,,
GPT4TS Baseline,MBB,20,0.31923696398735046,0.09564900398254395,0.19014081358909607,0.13125130534172058,87.1559633027523,12.844036697247708,0.3169207612381262,0.1209058091044426,0.2714589834213257,0.2986131012439728,100.0,0.0,0.2983636023367153,0.08919734507799149,0.17278258502483368,0.11910364031791687,78.89908256880734,21.100917431192663,0.26985984383260503,0.2008766531944275,0.442878395318985,0.5601809024810791,99.08256880733946,0.9174311926605505,0.23400563812431166,0.19109290838241577,0.40158212184906006,0.481224000453949,98.1651376146789,1.834862385321101,0.22784747577765407,0.25370824337005615,0.39846473932266235,0.47953125834465027,94.4954128440367,5.5045871559633035,0.19484916636172464,0.3974129557609558,0.4843757152557373,0.5310959219932556,94.4954128440367,5.5045871559633035,0.17240289795924635,0.40833282470703125,0.40833282470703125,0.3274020850658417,82.56880733944955,17.431192660550458,0.16328386107788367,0.6913103461265564,0.6913103461265564,0.8160737752914429,100.0,0.0,0.15451832740184138,0.6244292259216309,0.6244292259216309,0.6894348859786987,98.1651376146789,1.834862385321101,0.13340389334103642,0.403228759765625,0.403228759765625,0.40644749999046326,91.74311926605505,8.256880733944955,0.1255547388949815,0.40733903646469116,0.40733903646469116,0.4226389229297638,93.57798165137615,6.422018348623854,0.10488443230004872,0.3889446556568146,0.3889446556568146,0.3269389867782593,80.73394495412845,19.26605504587156,,,,,,,,,,,,,,,,,,,0.17278258502483368,0.10488443230004872,0.3889446556568146,0.3889446556568146,0.3269389867782593,80.73394495412845,19.26605504587156,0.06875536462817314,0.09209641923834747,58.052434456928836,1.0172739962912192,,,,,,,,,,,,,,,,,,,,,,,,,,,,,,,,,,,,,,,,,,,,,,,,,,,,,,
GPT4TS Baseline,VPB,20,0.29333239969085245,0.11314500123262405,0.20002585649490356,0.13597585260868073,100.0,0.0,0.28180397740181756,0.10094475746154785,0.16455209255218506,0.026746226474642754,59.63302752293578,40.36697247706422,0.274688559858238,0.10732128471136093,0.19377712905406952,-0.0783861055970192,25.688073394495415,74.31192660550458,0.25241858161547603,0.14353346824645996,0.29000791907310486,-0.0584750771522522,41.284403669724774,58.71559633027523,0.2236939215046518,0.18297891318798065,0.38459140062332153,0.013162457384169102,52.293577981651374,47.706422018348626,0.2232009696171564,0.2558617889881134,0.3760150372982025,-0.25281238555908203,28.440366972477065,71.55963302752293,0.21216956022031166,0.34381359815597534,0.4105967879295349,-0.29295939207077026,25.688073394495415,74.31192660550458,0.19766771377009504,0.2949928641319275,0.2949928641319275,-0.1536388397216797,31.19266055045872,68.80733944954129,0.18606941314304576,0.421047568321228,0.421047568321228,-0.1781591773033142,28.440366972477065,71.55963302752293,0.1510542760438779,0.49457478523254395,0.49457478523254395,-0.2566604018211365,29.357798165137616,70.64220183486239,0.14578698137227228,0.4953649938106537,0.4953649938106537,-0.23015762865543365,33.02752293577982,66.97247706422019,0.12136276855188258,0.4954591393470764,0.4954591393470764,-0.2831268310546875,33.02752293577982,66.97247706422019,,,,,,,,,,,,,,,,,,,,,,,,,0.16455209255218506,0.12136276855188258,0.4954591393470764,0.4954591393470764,-0.2831268310546875,33.02752293577982,66.97247706422019,0.09165841596161729,0.13228000631703954,49.224806201550386,0.3214424378569824,,,,,,,,,,,,,,,,,,,,,,,,,,,,,,,,,,,,,,,,,,,,,,,,,,,,,,
GPT4TS Hybrid,VCB,20,0.3017979457097895,0.03482343629002571,0.11765910685062408,0.060028620064258575,88.07339449541286,11.926605504587156,0.29140009248957915,0.04716556519269943,0.1460021287202835,0.03105270490050316,55.04587155963303,44.95412844036697,0.25499315691344876,0.11848872154951096,0.29597795009613037,0.26830559968948364,69.72477064220183,30.275229357798167,0.20275657295304186,0.17104341089725494,0.3519012928009033,0.12039139121770859,41.284403669724774,58.71559633027523,0.16467639277963078,0.16340717673301697,0.35402733087539673,-0.0849028006196022,30.275229357798167,69.72477064220183,0.1512575955951915,0.24985049664974213,0.38725078105926514,-0.049826979637145996,33.94495412844037,66.05504587155964,0.13591894364970572,0.2815008759498596,0.34937429428100586,0.37543433904647827,75.22935779816514,24.770642201834864,0.12354612810646787,0.2962844967842102,0.2962844967842102,0.32878831028938293,76.14678899082568,23.853211009174313,0.1140704718144501,0.2760493755340576,0.2760493755340576,0.1497497260570526,57.798165137614674,42.201834862385326,0.10105755026726161,0.2822490930557251,0.2822490930557251,0.23016661405563354,64.22018348623854,35.77981651376147,0.09526687181171249,0.2654174566268921,0.2654174566268921,0.3080301880836487,75.22935779816514,24.770642201834864,,,,,,,,,,,,,,,,,,,,,,,,,,,,,,,0.11765910685062408,0.09526687181171249,0.2654174566268921,0.2654174566268921,0.3080301880836487,75.22935779816514,24.770642201834864,0.06413634605717906,0.08682227318645593,49.42528735632184,0.7786320590570786,,,,,,,,,,,,,,,,,,,,,,,,,,,,,,,,,,,,,,,,,,,,,,,,,,,,,,
GPT4TS Hybrid,CTG,20,0.324967697262764,0.1738806515932083,0.34179943799972534,0.3524191975593567,95.41284403669725,4.587155963302752,0.3057824662503074,0.16372336447238922,0.3215886950492859,0.323188453912735,81.65137614678899,18.34862385321101,0.266499041196178,0.20043134689331055,0.39278993010520935,0.23727257549762726,72.47706422018348,27.522935779816514,0.23798544967875762,0.22748053073883057,0.4377170205116272,0.12387587130069733,68.80733944954129,31.19266055045872,0.19489415997968002,0.21396580338478088,0.43296778202056885,0.2856297492980957,76.14678899082568,23.853211009174313,0.16746138364953153,0.2791178226470947,0.3953716456890106,0.0917891338467598,66.97247706422019,33.02752293577982,0.16778740637442646,0.34729868173599243,0.419583261013031,0.40589940547943115,78.89908256880734,21.100917431192663,0.1443600205375868,0.44228440523147583,0.44228440523147583,0.3835894465446472,73.39449541284404,26.605504587155966,0.1205070031916394,0.5010150671005249,0.5010150671005249,0.32639235258102417,71.55963302752293,28.440366972477065,0.11183688241769285,0.42656606435775757,0.42656606435775757,0.2620132267475128,72.47706422018348,27.522935779816514,0.09381054440403686,0.4720543920993805,0.4720543920993805,0.3134133815765381,71.55963302752293,28.440366972477065,0.0959337387672242,0.4248620867729187,0.4248620867729187,0.3473893702030182,73.39449541284404,26.605504587155966,,,,,,,,,,,,,,,,,,,,,,,,,0.3215886950492859,0.0959337387672242,0.4248620867729187,0.4248620867729187,0.3473893702030182,73.39449541284404,26.605504587155966,0.055384948566549484,0.07388076582310212,69.53125,1.5486368822952312,,,,,,,,,,,,,,,,,,,,,,,,,,,,,,,,,,,,,,,,,,,,,,,,,,,,,,
GPT4TS Hybrid,ACB,20,0.31316400845261183,0.11942385882139206,0.2575721740722656,0.2532903254032135,100.0,0.0,0.2928300727816189,0.09035725891590118,0.1851595789194107,0.1635848432779312,74.31192660550458,25.688073394495415,0.23657603649532094,0.0879308357834816,0.1638661026954651,-0.05552128702402115,30.275229357798167,69.72477064220183,0.17779521512634613,0.1358308345079422,0.2614322304725647,-0.08697742223739624,33.02752293577982,66.97247706422019,0.16187394826727755,0.14231982827186584,0.2739255130290985,-0.10199949145317078,33.02752293577982,66.97247706422019,0.1590675301849842,0.13382749259471893,0.193019837141037,-0.025543544441461563,38.53211009174312,61.46788990825688,0.1481945703134817,0.21453942358493805,0.25516313314437866,-0.03832536190748215,36.69724770642202,63.30275229357798,0.12530580929973545,0.3718020021915436,0.3718020021915436,-0.027831001207232475,35.77981651376147,64.22018348623854,0.11606139426722246,0.2789781093597412,0.2789781093597412,-0.13603678345680237,33.02752293577982,66.97247706422019,0.0993289648938705,0.3018571138381958,0.3018571138381958,-0.009778736159205437,38.53211009174312,61.46788990825688,0.09167056596454452,0.283476859331131,0.283476859331131,-0.08641370385885239,33.94495412844037,66.05504587155964,0.0823886235628058,0.3054899573326111,0.3054899573326111,-0.08761727809906006,34.862385321100916,65.13761467889908,0.07828918625326718,0.3193154036998749,0.3193154036998749,-0.047459542751312256,36.69724770642202,63.30275229357798,,,,,,,,,,,,,,,,,,,0.1638661026954651,0.07828918625326718,0.3193154036998749,0.3193154036998749,-0.047459542751312256,36.69724770642202,63.30275229357798,0.05751829473232811,0.07331775240613779,41.86046511627907,-0.2367659739774341,,,,,,,,,,,,,,,,,,,,,,,,,,,,,,,,,,,,,,,,,,,,,,,,,,,,,,
GPT4TS Hybrid,BID,20,0.31498319962445426,0.07137054204940796,0.14420032501220703,-0.032877303659915924,38.53211009174312,61.46788990825688,0.27588452004334507,0.08721236884593964,0.2009708285331726,-0.15421439707279205,21.100917431192663,78.89908256880734,0.23486468327396057,0.15499749779701233,0.338320791721344,-0.22657236456871033,25.688073394495415,74.31192660550458,0.20005344687139287,0.15880993008613586,0.33678585290908813,-0.022447999566793442,43.11926605504588,56.88073394495413,0.1753923906122937,0.22851872444152832,0.44996732473373413,0.10829319059848785,54.12844036697248,45.87155963302752,0.15785329547875068,0.2647915482521057,0.39482682943344116,0.041861642152071,44.95412844036697,55.04587155963303,0.14491628986947677,0.4113502502441406,0.4938734173774719,0.004848293028771877,51.37614678899083,48.62385321100918,0.1338608244105297,0.5088497996330261,0.5088497996330261,0.1223456934094429,61.46788990825688,38.53211009174312,0.11613462854395895,0.5341837406158447,0.5341837406158447,0.1269032210111618,54.12844036697248,45.87155963302752,0.11733506137833875,0.4638715982437134,0.4638715982437134,0.08367010205984116,53.21100917431193,46.788990825688074,0.0976671521716258,0.5662856101989746,0.5662856101989746,0.08262608200311661,53.21100917431193,46.788990825688074,,,,,,,,,,,,,,,,,,,,,,,,,,,,,,,0.14420032501220703,0.0976671521716258,0.5662856101989746,0.5662856101989746,0.08262608200311661,53.21100917431193,46.788990825688074,0.07042536552573901,0.10367025938852759,63.306451612903224,1.5619753912838195,,,,,,,,,,,,,,,,,,,,,,,,,,,,,,,,,,,,,,,,,,,,,,,,,,,,,,
GPT4TS Hybrid,TCB,20,0.2717598080635071,0.13961432874202728,0.2575867474079132,-0.17507341504096985,29.357798165137616,70.64220183486239,0.2552616149187088,0.13658061623573303,0.28620094060897827,0.11432477831840515,71.55963302752293,28.440366972477065,0.221755008048871,0.15562623739242554,0.32374370098114014,0.16567710041999817,66.05504587155964,33.94495412844037,0.19385268473449876,0.17025871574878693,0.33908534049987793,-0.10936897993087769,46.788990825688074,53.21100917431193,0.17431229133816326,0.17616981267929077,0.381666898727417,0.254351407289505,79.81651376146789,20.18348623853211,0.15596826549838572,0.22006261348724365,0.3380482494831085,0.10256095975637436,57.798165137614674,42.201834862385326,0.1497445875669227,0.2890694737434387,0.3482455611228943,0.011486297473311424,55.04587155963303,44.95412844036697,0.13908123224973679,0.37367552518844604,0.37367552518844604,0.07753679156303406,56.88073394495413,43.11926605504588,0.12302250743788831,0.3168690800666809,0.3168690800666809,0.07910364121198654,55.96330275229357,44.03669724770643,0.12293310989351834,0.4114707112312317,0.4114707112312317,-0.14978553354740143,44.03669724770643,55.96330275229357,0.11386939861318644,0.3588559031486511,0.3588559031486511,0.05572119727730751,57.798165137614674,42.201834862385326,,,,,,,,,,,,,,,,,,,,,,,,,,,,,,,0.2575867474079132,0.11386939861318644,0.3588559031486511,0.3588559031486511,0.05572119727730751,57.798165137614674,42.201834862385326,0.07854013126585471,0.09742721837992951,46.30350194552529,0.18296955191129402,,,,,,,,,,,,,,,,,,,,,,,,,,,,,,,,,,,,,,,,,,,,,,,,,,,,,,
GPT4TS Hybrid,MBB,20,0.3227033720296972,0.10938582569360733,0.228984534740448,0.18189994990825653,82.56880733944955,17.431192660550458,0.28619447175194235,0.16812770068645477,0.3582156300544739,0.3416138291358948,78.89908256880734,21.100917431192663,0.24348395317792892,0.1512015014886856,0.32593363523483276,0.20284965634346008,77.98165137614679,22.018348623853214,0.1902187111623147,0.2832544445991516,0.5872869491577148,0.5635024905204773,86.23853211009175,13.761467889908257,0.16371656296884313,0.24248217046260834,0.4794963598251343,0.34345951676368713,72.47706422018348,27.522935779816514,0.1433547340771731,0.34847378730773926,0.5268816947937012,0.5851891040802002,92.66055045871559,7.339449541284404,0.125319450874539,0.41042473912239075,0.49236223101615906,0.350835382938385,77.06422018348624,22.93577981651376,0.1394660739118562,0.5473209619522095,0.5473209619522095,0.4963936507701874,81.65137614678899,18.34862385321101,0.10761358293102068,0.4402158856391907,0.4402158856391907,0.4115287959575653,81.65137614678899,18.34862385321101,0.10043536214267507,0.4177151620388031,0.4177151620388031,0.3462069034576416,77.98165137614679,22.018348623853214,0.09440403716529117,0.4959772229194641,0.4959772229194641,0.49149829149246216,80.73394495412845,19.26605504587156,,,,,,,,,,,,,,,,,,,,,,,,,,,,,,,0.228984534740448,0.09440403716529117,0.4959772229194641,0.4959772229194641,0.49149829149246216,80.73394495412845,19.26605504587156,0.0649160684929785,0.08854689332275396,60.67415730337079,1.2724921924585701,,,,,,,,,,,,,,,,,,,,,,,,,,,,,,,,,,,,,,,,,,,,,,,,,,,,,,
GPT4TS Hybrid,VPB,20,0.28470926468863206,0.10975249111652374,0.21577130258083344,0.17599977552890778,88.07339449541286,11.926605504587156,0.26455504973145094,0.1128019392490387,0.2184247374534607,-0.09771215170621872,30.275229357798167,69.72477064220183,0.23372531309723854,0.16315701603889465,0.3484611511230469,0.16574639081954956,66.97247706422019,33.02752293577982,0.1936332735726062,0.2083761841058731,0.42539963126182556,-0.06949937343597412,43.11926605504588,56.88073394495413,0.162114836713847,0.14396914839744568,0.26022887229919434,-0.14668308198451996,36.69724770642202,63.30275229357798,0.14576900553177385,0.2843805253505707,0.42408663034439087,-0.17896221578121185,39.44954128440367,60.550458715596335,0.12781738402212367,0.37141451239585876,0.4501205384731293,-0.024274423718452454,42.201834862385326,57.798165137614674,0.12498904676998362,0.41700488328933716,0.41700488328933716,-0.15913330018520355,33.94495412844037,66.05504587155964,0.11806872487068176,0.4260871410369873,0.4260871410369873,-0.012925367802381516,39.44954128440367,60.550458715596335,0.1014672464088482,0.3602466583251953,0.3602466583251953,-0.3316812515258789,28.440366972477065,71.55963302752293,0.09234089459128239,0.3650086522102356,0.3650086522102356,-0.10685355216264725,37.61467889908257,62.38532110091744,,,,,,,,,,,,,,,,,,,,,,,,,,,,,,,0.21577130258083344,0.09234089459128239,0.3650086522102356,0.3650086522102356,-0.10685355216264725,37.61467889908257,62.38532110091744,0.09416106745977124,0.13123763611584616,53.875968992248055,0.7277376585679716,,,,,,,,,,,,,,,,,,,,,,,,,,,,,,,,,,,,,,,,,,,,,,,,,,,,,,
